firm,contact_name,phone,email,website,address,state,metro,rating,reviews
"Alabama Personal Injury Lawyers, LLC",,(205) 855-2745,,http://www.alabamapersonalinjurylawyers.com/?utm_source=GMBlisting&utm_medium=organic,"1100 23rd St S, Birmingham, AL 35205, USA",AL,"Birmingham, AL",5,240
Morris Bart Personal Injury Lawyers,,(205) 380-4158,,https://www.morrisbart.com/location/birmingham/,"1914 4th Ave N Ste 420, Birmingham, AL 35203, USA",AL,"Birmingham, AL",4.9,1193
"Collins Law, LLC",,(205) 588-1411,,https://www.acollinslaw.com/?utm_source=local&utm_medium=organic&utm_campaign=birminghamgmb,"3305 Oakhill Dr, Birmingham, AL 35216, USA",AL,"Birmingham, AL",5,234
"Farris, Riley & Pitt, LLP",,(205) 407-1808,,https://www.frplegal.com/?utm_source=GMB&utm_medium=organic&utm_campaign=Birmingham,"1728 3rd Ave N Fifth Floor, Birmingham, AL 35203, USA",AL,"Birmingham, AL",4.8,484
"Guster Law Firm, LLC",,(205) 581-9777,,https://injury.gusterlawfirm.com/,"9964 Parkway E, Birmingham, AL 35215, USA",AL,"Birmingham, AL",4.9,1859
"Belt, Bruner & Barnett Personal Injury Lawyers Birmingham",,(659) 300-5233,,https://www.alabamainjurylawyer.com/?utm_campaign=gmb,"880 Montclair Rd Ste 300, Birmingham, AL 35213, USA",AL,"Birmingham, AL",4.9,174
Fob James Law Firm,,(205) 407-6009,,https://callfob.com/,"2226 1st Ave S Ste 105, Birmingham, AL 35233, USA",AL,"Birmingham, AL",4.9,80
Monge & Associates Injury and Accident Attorneys,,(205) 851-1912,,https://www.becauseyouwanttowin.com/birmingham-al-personal-injury-lawyer/,"1117 22nd St S #202, Birmingham, AL 35205, USA",AL,"Birmingham, AL",4.9,273
Wettermark Keith Personal Injury Lawyers,,(205) 809-7949,,https://wkfirm.com/practice-areas/birmingham/?utm_source=google&utm_medium=organic&utm_campaign=gbp-listing-birmingham,"100 Grandview Pl Ste 530, Birmingham, AL 35243, USA",AL,"Birmingham, AL",4.8,1888
"Heninger Garrison Davis, LLC",,(659) 222-4880,,https://www.hgdlawfirm.com/?utm_source=google&utm_medium=organic&utm_campaign=gbp-listing-birmingham,"2224 1st Ave N, Birmingham, AL 35203, USA",AL,"Birmingham, AL",4.9,910
Norris Injury Lawyers,,(800) 477-7510,,https://www.norrisinjurylawyers.com/?utm_source=google&utm_medium=organic&utm_campaign=local,"201 Vulcan Rd, Birmingham, AL 35209, USA",AL,"Birmingham, AL",4.8,890
"Pittman, Dutton, Hellums, Bradley & Mann, P.C.",,(205) 322-8880,,https://www.pittmandutton.com/?utm_source=local&utm_medium=organic&utm_campaign=gmb,"2001 Park Pl #1100, Birmingham, AL 35203, USA",AL,"Birmingham, AL",4.9,105
Drake Injury Lawyers,,(205) 970-0800,,https://www.drakeinjurylawyers.com/birmingham-personal-injury-lawyer/?utm_campaign=gmb,"2 Perimeter Park S #510e, Birmingham, AL 35243, USA",AL,"Birmingham, AL",4.9,136
"Hollis, Wright & Clay, P.C.",,(205) 557-5085,,http://www.hollis-wright.com/?utm_campaign=gmb,"2201 Morris Ave, Birmingham, AL 35203, USA",AL,"Birmingham, AL",4.8,251
Shaun Capps Injury Law,,(205) 955-5555,,http://www.cappsinjurylaw.com/,"2201 4th Ave N Ste. 403, Birmingham, AL 35203, USA",AL,"Birmingham, AL",5,112
Morris Haynes Attorneys at Law,,(205) 324-4008,,https://www.mhhlaw.net/birmingham-personal-injury-attorneys/,"3500 Blue Lake Dr, Birmingham, AL 35243, USA",AL,"Birmingham, AL",4.9,97
"Marsh, Rickard & Bryan",,(205) 927-0222,,https://www.mrblaw.com/,"2222 Arlington Ave S Ste 210, Birmingham, AL 35205, USA",AL,"Birmingham, AL",4.8,75
Alexander Shunnarah Trial Attorneys,,(205) 852-8998,,https://shunnarah.com/location/birmingham/,"2201 4th Ave N, Birmingham, AL 35203, USA",AL,"Birmingham, AL",4.5,3045
Cory Watson Attorneys,,(205) 891-9443,,https://www.corywatson.com/?utm_source=gbp&utm_medium=birmingham,"2131 Magnolia Ave S, Birmingham, AL 35205, USA",AL,"Birmingham, AL",4.9,362
Law Tigers,,(205) 509-5952,,https://lawtigers.com/locations/alabama/birmingham/motorcycle-accident-lawyer/,"2101 Highland Ave Suite 210, Birmingham, AL 35205, USA",AL,"Birmingham, AL",4.9,182
TopDog Law Personal Injury Lawyers,,(205) 539-0893,,https://topdoglaw.com/locations/birmingham-al/personal-injury-lawyer/?utm_source=google&utm_medium=organic&utm_campaign=GMB-22nd-Birmingham-AL,"950 22nd St N #600, Birmingham, AL 35203, USA",AL,"Birmingham, AL",4.9,108
"Lewis & Feldman, LLC",,(205) 254-6060,,https://www.alabamapersonalinjury.com/?utm_source=Google+My+Business&utm_medium=Organic,"2112 11th Ave S #542, Birmingham, AL 35205, USA",AL,"Birmingham, AL",4.9,175
"Goldasich, Vick & Fulk",,(205) 731-2566,,https://www.golaw.net/,"2100 3rd Ave N #400, Birmingham, AL 35203, USA",AL,"Birmingham, AL",4.8,57
"The Mitchell Law Firm, LLC",,(205) 942-0249,,https://www.mitchell-lawfirm.com/,"2828 Old 280 Ct Ste 130, Birmingham, AL 35243, USA",AL,"Birmingham, AL",5,54
"Montgomery Law Firm, LLC",,(205) 548-0105,,https://lukemontgomeryinjurylaw.com/,"2226 1st Ave S Ste 105, Birmingham, AL 35233, USA",AL,"Birmingham, AL",4.9,69
Morgan & Morgan,,(205) 517-6900,,https://www.forthepeople.com/office-locations/alabama/birmingham/?utm_source=GMB&utm_medium=local&utm_campaign=BirminghamALGMB,"216 Summit Blvd #300, Birmingham, AL 35243, USA",AL,"Birmingham, AL",4.7,2824
Mezrano® Law Firm,,(205) 255-9118,,https://mezrano.com/birmingham/?utm_source=google&utm_medium=organic&utm_campaign=gbp_listing_birmingham_2,"2119 3rd Ave N, Birmingham, AL 35203, USA",AL,"Birmingham, AL",5,85
Greene & Phillips Injury Lawyers,,(205) 918-7800,,https://www.greenephillips.com/,"301 20th St N, Birmingham, AL 35203, USA",AL,"Birmingham, AL",5,21
Howe.Law Injury & Accident Lawyers,,(205) 772-5439,,https://howe.law/alabama/birmingham/,"2008 3rd Ave N Unit 1A, Birmingham, AL 35203, USA",AL,"Birmingham, AL",5,16
"Henry C. Dailey, Jr., P.C.",,(205) 995-2412,,https://www.henrydaileylawfirm.com/,"2217 Cahaba Valley Dr, Birmingham, AL 35242, USA",AL,"Birmingham, AL",5,64
"Turnbull, Moak & Pendergrass, PC",,(205) 831-5040,,https://www.turnbulllawfirm.com/?utm_campaign=gmb&utm_medium=organic&utm_source=gmb,"2501 20th Pl S #425, Birmingham, AL 35223, USA",AL,"Birmingham, AL",5,120
Bodewell Injury Group,,(205) 533-7878,,https://bodewell-law.com/,"1286 Oak Grove Rd Ste 200, Birmingham, AL 35209, USA",AL,"Birmingham, AL",5,70
Jay Pickering Law Firm,,(205) 974-8274,,http://jaypickeringlaw.com/,"1728 3rd Ave N Fl 5, Birmingham, AL 35203, USA",AL,"Birmingham, AL",5,18
Singleton Schreiber,,(659) 219-7355,,https://www.singletonschreiber.com/birmingham-personal-injury-attorney?utm_source=google&utm_medium=organic&utm_campaign=gmb,"2025 3rd Ave N #500, Birmingham, AL 35203, USA",AL,"Birmingham, AL",5,13
"Ifediba Law Group, P.C.",,(205) 933-1515,,https://www.ifediba.com/,"1220 16th St S, Birmingham, AL 35205, USA",AL,"Birmingham, AL",4.7,63
The Nomberg Law Firm,,(205) 930-6900,,http://www.nomberglaw.com/?utm_source=GoogleMyBusiness&utm_medium=Info&utm_campaign=GMBG,"3940 Montclair Rd #401, Birmingham, AL 35213, USA",AL,"Birmingham, AL",4.9,360
Buck Frank S PC,,(205) 933-7533,,https://www.frankbuckpc.com/,"2160 14th Ave S, Birmingham, AL 35205, USA",AL,"Birmingham, AL",4.9,89
Mezrano Alabama Injury Lawyers,,(205) 622-9629,,https://mezrano.com/birmingham/?utm_source=google&utm_medium=organic&utm_campaign=gbp_listing_birmingham,"31 Inverness Center Pkwy Ste 350, Birmingham, AL 35242, USA",AL,"Birmingham, AL",4.8,456
"Simmons Law, LLC",,(251) 802-1716,,https://www.simmonslawllc.com/,"1905 14th Ave S, Birmingham, AL 35205, USA",AL,"Birmingham, AL",5,118
"DeGaris Law, LLC",,(205) 575-8000,,https://degarislaw.com/,"2 20th St N #1030, Birmingham, AL 35203, USA",AL,"Birmingham, AL",4.8,42
"Shuttlesworth Law Firm, P.C.",,(205) 322-1411,,https://shuttlesworthlasseter.com/,"201 Vulcan Rd Ste 210, Birmingham, AL 35209, USA",AL,"Birmingham, AL",4.8,33
"Burge & Burge, PC",,(205) 251-9000,,https://www.burge-law.com/,"2001 Park Pl #1350, Birmingham, AL 35203, USA",AL,"Birmingham, AL",4.9,7
"Gorham & Associates, LLC",,(205) 943-9339,,http://gorhamandassociates.com/,"517 Beacon Pkwy W, Birmingham, AL 35209, USA",AL,"Birmingham, AL",5,29
"Patrick Marshall Law, LLC",,(205) 718-7714,,http://www.patrickmarshalllaw.com/,"2025 3rd Ave N Ste 325, Birmingham, AL 35203, USA",AL,"Birmingham, AL",5,38
CR Legal Team,,(205) 930-9091,,https://www.crlegalteam.com/birmingham-al/personal-injury-lawyer/,"3535 Grandview Pkwy #222, Birmingham, AL 35243, USA",AL,"Birmingham, AL",4.8,25
Maxwell Tillman,,(205) 216-3304,,http://mxlawfirm.com/,"1820 3rd Ave N #300, Birmingham, AL 35203, USA",AL,"Birmingham, AL",4.7,516
Abogados Centro Legal: Accidentes & inmigración,,(205) 940-2233,,https://abogadoscentrolegal.com/,"3501 Lorna Rd, Hoover, AL 35216, USA",AL,"Birmingham, AL",4.9,602
"Pepper & Odom, P.C.",,(205) 250-1107,,https://pepperodom.com/,"1929 3rd Ave N Ste 600, Birmingham, AL 35203, USA",AL,"Birmingham, AL",4.9,74
"Sellers Law Group, LLC",,(205) 598-8869,,http://www.sellerslawgroup.com/,"420 20th St N Ste 2200, Birmingham, AL 35203, USA",AL,"Birmingham, AL",5,82
Glenda Cochran Associates,,(205) 328-5050,,https://glendacochran.com/about-us/?utm_source=gmb&utm_medium=organic,"310 Richard Arrington Jr Blvd N Suite 500, Birmingham, AL 35203, USA",AL,"Birmingham, AL",5,16
Barber and Associates LLC - Car Accident & Personal Injury Attorney Anchorage,,(907) 276-5858,,https://www.alaskainjury.com/,"540 E 5th Ave, Anchorage, AK 99501, USA",AK,"Anchorage, AK",4.8,55
Farnsworth & Vance Personal Injury Lawyers Anchorage,,(907) 416-9064,,https://www.injuryak.com/?utm_source=gbp&utm_medium=organic&utm_campaign=gbp-anchorage,"2525 Gambell St #410, Anchorage, AK 99503, USA",AK,"Anchorage, AK",4.9,173
Crowson Law Group,,(907) 931-9397,,https://www.crowsonlaw.com/?utm_source=google&utm_medium=organic&utm_campaign=gbp_anchorage,"637 A St, Anchorage, AK 99501, USA",AK,"Anchorage, AK",4.9,436
"Law Office of Jason Skala, LLC",,(907) 569-6633,,https://www.907attorney.com/?utm_source=google-local&utm_medium=organic&utm_campaign=3296,"800 E Dimond Blvd Ste 3-305, Anchorage, AK 99515, USA",AK,"Anchorage, AK",4.9,70
Power & Power Law,,(907) 222-9990,,http://akpowerlaw.com/,"12651 Old Seward Hwy, Anchorage, AK 99515, USA",AK,"Anchorage, AK",4.8,20
Kelley and Canterbury,,(907) 276-8185,,https://www.kelleyandcanterbury.com/,"821 N St Ste 205, Anchorage, AK 99501, USA",AK,"Anchorage, AK",4.9,52
"Johnson Law, PC",,(907) 277-3090,,https://www.alaskainjuryclaims.com/,"912 W 6th Ave, Anchorage, AK 99501, USA",AK,"Anchorage, AK",5,40
"Schlehofer Law Offices, P.C",,(907) 344-3434,,http://gettheoffer.com/,"2900 Boniface Pkwy #200, Anchorage, AK 99504, USA",AK,"Anchorage, AK",4.6,112
"Pentlarge Law Group, LLC",,(907) 276-1919,,https://www.pentlargelaw.com/?utm_source=google&utm_medium=local&utm_campaign=gmb,"1400 W Benson Blvd Ste 550, Anchorage, AK 99503, USA",AK,"Anchorage, AK",4.3,39
Strong Law Accident & Injury Attorneys,,(907) 290-7541,,https://www.stronglawattorneys.com/services/alaska-personal-injury-lawyer?utm_source=gbp&utm_medium=organic&utm_campaign=anchorage-ak,"3001 Porcupine Dr, Anchorage, AK 99501, USA",AK,"Anchorage, AK",5,1
"Libbey Law Offices, LLC",,(866) 515-6220,,https://www.libbeylaw.com/?utm_source=GBP&utm_medium=GBP&utm_campaign=GBP_Anchorage&utm_id=GBP_Anchorage,"604 W 2nd Ave, Anchorage, AK 99501, USA",AK,"Anchorage, AK",4.9,35
Farnsworth & Vance,,(907) 290-8980,,https://www.injuryak.com/,"911 W 8th Ave Ste 210, Anchorage, AK 99501, USA",AK,"Anchorage, AK",5,14
Stone Law,,(907) 276-4190,,https://www.stonelawalaska.com/,"104 W 5th Ave Ste 200, Anchorage, AK 99501, USA",AK,"Anchorage, AK",5,1
The Law Offices of David Henderson,,(907) 312-5630,,https://www.henderson-law.com/,"3003 Minnesota Dr #203, Anchorage, AK 99503, USA",AK,"Anchorage, AK",5,1
"Michael J. Schneider, Attorney at Law",,(907) 277-9306,,https://www.aktriallaw.com/,"880 N St Ste 202, Anchorage, AK 99501, USA",AK,"Anchorage, AK",4.7,14
The Brown Law Firm,,(907) 222-9900,,https://browninjurylawfirm.com/?utm_source=google&utm_medium=organic&utm_campaign=GBP_Anchorage,"721 Depot Dr, Anchorage, AK 99501, USA",AK,"Anchorage, AK",5,10
Monge & Associates Injury and Accident Attorneys,,(907) 312-1942,,https://www.becauseyouwanttowin.com/anchorage-personal-injury-lawyer/,"205 E Benson Blvd suite 314, Anchorage, AK 99503, USA",AK,"Anchorage, AK",,
Robert Stone Law Office LLC,,(907) 276-4190,,https://www.stonelawalaska.com/areas-of-practice//?utm_source=gmb&utm_medium=organic&utm_campaign=website-anchorage,"104 W 5th Ave Ste 200, Anchorage, AK 99501, USA",AK,"Anchorage, AK",4.4,8
Goldberg & Loren,,(907) 560-0426,,https://goldbergloren.com/locations/anchorage-ak/personal-injury-lawyer/,"4300 B St #215b, Anchorage, AK 99503, USA",AK,"Anchorage, AK",5,11
Honeycutt Law,,(907) 277-8000,,https://www.honeycuttlaw.com/,"12350 Industry Way #208, Anchorage, AK 99515, USA",AK,"Anchorage, AK",5,31
Lowe Law Group,,(907) 891-7934,,https://www.lowelawgroup.com/,"317 E Benson Blvd #317, Anchorage, AK 99503, USA",AK,"Anchorage, AK",5,12
Crowson Law Group,,(907) 318-9467,,https://www.crowsonlaw-wasilla.com/?utm_source=google&utm_medium=organic&utm_campaign=gbp_wasilla,"850 Roberts St Ste 500, Wasilla, AK 99654, USA",AK,"Anchorage, AK",4.7,72
"Barber & Associates, LLC - Car Accident & Personal Injury Attorney Wasilla AK",,(907) 276-5858,,https://alaskainjury.com/personal-injury-lawyer-in-wasilla/,"1590 Financial Dr, Wasilla, AK 99654, USA",AK,"Anchorage, AK",5,2
The Law Offices of David Henderson,,(888) 295-6566,,https://www.henderson-law.com/?utm_source=GMB&utm_medium=organic&utm_campaign=anchorage,"3003 Minnesota Dr #203, Anchorage, AK 99503, USA",AK,"Anchorage, AK",4.3,16
Hughes Mathews Legal Group,,(888) 386-2401,,https://hughesmathews.com/anchorage-ak-personal-injury-car-accident-workers-comp-lawyers/,"2401 E 42nd Ave Ste 106, Anchorage, AK 99508, USA",AK,"Anchorage, AK",5,4
Jeffrey Vance,,(907) 416-9064,,https://www.injuryak.com/?utm_source=gbp&utm_medium=organic&utm_campaign=gbp-website-jeffrey-vance,"2525 Gambell St #410, Anchorage, AK 99503, USA",AK,"Anchorage, AK",5,10
Eric Derleth Trial Lawyer,,(907) 262-9164,,https://www.trialguy.com/,"805 W 3rd Ave, Anchorage, AK 99501, USA",AK,"Anchorage, AK",5,79
"Banker Law Group, PC",,(907) 222-2999,,https://www.bankerlaw.com/?utm_source=GMB&utm_medium=organic,"4803 Spenard Rd, Anchorage, AK 99517, USA",AK,"Anchorage, AK",4.7,15
"Sandberg & Pace, LLC",,(907) 222-4003,,http://www.sandbergpace.com/,"101 E 9th Ave #7a, Anchorage, AK 99501, USA",AK,"Anchorage, AK",5,4
Law Offices of Elliott T. Dennis,,(907) 929-4890,,https://anchorageaccidentattorney.org/,"1503 W 31st Ave #201, Anchorage, AK 99503, USA",AK,"Anchorage, AK",4.7,12
Atkinson Conway & Gagnon Inc,,(907) 276-1700,,http://www.acglaw.com/,"420 L St #500, Anchorage, AK 99501, USA",AK,"Anchorage, AK",,
"Law Office of Evan Barrickman, P.C.",,(907) 770-9000,,http://barrickmanlaw.com/,"471 W 36th Ave Ste 202, Anchorage, AK 99503, USA",AK,"Anchorage, AK",4.9,104
Hazelton Law Group LLC,,(907) 561-5200,,,"1007 W 3rd Ave #200, Anchorage, AK 99501, USA",AK,"Anchorage, AK",5,1
Rosano Law,,(907) 531-7626,,https://www.weidnerjustice.com/,"738 H St, Anchorage, AK 99501, USA",AK,"Anchorage, AK",,
"Law Office of Kenneth A. Norsworthy, LLC",,(907) 279-1000,,,"711 H St Unit 410, Anchorage, AK 99501, USA",AK,"Anchorage, AK",4.5,2
"Cusack Law, LLC",,(907) 903-4428,,http://cusacklawak.com/,"2665 E Tudor Rd #202, Anchorage, AK 99507, USA",AK,"Anchorage, AK",3.4,5
Kapolchok Law Offices,,(907) 278-8850,,http://www.kapolchok.com/,"1007 W 3rd Ave #200, Anchorage, AK 99501, USA",AK,"Anchorage, AK",3.4,5
Charles W Coe Law Offices,,(907) 276-6173,,https://member.alaskabar.org/cvweb/cgi-bin/memberdll.dll/Info?WRP=Customer_Profile.htm&CUSTOMERCD=1647,"810 W 2nd Ave, Anchorage, AK 99501, USA",AK,"Anchorage, AK",3,4
Weeks Firm,,(907) 290-5000,,,"441 W 5th Ave #300, Anchorage, AK 99501, USA",AK,"Anchorage, AK",5,1
Phillip Paul Weidner & Associates,,(907) 276-1200,,https://www.weidnerjustice.com/,"431 W 7th Ave Ste 101, Anchorage, AK 99501, USA",AK,"Anchorage, AK",4.7,18
Farnsworth & Vance Personal Injury Lawyers Eagle River,,(907) 999-9999,,https://www.injuryak.com/?utm_source=gbp&utm_medium=organic&utm_campaign=gbp-eagle-river,"20522 Driftwood Bay Dr, Eagle River, AK 99577, USA",AK,"Anchorage, AK",5,14
Law Office of J. Mitchell Joyner,,(907) 274-5646,,http://joynerlawak.com/,"810 W 2nd Ave, Anchorage, AK 99501, USA",AK,"Anchorage, AK",4.3,18
Richmond & Quinn,,(907) 276-5727,,http://www.richmondquinn.com/,"360 K St #200, Anchorage, AK 99501, USA",AK,"Anchorage, AK",3.7,3
"Carlson Law Group, LLC",,(907) 677-8111,,https://bcarlsonlaw.com/,"705 W 2nd Ave Ste 106, Anchorage, AK 99501, USA",AK,"Anchorage, AK",4.6,82
Choquette & Farleigh LLC,,(907) 274-4626,,,"629 L St #101, Anchorage, AK 99501, USA",AK,"Anchorage, AK",5,3
Law Offices of Curtis W. Martin,,(907) 746-9800,,https://curtmartinlaw.com/?utm_source=GBP&utm_medium=organic,"263 S Alaska St, Palmer, AK 99645, USA",AK,"Anchorage, AK",4.9,12
Morgan & Morgan,,(907) 531-0511,,https://www.forthepeople.com/office-locations/alaska/anchorage/?utm_source=GMB&utm_medium=local&utm_campaign=AnchorageAKGMB,"1577 C St Ste 204-M, Anchorage, AK 99501, USA",AK,"Anchorage, AK",4.6,10
Injury At Sea - ANC,,(907) 290-5448,,https://injuryatsea.com/,"721 Depot Dr Ste 134, Anchorage, AK 99501, USA",AK,"Anchorage, AK",,
Walther Law Offices,,(907) 334-8228,,http://www.lawalaska.com/,"1029 W 3rd Ave #510, Anchorage, AK 99501, USA",AK,"Anchorage, AK",,
"Ben Whipple, Attorney",,(907) 745-1776,,http://benwhippleattorney.com/,"1150 S Colony Way, Palmer, AK 99645, USA",AK,"Anchorage, AK",4.2,5
Accident Attorney of Arkansas,,(501) 372-1708,,http://www.accidentattorneyofarkansas.com/,"6315 Ranch Dr Ste 102A, Little Rock, AR 72223, USA",AR,"Little Rock, AR",5,348
Keith Law Group: Little Rock Injury & Accident Lawyer,,(501) 356-4180,,https://keithlawgroup.com/little-rock-personal-injury-lawyer/,"400 W Capitol Ave Ste 1700 - #657, Little Rock, AR 72201, USA",AR,"Little Rock, AR",5,76
Pfeifer Law Firm: Car Accident Lawyer Little Rock,,(501) 374-4440,,https://www.pfeiferlawfirm.com/,"111 Center St, Little Rock, AR 72201, USA",AR,"Little Rock, AR",4.9,84
"Reed Firm, P.A.",,(501) 777-7333,,https://reedfirm.com/,"1123 S University Ave Ste 250, Little Rock, AR 72204, USA",AR,"Little Rock, AR",5,168
Levar Law Injury & Accident Lawyers,,(888) 220-7068,,https://www.levarlaw.com/?utm_source=gbp&utm_medium=organic&utm_campaign=gbp-website-little-rock,"204 Executive Ct #208, Little Rock, AR 72205, USA",AR,"Little Rock, AR",4.8,268
The Brad Hendricks Law Firm,,(501) 221-0444,,https://www.bradhendricks.com/,"500 Pleasant Valley Dr Ste C, Little Rock, AR 72227, USA",AR,"Little Rock, AR",4.7,461
NST Law Injury Attorneys,,(501) 725-0923,,https://www.nstlaw.com/little-rock/car-accident-lawyers/?utm_source=google&utm_medium=organic&utm_campaign=little-rock-gbp,"4 Shackleford Plaza #211, Little Rock, AR 72211, USA",AR,"Little Rock, AR",4.8,87
McCormick Law Firm,,(501) 500-4444,,https://www.theinjuryattorney.law/office_locations/little-rock-arkansas-car-accident-attorney/,"400 W Capitol Ave Suite 1700, Little Rock, AR 72201, USA",AR,"Little Rock, AR",4.7,143
"Rainwater, Holt & Sexton Injury Lawyers",,(501) 600-0636,,https://www.callrainwater.com/?utm_source=GBP&utm_medium=GBP&utm_campaign=GBP_LittleRock&utm_id=GBP_LittleRock,"801 Technology Dr, Little Rock, AR 72223, USA",AR,"Little Rock, AR",4.8,1215
Bailey & Galyen Attorneys at Law,,(501) 596-6253,,https://www.thetexasattorney.com/little-rock-location/?utm_source=google&utm_medium=organic&utm_campaign=GBP_Little_Rock,"2200 Brookwood Dr #100, Little Rock, AR 72202, USA",AR,"Little Rock, AR",4.9,233
Taylor King Law,,(877) 455-4790,,https://taylorkinglaw.com/location/little-rock-personal-injury-lawyer/?utm_medium=organic&utm_source=gbp,"820 W 3rd St, Little Rock, AR 72201, USA",AR,"Little Rock, AR",4.7,213
"Reddick Law, PLLC",,(501) 943-1456,,https://www.reddicklawfirm.com/?utm_medium=organic&utm_source=gbp_lr,"One Information Way, 1 Information Way #105, Little Rock, AR 72202, USA",AR,"Little Rock, AR",4.9,449
"Mays, Byrd & O'Guinn, PLLC.",,(501) 599-4811,,https://mbolawgroup.com/?utm_source=GBP&utm_medium=GBP&utm_campaign=GBP_Little_Rock&utm_id=GBP_Little_Rock,"212 Center St Ste 700-A, Little Rock, AR 72201, USA",AR,"Little Rock, AR",4.7,232
Monge Associates,,(501) 430-5344,,https://www.becauseyouwanttowin.com/little-rock-personal-injury-lawyer/,"10201 W Markham St Ste 343, Little Rock, AR 72205, USA",AR,"Little Rock, AR",5,51
Gates Law Firm PLLC,,(501) 779-8091,,https://www.gateslawpllc.com/,"2725 Cantrell Rd Ste 200, Little Rock, AR 72202, USA",AR,"Little Rock, AR",5,50
Greer Injury Lawyers,,(501) 213-1512,,https://littlerock.greerinjurylawyers.com/?utm_source=gbp&utm_medium=organic&utm_campaign=gbp-website-littlerock,"415 N McKinley St Ste #250-J, Little Rock, AR 72205, USA",AR,"Little Rock, AR",4.9,32
"Rainwater, Holt & Sexton Injury Lawyers",,(501) 599-4461,,https://www.callrainwater.com/locations/little-rock-corporate-hill/?utm_source=GBP&utm_medium=GBP&utm_campaign=GBP_LittleRock&utm_id=GBP_LittleRock,"17 Corporate Hill Dr, Little Rock, AR 72205, USA",AR,"Little Rock, AR",4.9,119
NST Law Injury Attorneys,,(501) 222-4655,,https://www.nstlaw.com/little-rock/car-accident-lawyers/?utm_source=google&utm_medium=organic&utm_campaign=gbp-littlerock,"425 W Capitol Ave #780, Little Rock, AR 72201, USA",AR,"Little Rock, AR",5,39
Morgan & Morgan,,(870) 203-7044,,https://www.forthepeople.com/office-locations/arkansas/little-rock/?utm_source=GMB&utm_medium=local&utm_campaign=LittleRockARGMB,"400 W Capitol Ave Suite 1700, Little Rock, AR 72201, USA",AR,"Little Rock, AR",4.7,896
McMath Woods,,(501) 530-4320,,https://www.mcmathlaw.com/?utm_source=google&utm_campaign=Little+Rock,"711 W 3rd St, Little Rock, AR 72201, USA",AR,"Little Rock, AR",4.5,45
"Denton, Zachary, and Norwood PLLC",,(501) 426-6096,,https://dznlawfirm.com/?utm_source=google&utm_medium=organic&utm_campaign=gmb-listing-little-rock,"2100 Riverdale Rd #200A, Little Rock, AR 72202, USA",AR,"Little Rock, AR",4.9,224
"Little Rock Trial Attorneys, PLLC",,(501) 239-5979,,https://www.littlerocktriallawyers.com/,"415 N McKinley St #1000, Little Rock, AR 72205, USA",AR,"Little Rock, AR",4.4,20
Daspit Law Firm,,(501) 512-0367,,https://www.daspitlaw.com//?utm_source=GMB&utm_medium=organic&utm_campaign=littlerock,"124 W Capitol Ave #1820, Little Rock, AR 72201, USA",AR,"Little Rock, AR",4.9,54
Cortinez Law Firm,,(501) 372-6000,,https://www.cortinezlaw.com/?npcmp=dir:local:4679883:72207,"2 Van Cir #5, Little Rock, AR 72207, USA",AR,"Little Rock, AR",4.9,23
"Hart Law Firm, L.L.P.",,(501) 978-5444,,http://www.hartlawfirmllp.com/,"415 N McKinley St #330, Little Rock, AR 72205, USA",AR,"Little Rock, AR",5,86
Shamieh Law - Accident & Injury Lawyers,,(501) 361-1334,,https://shamiehlaw.com/?utm_source=google&utm_medium=organic&utm_campaign=gbp-lr,"400 W Capitol Ave #1722, Little Rock, AR 72201, USA",AR,"Little Rock, AR",5,24
Jackson Law Firm,,(501) 430-3596,,https://www.jimjacksonatty.com/,"700 W Broadway St, North Little Rock, AR 72114, USA",AR,"Little Rock, AR",4.7,32
Crockett Law Firm,,(501) 375-1919,,https://crockettlaw.net/?utm_source=google-local&utm_medium=organic&utm_campaign=2942,"13200 W Markham St #103, Little Rock, AR 72211, USA",AR,"Little Rock, AR",4.2,12
Benton Gann Personal Injury Attorney,,(870) 299-0658,,https://www.ganninjurylaw.com/,"2200 Brookwood Dr #100, Little Rock, AR 72202, USA",AR,"Little Rock, AR",5,11
Alexander Shunnarah Trial Attorneys: Accident & Injury Lawyers,,(501) 817-9699,,https://shunnarah.com/locations/arkansas/little-rock/,"116 Ottenheimer Plaza Ste 4, Little Rock, AR 72201, USA",AR,"Little Rock, AR",4.5,110
TopDog Law Personal Injury Lawyers,,(501) 381-5954,,https://topdoglaw.com/locations/little-rock-ar/personal-injury-lawyer/?utm_source=google&utm_medium=organic&utm_campaign=GMB-Shackleford-Little_Rock-AR,"8 Shackleford Plaza Ste 304, Little Rock, AR 72211, USA",AR,"Little Rock, AR",4.8,137
"Taylor & Taylor Law Firm, P.A.",,(501) 246-8004,,https://www.taylorlawfirm.com/,"12921 Cantrell Rd Ste 205, Little Rock, AR 72223, USA",AR,"Little Rock, AR",4.8,116
Carter C Stein,,(501) 396-5409,,http://www.mcmathlaw.com/,"711 W 3rd St, Little Rock, AR 72201, USA",AR,"Little Rock, AR",4,2
"Morris Bart, LLC",,(501) 588-3304,,https://www.morrisbart.com/location/little-rock/,"124 W Capitol Ave #1650, Little Rock, AR 72201, USA",AR,"Little Rock, AR",4.3,13
"Miller & Mallett, P.A",,(501) 999-0206,,https://www.millerandmallett.com/?utm_source=GMBlisting&utm_medium=organic&utm_campaign=little-rock,"1601 Broadway St, Little Rock, AR 72206, USA",AR,"Little Rock, AR",4.3,109
Caddell Reynolds Law Firm,,(501) 727-2977,,https://www.caddellreynolds.com/,"10809 Executive Center Dr Ste 111, Little Rock, AR 72211, USA",AR,"Little Rock, AR",4.9,44
Gillispie Law Firm,,(501) 214-8956,,https://gillispielawfirm.com/,"1 Riverfront Pl #605, North Little Rock, AR 72114, USA",AR,"Little Rock, AR",4.8,100
"Duncan Firm, P.A.",,(501) 228-7600,,https://www.duncanfirm.com/,"809 W 3rd St, Little Rock, AR 72201, USA",AR,"Little Rock, AR",4.3,12
Cook & Cossio,,(501) 255-1500,,https://www.cookandcossio.com/,"6323 Ranch Dr C, Little Rock, AR 72223, USA",AR,"Little Rock, AR",4.8,18
"Rainwater, Holt & Sexton Injury Lawyers",,(501) 406-2053,,https://www.callrainwater.com/locations/bryant/?utm_source=GBP&utm_medium=GBP&utm_campaign=GBP_Bryant&utm_id=GBP_Bryant,"22095 I-30 Frontage Rd #700, Bryant, AR 72022, USA",AR,"Little Rock, AR",4.7,116
Ludwig Law Firm PLC,,(501) 868-7500,,https://ludwiglawfirm.com/?utm_source=Google&utm_medium=CPC&utm_campaign=gmb&utm_id=23280837312&utm_term=little-rock-criminal-defense-lawyer&utm_content=gmb_website,"1217 W 3rd St, Little Rock, AR 72201, USA",AR,"Little Rock, AR",4.9,38
Lott Rolfe IV PA,,(501) 604-4530,,http://www.rolfefirm.com/,"1920 N Main St #107, North Little Rock, AR 72114, USA",AR,"Little Rock, AR",4.2,35
Kelley Law Firm,,(501) 300-2554,,https://www.kelleyfirm.com/?utm_source=GMB&utm_medium=organic&utm_campaign=little_rock,"1700 Broadway St, Little Rock, AR 72206, USA",AR,"Little Rock, AR",4,4
Potts Law Firm – Personal Injury & Accident Lawyers - Little Rock,,(479) 437-9004,,https://www.potts-law.com/,"425 W Capitol Ave #3800, Little Rock, AR 72201, USA",AR,"Little Rock, AR",3.4,5
"David Wells, Attorney",,(501) 396-5412,,https://www.mcmathlaw.com/about/our-attorneys/david-w-wells/,"711 W 3rd St, Little Rock, AR 72201, USA",AR,"Little Rock, AR",,
Minton Law Firm,,(501) 300-9830,,https://justinmintonlaw.com/?utm_source=GBP&utm_campaign=Sherwood,"208 E Kiehl Ave #134, Sherwood, AR 72120, USA",AR,"Little Rock, AR",4.9,40
Dabbs & Pomtree,,(501) 224-1141,,https://www.dabbs-pomtree.com/,"2024 Arkansas Valley Dr Ste 101, Little Rock, AR 72212, USA",AR,"Little Rock, AR",4.3,13
"Dodds, Kidd & Ryan",,(501) 375-9901,,https://www.dkrfirm.com/?utm_source=flypaper&utm_medium=gbp,"313 W 2nd St, Little Rock, AR 72201, USA",AR,"Little Rock, AR",4.3,83
Polewski & Associates,,(501) 404-0062,,http://www.medicalmalpracticelawyerlittlerock.com/,"620 W 3rd St #404, Little Rock, AR 72201, USA",AR,"Little Rock, AR",4,4
Sanford Law Firm,,(800) 615-4946,,http://sanfordlawfirm.com/,"10800 Financial Centre Pkwy Ste 510, Little Rock, AR 72211, USA",AR,"Little Rock, AR",4.6,264
"Bowman Law, LLC",,(720) 863-6904,,https://coloradopersonalinjuryhelp.com/,"2727 Bryant St #102, Denver, CO 80211, USA",CO,"Denver, CO",5,515
Zaner Law Personal Injury and Car Accident Attorneys,,(720) 640-6852,,https://zanerhardenlaw.com/?utm_source=GMB&utm_medium=organic&utm_campaign=denver,"1610 Wynkoop St #120, Denver, CO 80202, USA",CO,"Denver, CO",4.9,440
Denver Personal Injury Lawyers®,,(720) 500-4878,,https://www.denverlaw.com/,"1001 Bannock St #8, Denver, CO 80204, USA",CO,"Denver, CO",5,326
Law Firm of Jeremy Rosenthal,,(720) 414-6977,,http://www.lawfirmofjeremyrosenthal.com/?utm_source=GBP&utm_medium=GBP&utm_campaign=GBP_Denver&utm_id=GBP_Denver,"600 17th St Suite 2803K, Denver, CO 80202, USA",CO,"Denver, CO",5,234
Dormer Harpring Denver Personal Injury Lawyers,,(719) 738-8555,,https://www.denvertrial.com/?utm_source=gmb&utm_medium=organic&utm_campaign=gmb-listing,"3457 Ringsby Ct Unit 110, Denver, CO 80216, USA",CO,"Denver, CO",4.9,295
"Frank Azar Car & Truck Accident Lawyers - Denver, Colorado",,(720) 809-7855,,https://www.fdazar.com/denver-personal-injury-lawyer/?utm_source=google&utm_medium=organic&utm_campaign=gbpdenvercolfax,"1245 E Colfax Ave #302, Denver, CO 80218, USA",CO,"Denver, CO",4.9,2379
Fang Injury Lawyers Denver,,(720) 713-3229,,https://www.fanglawfirm.com/?utm_campaign=gmb&utm_medium=organic&utm_source=google,"101 University Blvd Ste 230, Denver, CO 80206, USA",CO,"Denver, CO",5,787
Fuller Personal Injury Law - Denver Car Accident Lawyers,,(720) 902-9644,,https://personalinjuryco.com/?utm_campaign=gmb,"1580 Lincoln St #200, Denver, CO 80203, USA",CO,"Denver, CO",4.9,110
CGH Injury Lawyers,,(720) 669-8062,,https://www.cghlawfirm.com/denver/?utm_source=google&utm_medium=organic&utm_campaign=gbp_denver,"2701 Lawrence St Ste 201, Denver, CO 80205, USA",CO,"Denver, CO",5,344
The Wilhite Law Firm - Personal Injury Attorneys,,(720) 303-3062,,https://www.wilhitelawfirm.com/?utm_source=GBP&utm_medium=GBP&utm_campaign=GBP_Denver&utm_id=GBP_Denver_Ogden,"1600 N Ogden St, Denver, CO 80218, USA",CO,"Denver, CO",4.7,1608
Amy G Injury Firm,,(720) 741-7807,,https://amyglaw.com/?utm_source=GBP&utm_medium=GBP&utm_campaign=GBP_Denver_Florida&utm_id=GBP_Denver_Florida,"3801 E Florida Ave #100, Denver, CO 80210, USA",CO,"Denver, CO",4.9,1762
Galperin & Associates,,(720) 501-3451,,https://www.galperinlegal.com/,"3773 Cherry Creek N Dr #701e, Denver, CO 80209, USA",CO,"Denver, CO",4.8,591
"Bachus & Schanker, Personal Injury Lawyers | Denver Office",,(303) 222-2222,,https://www.coloradolaw.net/denver/?utm_campaign=local-listings&utm_term=denver,"1801 California St Ste 4800, Denver, CO 80202, USA",CO,"Denver, CO",4.7,1975
Denver Personal Injury Attorneys,,(303) 214-4299,,https://accidentlawdenverco.com/,"600 17th St Ste 2845, Denver, CO 80202, USA",CO,"Denver, CO",5,35
Ramos Law Personal Injury & Accident Lawyers - Denver,,(303) 214-7927,,https://www.ramoslaw.com/denver/?utm_source=GBP&utm_medium=organic&utm_campaign=denver,"999 Jasmine St #200, Denver, CO 80220, USA",CO,"Denver, CO",4.8,222
Monge & Associates Injury and Accident Attorneys,,(720) 743-5827,,https://www.becauseyouwanttowin.com/denver-co-personal-injury-lawyer/,"825 Speer Blvd Suite# 6, Denver, CO 80218, USA",CO,"Denver, CO",4.9,243
Ridder Law - Denver,,(720) 812-1047,,https://ridderlaw.com/?utm_source=google&utm_medium=organic&utm_campaign=gbp,"1575 Race St, Denver, CO 80206, USA",CO,"Denver, CO",5,199
Genco Injury Attorneys,,(303) 647-4522,,https://gencoinjury.com/?utm_campaign=gmb&utm_medium=organic&utm_source=gbp_denver,"1205 S Platte River Dr #200, Denver, CO 80223, USA",CO,"Denver, CO",5,313
Levine Law Accident Attorneys - Denver,,(303) 578-3729,,https://www.mydenveraccidentlawfirm.com/?utm_source=GMBlisting&utm_medium=organic,"4500 Cherry Creek S Dr #400, Denver, CO 80246, USA",CO,"Denver, CO",4.7,298
Brad Freedberg Attorney at Law,,(303) 892-0900,,http://www.bradfreedberg.com/,"730 17th St UNIT 900, Denver, CO 80202, USA",CO,"Denver, CO",4.9,76
The Paul Wilkinson Law Firm,,(720) 915-2452,,https://callpaul.com/?utm_source=google&utm_medium=organic&utm_campaign=gbp-listing-denver,"999 Jasmine St, Denver, CO 80220, USA",CO,"Denver, CO",4.8,181
"Born & McCaffrey, PC",,(303) 590-3449,,https://bornmclegal.com/?utm_source=gmblisting&utm_medium=organic&utm_campaign=Denver,"4100 E Mississippi Ave Ste 802, Denver, CO 80246, USA",CO,"Denver, CO",5,141
"Treviño Law, PLLC: Denver Truck Accident Lawyer",,(303) 408-5000,,https://www.rjt-law.com/,"1499 Blake St #1F, Denver, CO 80202, USA",CO,"Denver, CO",5,307
"Frank Azar Car & Truck Accident Lawyers - Lakeside, Colorado",,(303) 529-2104,,https://www.fdazar.com/denver-personal-injury-lawyer/?utm_source=google&utm_medium=organic&utm_campaign=gbpdenverharlan,"4704 N Harlan St Ste 205, Denver, CO 80212, USA",CO,"Denver, CO",4.8,459
The Frickey Law Firm,,(720) 790-8289,,https://www.frickey.com/,"940 Wadsworth Blvd #400, Lakewood, CO 80214, USA",CO,"Denver, CO",4.9,351
Morgan & Morgan,,(303) 264-1770,,https://www.forthepeople.com/office-locations/colorado/denver/?utm_source=GMB&utm_medium=local&utm_campaign=DenverCOGMB,"999 18th St Unit 3000, Denver, CO 80202, USA",CO,"Denver, CO",4.7,921
"Kidneigh & Kaufman, P.C.",,(303) 393-6666,,http://www.kandkpc.com/,"730 17th St #635, Denver, CO 80202, USA",CO,"Denver, CO",4.9,115
Fuicelli & Lee Injury Lawyers,,(303) 355-7202,,https://coloradoinjurylaw.com/?utm_source=google&utm_medium=organic&utm_campaign=GBP,"1731 Gilpin St, Denver, CO 80218, USA",CO,"Denver, CO",4.9,372
"Mandelaris Law, LLC",,(303) 357-9757,,https://www.mandelarislaw.com/,"501 S Cherry St Ste 1100, Denver, CO 80246, USA",CO,"Denver, CO",5,159
"Smith & Weidinger, P.L.L.C.",,(720) 996-2600,,https://caraccidentlawyerindenver.com/,"1040 S Gaylord St #32, Denver, CO 80209, USA",CO,"Denver, CO",4.9,128
Conduit Law | Accident Attorneys,,(720) 432-7032,,https://www.conduit.law/denver-car-accident-lawyer,"1576 Sherman St Ste 120, Denver, CO 80203, USA",CO,"Denver, CO",5,133
Nares Law Group Truck Wreck & Brain Injury Lawyers,,(720) 637-7786,,https://www.nareslawgroup.com/?utm_source=google&utm_medium=local&utm_campaign=gmb-denver,"501 S Cherry St Ste 1100, Denver, CO 80246, USA",CO,"Denver, CO",4.9,120
Cliff Enten Law,,(303) 333-2222,,https://www.entenlaw.com/?utm_campaign=gmb,"50 S Steele St #875, Denver, CO 80209, USA",CO,"Denver, CO",4.8,310
Lamber Goodnow Injury Lawyers,,(720) 961-8578,,https://lambergoodnow.com/denver/,"1330 Logan St Ste B2, Denver, CO 80203, USA",CO,"Denver, CO",4.9,63
Zinda Law Group,,(720) 573-0961,,https://www.zdfirm.com/personal-injury-lawyer/colorado/denver/?utm_source=google&utm_medium=organic&utm_campaign=gbp-listing-denver,"1668 Lafayette St, Denver, CO 80218, USA",CO,"Denver, CO",4.9,248
Front Range Injury Attorneys - Denver Personal Injury Lawyers,,(720) 826-4399,,https://frontrangefirm.com/,"2590 Welton St Ste 200, Denver, CO 80205, USA",CO,"Denver, CO",5,16
"Harding & Associates, PC.",,(303) 762-9500,,https://www.hlaw.com/,"730 17th St #650, Denver, CO 80202, USA",CO,"Denver, CO",4.9,61
Robert Law,,(719) 662-0589,,https://www.mydenverinjurylawyer.com/?utm_source=google&utm_medium=organic&utm_campaign=gbp-listing,"100 Fillmore St 5th floor, Denver, CO 80206, USA",CO,"Denver, CO",4.8,41
"Frank Azar Car & Truck Accident Lawyers - Lakewood, Colorado",,(720) 782-0993,,https://www.fdazar.com/lakewood-car-accident-attorney/?utm_source=google&utm_medium=organic&utm_campaign=gbplakewood,"12567 W Cedar Dr #120, Lakewood, CO 80228, USA",CO,"Denver, CO",4.9,313
Denver Trial Lawyers,,(303) 647-9990,,https://www.denvertriallawyers.com/?utm_source=Google&utm_medium=organic&utm_campaign=GMB_website,"4601 DTC Blvd #950, Denver, CO 80237, USA",CO,"Denver, CO",4.9,82
The O'Sullivan Law Firm,,(303) 388-5304,,https://osullivan-law-firm.com/,"600 N Ogden St, Denver, CO 80218, USA",CO,"Denver, CO",4.9,119
McDivitt Law Firm,,(303) 396-6474,,https://www.mcdivittlaw.com/locations/denver/,"1777 S Harrison St #1350, Denver, CO 80210, USA",CO,"Denver, CO",4.5,427
The Gold Law Firm,,(303) 694-4653,,https://www.thegoldlawfirm.net/?utm_source=GMB&utm_medium=Gold+Law+Firm&utm_campaign=gmb,"7375 E Orchard Rd #300, Greenwood Village, CO 80111, USA",CO,"Denver, CO",4.8,94
Manning Herington Accident & Injury Attorneys - Denver,,(720) 697-2959,,https://manninglaw.us/?utm_source=google&utm_medium=organic&utm_campaign=gbp_denver,"2246 Irving St Suite 100, Denver, CO 80211, USA",CO,"Denver, CO",5,50
McCormick Law Firm,,(720) 674-1898,,https://www.theinjuryattorney.law/office_locations/denver-colorado-personal-injury-lawyer/,"501 S Cherry St 11th floor, Denver, CO 80246, USA",CO,"Denver, CO",4.8,129
Denver Personal Injury Lawyers® | Lakewood Office,,(720) 500-4878,,https://www.denverlaw.com/lakewood-personal-injury-lawyer/,"355 S Teller St Ste 200, Lakewood, CO 80226, USA",CO,"Denver, CO",5,17
Lapham Law Firm,,(303) 815-1587,,https://www.laphamlaw.com/,"3377 Blake St Ste 110, Denver, CO 80205, USA",CO,"Denver, CO",4.9,63
Rafi Law Group,,(720) 605-7793,,https://www.rafilawgroup.com/denver-personal-injury-lawyer/,"1380 S Santa Fe Dr, Denver, CO 80223, USA",CO,"Denver, CO",4.9,35
"Mintz Law Firm, LLC - Personal Injury & Car Accident Lawyers",,(303) 462-2999,,https://www.mintzlawfirm.com/,"605 Parfet St #102, Lakewood, CO 80215, USA",CO,"Denver, CO",4.4,275
Eddington Law Firm,,(720) 776-9967,,https://eddington.law/denver-personal-injury-lawyer/,"1391 N Speer Blvd #350, Denver, CO 80204, USA",CO,"Denver, CO",4.9,94
McCoy & McCoy - Car Accident & Personal Injury Lawyers,,(860) 831-3531,,http://www.mccoymccoy.com/?utm_campaign=gmb,"20 Church St Ste 1720, Hartford, CT 06103, USA",CT,"Hartford, CT",4.9,254
"Hartford Personal Injury Attorney At Law, Brandon J. Broderick",,(877) 337-1614,,https://www.brandonjbroderick.com/connecticut/personal-injury-lawyer-hartford?utm_campaign=gmb,"609 Farmington Ave LL2, Hartford, CT 06105, USA",CT,"Hartford, CT",4.9,142
"Law Office of Michael L. Chambers, Jr., Car Accident & Personal Injury Attorneys",,(860) 791-3302,,https://mchamberslaw.com/?utm_source=gbp&utm_campaign=Hartford,"2 Congress St #2C, Hartford, CT 06114, USA",CT,"Hartford, CT",5,311
Trantolo & Trantolo,,(959) 271-1032,,https://www.trantololaw.com/hartford/?utm_source=google&utm_medium=organic&utm_campaign=gmb-listing-hartford,"21 Oak St Ste 605, Hartford, CT 06106, USA",CT,"Hartford, CT",4.8,572
Carter Mario Law Firm,,(860) 525-2222,,https://cartermario.com/hartford/,"176 Wethersfield Ave, Hartford, CT 06114, USA",CT,"Hartford, CT",4.9,604
"Polinsky Law Group, LLC",,(860) 248-7807,,https://www.psp-law.net/?npcmp=dir:local:1631752:06105,"890 West Blvd, Hartford, CT 06105, USA",CT,"Hartford, CT",4.9,175
Connecticut Injury Firm LLC,,(860) 560-7226,,https://www.connecticutinjuryhelp.com/,"40 Russ St, Hartford, CT 06106, USA",CT,"Hartford, CT",4.9,44
Zayas Law Firm,,(860) 278-0820,,https://www.zayaslaw.com/,"20 Grand St, Hartford, CT 06106, USA",CT,"Hartford, CT",4.8,327
"Bert McDowell Injury Law, LLC",,(203) 633-7449,,https://www.bringonbert.com/hartford-personal-injury/?utm_source=GMB&utm_medium=GMB&utm_campaign=HARTFORD,"280 Trumbull St Fl 21, Hartford, CT 06103, USA",CT,"Hartford, CT",5,105
The Haymond Law Firm - Car & Motorcycle Accident Attorneys,,(866) 875-0727,,https://haymondlaw.com/locations/hartford/?utm_source=gbp&utm_campaign=Hartford,"999 Asylum Ave Penthouse, Hartford, CT 06105, USA",CT,"Hartford, CT",4.8,230
Law Offices of Mark E. Salomone & Morelli,,(860) 548-9991,,https://www.marksalomone.com/hartford,"100 Farmington Ave #2a, Hartford, CT 06105, USA",CT,"Hartford, CT",4.7,178
Jonathan Perkins Injury Lawyers,,(860) 579-1315,,https://www.800perkins.com/hartford-ct/?utm_source=google&utm_medium=organic&utm_campaign=gbp-hartford,"45 Wyllys St, Hartford, CT 06106, USA",CT,"Hartford, CT",4.8,315
Goff Law Group,,(203) 399-0000,,https://gofflawgroup.net/?utm_source=GMB&utm_medium=organic&utm_campaign=westhartford,"433 S Main St, West Hartford, CT 06110, USA",CT,"Hartford, CT",4.7,580
Gould Injury Law,,(860) 264-0884,,https://gouldinjurylaw.com/hartford-personal-injury-lawyer/?utm_source=google&utm_medium=organic&utm_campaign=local,"610 New Britain Ave, Hartford, CT 06106, USA",CT,"Hartford, CT",4.8,44
Freeman Law Firm,,(860) 728-0359,,https://www.freemanllc.com/,"90 Brainard Rd #201, Hartford, CT 06114, USA",CT,"Hartford, CT",4.5,113
Welcome Law Firm: Hartford Personal Injury & Immigration Lawyer,,(203) 408-1372,,https://welcomelawfirm.com/hartford-ct/personal-injury-lawyer/?utm_source=google&utm_medium=organic&utm_campaign=gbp-listing-hartford,"1 Lewis St 3rd Floor, Hartford, CT 06103, USA",CT,"Hartford, CT",5,128
"RisCassi & Davis, P.C.",,(860) 245-2412,,https://www.riscassi-davis.com/,"91 S Main St, West Hartford, CT 06107, USA",CT,"Hartford, CT",4.9,137
Rob Levine Law - Personal Injury & Disability Lawyers,,(203) 427-0851,,https://roblevine.com/hartford/?utm_source=google&utm_medium=organic&utm_campaign=gbp-hartford,"750 Main St 326 suite, Hartford, CT 06103, USA",CT,"Hartford, CT",4.9,114
"Claggett, Sykes & Garza LLC",,(860) 773-4549,,https://csgtrials.com/farmington/personal-injury-lawyer/?utm_source=gmb&utm_medium=organic&utm_campaign=farmington,"76 Batterson Park Rd Ste 301, Farmington, CT 06032, USA",CT,"Hartford, CT",5,563
The Doctor Lawyer Team,,(860) 492-6511,,https://www.doctorlawyerteam.com/?utm_campaign=gmb,"638 Prospect Ave, Hartford, CT 06105, USA",CT,"Hartford, CT",4.9,35
Forrest Legal,,(860) 544-6048,,https://forrestmcpadden.com/?utm_campaign=gmb,"750 Main St #1208, Hartford, CT 06103, USA",CT,"Hartford, CT",4.9,91
Appleton & Appleton LLC,,(860) 246-5481,,http://www.appleton-law.com/?utm_source=gmb&utm_medium=organic&utm_content=listing&utm_campaign=local,"266 Pearl St, Hartford, CT 06103, USA",CT,"Hartford, CT",5,57
"Rosenthal Law Firm, LLC",,(860) 561-3100,,https://www.connecticut-accident-attorney.com/,"18 N Main St, West Hartford, CT 06107, USA",CT,"Hartford, CT",5,122
Walsh Woodard LLC,,(860) 549-8440,,https://www.walshwoodard.com/,"527 Prospect Ave, Hartford, CT 06105, USA",CT,"Hartford, CT",4.8,26
The Law Office of Ken Namnoum,,(860) 249-6574,,http://www.kennamnoum.com/,"21 Oak St #306, Hartford, CT 06106, USA",CT,"Hartford, CT",4.9,120
Dressler Law,,(860) 247-1122,,https://www.dresslerlaw.com/,"84 Cedar St, Hartford, CT 06106, USA",CT,"Hartford, CT",4.9,626
"Cicchiello & Cicchiello, LLP",,(860) 866-1024,,https://www.cicchiellolaw.com/,"364 Franklin Ave, Hartford, CT 06114, USA",CT,"Hartford, CT",4.5,286
"Adler Law Group, LLC",,(860) 282-8686,,https://www.adlerlawgroupllc.com/?utm_source=google&utm_medium=organic&utm_campaign=gbp,"10 Columbus Blvd Ste 2011 Suite 2011, Hartford, CT 06106, USA",CT,"Hartford, CT",4.8,62
Michael Kelly Injury Lawyers,,(860) 544-2558,,http://callkellycall3.com/?utm_source=local&utm_medium=organic&utm_campaign=gmb_hartford,"750 Main St #510A, Hartford, CT 06103, USA",CT,"Hartford, CT",5,23
Kocian Law Group,,(860) 548-7300,,https://www.kocianlaw.com/,"999 Asylum Ave 4th floor, Hartford, CT 06105, USA",CT,"Hartford, CT",4.9,81
Hersh & Crockett,,(860) 527-5253,,https://hershcrockett.com/,"21 Oak St, Hartford, CT 06106, USA",CT,"Hartford, CT",4.6,44
"David A. Zipfel & Associates, LLC",,(860) 528-4567,,https://www.zipfel-law.com/,"84 Connecticut Blvd, East Hartford, CT 06108, USA",CT,"Hartford, CT",4.8,54
"Gold, Levy & Poirot",,(860) 549-5152,,https://www.goldlevy.com/,"21 Oak St Ste 300, Hartford, CT 06106, USA",CT,"Hartford, CT",4.9,49
Rome Clifford Katz & Koerner LLP,,(860) 232-3000,,https://www.rckklaw.com/?npcmp=dir:local:2637253:06106,"214 Main St, Hartford, CT 06106, USA",CT,"Hartford, CT",4.9,48
Ventura Law,,(203) 433-6685,,https://www.venturalaw.com/,"2074 Park St, Hartford, CT 06106, USA",CT,"Hartford, CT",4.8,71
The Flood Law Firm LLC,,(860) 813-6089,,https://www.thefloodlawfirm.com/middletown-personal-injury-lawyer/?utm_source=google&utm_medium=organic&utm_campaign=GBP_Middletown,"190 Washington St, Middletown, CT 06457, USA",CT,"Hartford, CT",4.9,462
Lemberg Law,,(475) 270-2241,,https://lemberglaw.com/hartford?utm_source=gmb_hartford&utm_medium=organic,"660 Prospect Ave, Hartford, CT 06105, USA",CT,"Hartford, CT",4.8,59
"Kennedy, Johnson, Schwab & Roberge, P.C.",,(860) 351-6091,,https://www.kennedyjohnson.com/west-hartford/?utm_source=google&utm_medium=organic&utm_campaign=gbp-west-hartford,"15 N Main St 100 suite 217, West Hartford, CT 06107, USA",CT,"Hartford, CT",5,28
"Levin, Rojas, Camassar, and Reck, LLC",,(860) 390-4564,,http://lrcr.law/,"40 Russ St, Hartford, CT 06106, USA",CT,"Hartford, CT",5,1
"Tehrani Law Group, LLC",,(860) 321-4537,,https://tehranilawgroup.com/locations/east-hartford/?utm_source=gbp&utm_medium=organic&utm_campaign=gbp,"55 Hartland St Ste 405, East Hartford, CT 06108, USA",CT,"Hartford, CT",5,27
"Law Offices of Andrew J. Cates, LLC",,(860) 847-7885,,http://www.cateslegal.com/?utm_campaign=gmb,"97 Oak St Flr 3, Hartford, CT 06106, USA",CT,"Hartford, CT",4.8,29
StangerLaw LLC,,(860) 295-3654,,https://www.stangerlaw.com/?utm_source=gmb&utm_medium=organic&utm_campaign=googlemaps,"433 S Main St #101, West Hartford, CT 06110, USA",CT,"Hartford, CT",4.2,13
Wein & Palermo,,(860) 236-5438,,https://www.weinandpalermo.com/?utm_source=GMB&utm_medium=organic&utm_campaign=WestHartford,"32 Park Rd, West Hartford, CT 06119, USA",CT,"Hartford, CT",4.8,45
"Anziano & Bertucio, LLC",,(860) 296-3333,,http://anzianobertucio.com/,"555 Franklin Ave, Hartford, CT 06114, USA",CT,"Hartford, CT",4,8
Schulman & Associates,,(860) 522-2960,,http://www.schulmanlaw.net/,"10 Grand St, Hartford, CT 06106, USA",CT,"Hartford, CT",4.6,18
StangerLaw LLC,,(860) 773-0678,,https://www.stangerlaw.com/?utm_source=gmb&utm_medium=organic&utm_campaign=hartford_new,"214 Main St #2, Hartford, CT 06106, USA",CT,"Hartford, CT",5,1
"L.A. Law, LLC",,(860) 595-3163,,https://lalawct.com/,"1 Regency Dr Ste 302, Bloomfield, CT 06002, USA",CT,"Hartford, CT",4.8,74
Carter Mario Law Firm,,(860) 223-2100,,https://cartermario.com/new-britain/,"370 W Main St, New Britain, CT 06052, USA",CT,"Hartford, CT",4.8,229
"Costello, Coombes & Brown, LLP",,(860) 560-0468,,http://ccbctlaw.com/,"433 S Main St #102, West Hartford, CT 06110, USA",CT,"Hartford, CT",5,17
"Jainchill & Beckert, LLC",,(860) 407-9150,,https://www.jblawct.com/glastonbury-personal-injury-attorney/?utm_source=google&utm_medium=organic&utm_campaign=glastonburygmb,"140 Glastonbury Blvd, Glastonbury, CT 06033, USA",CT,"Hartford, CT",5,24
"Pratcher Krayer, LLC",,(302) 566-1796,,https://www.pkinjury.com/,"1300 N Grant Ave Ste 206, Wilmington, DE 19806, USA",DE,"Wilmington, DE",4.9,245
The Sharma Law Firm,,(302) 781-3077,,https://amansharmalaw.com/wilmington-personal-injury-lawyer/?utm_source=gbp_listing&utm_medium=ecg,"1007 Orange St 4th floor, Wilmington, DE 19801, USA",DE,"Wilmington, DE",4.9,257
"Silverman, McDonald & Friedman",,(302) 691-9588,,https://www.smflegal.com/wilmington/?utm_source=gmb&utm_medium=link&utm_campaign=GMB-SMF-Wilmington,"1523 Concord Pike #400, Wilmington, DE 19803, USA",DE,"Wilmington, DE",4.8,277
"The Inkell Firm, LLC",,(302) 599-6442,,https://inkellfirm.com/?utm_source=google&utm_medium=social&utm_campaign=1seo_gmb,"2 Mill Rd Ste 202, Wilmington, DE 19806, USA",DE,"Wilmington, DE",4.9,379
Schuster Jachetti LLP,,(302) 966-8684,,https://www.mydelawarelawyer.com/wilmington/,"3407 Lancaster Pike, Wilmington, DE 19805, USA",DE,"Wilmington, DE",4.9,73
Freibott Law Firm,,(302) 633-9000,,http://www.freibottlaw.com/,"1711 E Newport Pike, Wilmington, DE 19804, USA",DE,"Wilmington, DE",4.5,179
Morgan & Morgan,,(302) 648-9140,,https://www.forthepeople.com/office-locations/delaware/?utm_source=GMB&utm_medium=local&utm_campaign=WilmingtonDEGMB,"1000 N West St Ste 1260, Wilmington, DE 19801, USA",DE,"Wilmington, DE",4.8,445
Rhoades & Morrow Injury Attorneys,,(302) 427-9500,,https://rhoadeslegal.com/areas-we-serve/wilmington/?utm_source=google&utm_medium=organic&utm_campaign=gbp,"1225 N King St Ste 1200, Wilmington, DE 19801, USA",DE,"Wilmington, DE",4.7,39
Bifferato Gentilotti LLC,,(302) 429-1900,,https://www.bglawde.com/?utm_source=GMB&utm_medium=organic&utm_campaign=wilimington,"4250 Lancaster Pike Ste 130, Wilmington, DE 19805, USA",DE,"Wilmington, DE",4.9,61
"Delaware Car Accident Lawyer, DiLeonardo Law",,(215) 660-4077,,https://dileonardolaw.com/locations/delaware-personal-injury-lawyers-experienced-legal-representation/,"1211 Delaware Ave, Wilmington, DE 19806, USA",DE,"Wilmington, DE",4.8,16
DiLeonardo Law,,(215) 660-4077,,https://dileonardolaw.com/locations/delaware-personal-injury-lawyers-experienced-legal-representation/,"1010 Concord Ave #204, Wilmington, DE 19802, USA",DE,"Wilmington, DE",4.9,50
James Hall Personal Injury Lawyer Wilmington,,(302) 590-7513,,https://www.jameshalldelaw.com/?utm_source=gbp_listing&utm_medium=ecg,"1200 N Broom St, Wilmington, DE 19806, USA",DE,"Wilmington, DE",4.7,35
"Shelsby & Leoni, P.A.",,(302) 995-6210,,https://www.shelsbyleonilaw.com/?utm_source=google&utm_medium=organic&utm_campaign=gbp_listing,"221 Main St, Wilmington, DE 19804, USA",DE,"Wilmington, DE",4.8,62
"The Law Offices of Doroshow, Pasquale, Krawitz & Bhaya",,(302) 271-7055,,http://www.dplaw.com/?utm_source=GBP&utm_medium=GBP&utm_campaign=GBP_Wilmington&utm_id=GBP_Wilmington,"1202 Kirkwood Hwy, Wilmington, DE 19805, USA",DE,"Wilmington, DE",4.8,256
"Gary S Nitsche, P. A.",,(302) 655-4040,,http://www.weiknitsche.com/,"305 N Union St, Wilmington, DE 19805, USA",DE,"Wilmington, DE",4.3,103
Nitsche & Fredricks,,(302) 655-4040,,https://www.nitschefredricks.com/?utm_source=google&utm_medium=local,"305 N Union St, Wilmington, DE 19805, USA",DE,"Wilmington, DE",4.2,49
Edelstein Martin & Nelson - Delaware,,(302) 504-4815,,https://www.law-de.com/,"222 Delaware Ave Ste 1615, Wilmington, DE 19801, USA",DE,"Wilmington, DE",4.1,16
"McCann Dillon Jaffe & Lamb, LLC",,(302) 308-7013,,https://www.mccanninjurylaw.com/?utm_source=GMB&utm_medium=GMB&utm_campaign=GMB+Traffic,"222 Delaware Ave Ste 1005, Wilmington, DE 19801, USA",DE,"Wilmington, DE",4,32
Marin & Gregory LLC,,(302) 658-4200,,http://www.bmdglaw.com/,"521 N West St, Wilmington, DE 19801, USA",DE,"Wilmington, DE",5,20
Lundy Law Personal Injury Lawyers,,(302) 924-7839,,https://www.lundylaw.com/?utm_source=extnet&utm_medium=yext,"1600 Pennsylvania Ave Ste C, Wilmington, DE 19806, USA",DE,"Wilmington, DE",3.8,41
"MURPHY & LANDON, P.A.",,(302) 472-8100,,https://msllaw.com/,"1011 Centre Rd #210, Wilmington, DE 19805, USA",DE,"Wilmington, DE",4.7,10
Ciconte Wasserman LLC,,(302) 658-7101,,https://cskdelaw.com/,"1300 N King St, Wilmington, DE 19801, USA",DE,"Wilmington, DE",5,20
"Ramunno & Ramunno, P. A.",,(302) 656-9400,,,"903 N French St, Wilmington, DE 19801, USA",DE,"Wilmington, DE",4,56
Samuel David Pratcher III Attorney At Law,,(302) 803-5291,,http://pkinjury.com/,"1300 N Grant Ave, Wilmington, DE 19806, USA",DE,"Wilmington, DE",4.9,14
"Schwartz & Schwartz, Attorneys At Law, P.A.",,(302) 281-0791,,https://www.schwartzandschwartz.com/,"1228 N King St, Wilmington, DE 19801, USA",DE,"Wilmington, DE",4.8,19
Daniel Martin Law,,(302) 658-2884,,http://www.danielmartinlaw.com/,"1301 N Harrison St, Wilmington, DE 19806, USA",DE,"Wilmington, DE",4.6,13
"E. Martin Knepper, Esq.",,(302) 658-1717,,https://www.knepperstratton.com/,"1202 Kirkwood Hwy, Wilmington, DE 19805, USA",DE,"Wilmington, DE",4.8,4
"Kimmel, Carter, Roman, Peltz & O'Neill, P.A.",,(302) 565-6100,,http://kimmelcarter.com/,"56 W Main St 4th floor, Christiana, DE 19702, USA",DE,"Wilmington, DE",4.9,227
Freibott Frederick S,,(302) 633-9000,,http://www.freibottlaw.com/,"1711 E Newport Pike, Wilmington, DE 19804, USA",DE,"Wilmington, DE",5,15
Longobardi & Boyle LLC,,(302) 575-1502,,https://www.longobardiboylelaw.net/?utm_source=GMB&utm_medium=Renner,"1700 Augustine Cut Off, Wilmington, DE 19803, USA",DE,"Wilmington, DE",4.8,55
Bove & Hedrick,,(302) 427-9500,,https://bevbovelaw.com/,"1020 W 18th St, Wilmington, DE 19802, USA",DE,"Wilmington, DE",3,6
David & Associates,,(910) 251-8088,,https://www.davidandassociateslaw.com/,"1516 Dawson St, Wilmington, NC 28401, USA",DE,"Wilmington, DE",4.7,643
Morris James LLP,,(302) 888-6800,,http://www.morrisjames.com/,"3205 Ave N Blvd Suite 100, Wilmington, DE 19803, USA",DE,"Wilmington, DE",4.8,112
Law Offices of James Scott Farrin,,(910) 830-2733,,https://www.farrin.com/#utm_source=GMB&utm_medium=organic&utm_campaign=GMB-Wilmington,"428 Eastwood Rd, Wilmington, NC 28403, USA",DE,"Wilmington, DE",4.9,349
"Jason R. Antoine, Attorney at Law",,(302) 482-4802,,https://www.antoinelaw.pro/?utm_source=google&utm_medium=local,"1702 Kirkwood Hwy Ste 102, Wilmington, DE 19805, USA",DE,"Wilmington, DE",4.5,81
David P Cline Law Office,,(302) 652-5000,,http://www.mylawman.com/,"1404 N King St, Wilmington, DE 19801, USA",DE,"Wilmington, DE",5,3
Diamond Mesothelioma Lawyer Experts,,(866) 885-1422,,https://www.mesotheliomalawyer-delaware.com/,"410 W 8th St, Wilmington, DE 19801, USA",DE,"Wilmington, DE",5,3
Roeberg Moore & Friedman Pa,,(302) 658-8700,,http://www.roebergmooreandfriedman.com/,"62 Rockford Rd Ste 300 Suite, 300, Wilmington, DE 19806, USA",DE,"Wilmington, DE",4.1,13
"William R. Stewart, III Esquire",,(302) 803-5291,,http://www.pkinjury.com/,"1300 N Grant Ave Ste 206, Wilmington, DE 19806, USA",DE,"Wilmington, DE",5,8
The Roseman Law Firm,,(302) 658-7101,,http://www.krosemanlaw.com/,"1300 N King St, Wilmington, DE 19801, USA",DE,"Wilmington, DE",5,10
Dalton & Associates,,(302) 549-0093,,http://www.dalton.law/?npcmp=dir:local:3580950:19806,"1106 W 10th St, Wilmington, DE 19806, USA",DE,"Wilmington, DE",4.5,24
Hedrick II Vincent J X,,(302) 777-3500,,https://bevbovelaw.com/attorneys/vincent-j-hedrick-ii/,"1020 W 18th St, Wilmington, DE 19802, USA",DE,"Wilmington, DE",5,1
"Weiss, Saville, Medinilla & Houser, P.A.",,(302) 656-0400,,https://wsmhlaw.com/,"1105 N Market St Ste 200, Wilmington, DE 19801, USA",DE,"Wilmington, DE",4.8,21
Wilk Law Personal Injury & Car Accident Lawyers,,(855) 946-3678,,https://www.wilklawfirm.com/?UTM_source=GMB_listing&UTM_medium=organic,"101 Lindenwood Dr Suite 225, Malvern, PA 19355, USA",DE,"Wilmington, DE",5,200
Rosen Moss Snyder LLP,,(267) 489-2784,,https://rms.law/?utm_source=gmb&utm_medium=organic&utm_campaign=1SEO_SM_GMB,"501 Silverside Rd #33, Wilmington, DE 19809, USA",DE,"Wilmington, DE",4.3,12
Law Offices Kenneth F Carmine,,(302) 658-8940,,https://kcarminelaw.com/,"1719 Delaware Ave, Wilmington, DE 19806, USA",DE,"Wilmington, DE",4.5,10
Delaware Injury lawyer,,(302) 998-0100,,http://www.delinjurylawyer.com/,"1202 Kirkwood Hwy, Wilmington, DE 19805, USA",DE,"Wilmington, DE",,
"Young Conaway Stargatt & Taylor, LLP",,(302) 571-6600,,http://www.youngconaway.com/,"Rodney Square, 1000 N King St, Wilmington, DE 19801, USA",DE,"Wilmington, DE",3.9,15
Girdwood & Williams PLLC Attorneys at Law,,(910) 343-9920,,http://girdwoodwilliams.com/,"4626 Market St, Wilmington, NC 28405, USA",DE,"Wilmington, DE",4.8,92
AMI Injury Law,,(302) 500-4878,,https://amiinjury.com/,"1601 Concord Pike Ste 82-84, Wilmington, DE 19803, USA",DE,"Wilmington, DE",4.3,6
Cohen & Cohen Personal Injury Lawyers - Washington D.C. Accident and Injury Lawyers,,(202) 507-5456,,https://cohenandcohen.net/,"1730 Rhode Island Ave NW #410, Washington, DC 20036, USA",DC,"Washington, DC",4.9,536
"Chaikin, Sherman, Cammarata & Siegel Personal Injury Lawyers - Washington, D.C.",,(202) 659-8600,,https://www.chaikinandsherman.com/?utm_source=google&utm_medium=organic&utm_campaign=gbp,"1232 17th St NW, Washington, DC 20036, USA",DC,"Washington, DC",4.9,227
Regan Zambri Long Personal Injury Lawyers,,(202) 937-3310,,https://rhllaw.com/,"1919 M St NW #600, Washington, DC 20036, USA",DC,"Washington, DC",4.9,171
"Gelb & Gelb, P.C.",,(202) 331-7227,,https://gelbandgelb.com/,"1634 Eye Street, NW #350, Washington, DC 20006, USA",DC,"Washington, DC",4.9,253
"Price Benowitz Accident Injury Lawyers, LLP",,(202) 952-2964,,https://pricebenowitz.com/dc-injury/?utm_source=GBP&utm_medium=GBP&utm_campaign=GBP_Washington&utm_id=GBP_Washington,"409 7th St NW Ste 300, Washington, DC 20004, USA",DC,"Washington, DC",4.8,877
"Malloy Law Offices, LLC",,(202) 335-5799,,https://www.malloy-law.com/washington-dc-personal-injury-attorney/,"316 F St NE #115, Washington, DC 20002, USA",DC,"Washington, DC",4.9,339
Marks & Harrison - Personal Injury Attorney - Washington DC,,(202) 839-9286,,https://www.marksandharrison.com/our-locations/washington-dc/?utm_source=google&utm_medium=organic&utm_campaign=washingtongmb,"1003 K St NW Ste 404, Washington, DC 20001, USA",DC,"Washington, DC",4.8,165
Koonz McKenney Johnson & DePaolis LLP,,(202) 659-5500,,https://koonz.com/dc-personal-injury/,"5335 Wisconsin Ave NW Ste 330, Washington, DC 20015, USA",DC,"Washington, DC",4.7,75
"Donahoe Kearney, PLLC",,(202) 393-3320,,http://www.donahoekearney.com/,"400 Virginia Ave SW, Washington, DC 20024, USA",DC,"Washington, DC",5,280
Kitchel Injury Law,,(202) 318-9796,,https://www.kitchellaw.com/?utm_source=google&utm_medium=organic&utm_campaign=gbp-listing-washington,"700 Pennsylvania Ave. SE Second Floor, Washington, DC 20003, USA",DC,"Washington, DC",5,111
"Trombly & Singer, PLLC",,(202) 831-8134,,https://www.tromblylaw.com/,"1825 K St NW #1150, Washington, DC 20006, USA",DC,"Washington, DC",4.9,123
"The Lapidus Law Firm, PLLC",,(202) 785-5111,,https://lapiduslawfirm.com/?utm_source=gbp&utm_medium=organic&utm_campaign=website+link,"1 Thomas Cir NW Ste 700, Washington, DC 20005, USA",DC,"Washington, DC",4.9,60
"Patrick Malone & Associates, P.C.",,(202) 742-1500,,http://www.patrickmalonelaw.com/,"1310 L St NW #800, Washington, DC 20005, USA",DC,"Washington, DC",4.8,65
Monge & Associates Injury and Accident Attorneys,,(202) 335-8357,,https://www.becauseyouwanttowin.com/washington-dc-personal-injury-lawyer/,"700 Pennsylvania Ave. SE 2nd FL # 2016, Washington, DC 20003, USA",DC,"Washington, DC",5,26
"Price Benowitz Accident Injury Lawyers, LLP",,(202) 618-9898,,https://pricebenowitz.com/dc-injury/?utm_source=GBP&utm_medium=GBP&utm_campaign=GBP_Washington&utm_id=GBP_Washington,"4530 Wisconsin Ave NW Ste 450, Washington, DC 20016, USA",DC,"Washington, DC",4.9,216
TopDog Law Personal Injury Lawyers,,(202) 875-6047,,https://topdoglaw.com/locations/washington-dc/personal-injury-lawyer/?utm_source=google&utm_medium=organic&utm_campaign=GMB-Connecticut-Washington-DC,"1150 Connecticut Ave NW Ste 802b, Washington, DC 20036, USA",DC,"Washington, DC",4.9,87
"Wingfield, Ginsburg & Lipp, PC",,(202) 789-8000,,http://www.dmvinjurylaw.com/,"700 5th St NW Unit 300, Washington, DC 20001, USA",DC,"Washington, DC",4.7,177
"The Law Offices of Dr. Michael M. Wilson MD, JD & Associates",,(240) 932-5462,,https://www.wilsonlaw.com/?utm_campaign=gmb,"1050 Connecticut Ave NW #500, Washington, DC 20036, USA",DC,"Washington, DC",5,214
"Mesirow & Associates, PLLC",,(202) 463-0303,,https://www.dc-attorney.com/,"5232 44th St NW #3, Washington, DC 20015, USA",DC,"Washington, DC",5,78
Morgan & Morgan,,(202) 772-0560,,https://www.forthepeople.com/office-locations/washington-dc/?utm_source=GMB&utm_medium=local&utm_campaign=WashingtonDCGMB,"20 M St SE Ste 600, Washington, DC 20003, USA",DC,"Washington, DC",4.8,1171
Johnnie Bond Law,,(240) 929-1865,,https://johnniebondlaw.com/?utm_source=google&utm_medium=organic&utm_campaign=gbp_listing_washington,"3221 M St NW, Washington, DC 20007, USA",DC,"Washington, DC",4.8,110
"Whitlock Law, LLC",,(301) 565-1655,,https://www.whitlocklawllc.com/?utm_source=google&utm_medium=Silver_Spring_gmb&utm_campaign=gmb_website_button&y_source=1_MTA5MzA2OTA3Mi03MTUtbG9jYXRpb24ud2Vic2l0ZQ%3D%3D,"8701 Georgia Ave Suite 610, Silver Spring, MD 20910, USA",DC,"Washington, DC",4.7,295
"Simeone & Miller, LLP",,(202) 918-6430,,https://www.simeonemiller.com/?utm_campaign=gmb,"1825 K St NW #650, Washington, DC 20006, USA",DC,"Washington, DC",4.8,104
The Law Offices of Duane O. King,,(888) 740-5464,,https://www.dkinglaw.com/?utm_source=GBP-DC&utm_medium=GBP-DC&utm_campaign=GBP,"1001 L St SE, Washington, DC 20003, USA",DC,"Washington, DC",4.8,62
Marks & Harrison,,(703) 884-1863,,https://www.marksandharrison.com/our-locations/alexandria/?utm_source=google&utm_medium=organic&utm_campaign=alexandriagmb,"1725 Duke St Ste 750, Alexandria, VA 22314, USA",DC,"Washington, DC",5,425
"Greenberg & Bederman, LLC",,(301) 589-2200,,https://www.gblawyers.com/,"1111 Bonifant St, Silver Spring, MD 20910, USA",DC,"Washington, DC",4.6,762
"Lightfoot Law, PLLC",,(202) 919-5453,,https://www.lightfootlawdc.com/?utm_source=google&utm_medium=organic&utm_campaign=gmb-listing,"Franklin Square, 1300 I St NW #400e, Washington, DC 20005, USA",DC,"Washington, DC",4.9,61
Nace Law Group Accident & Injury Lawyers PLLC,,(202) 335-8606,,https://washingtondcinjurylawyers.com/?utm_source=gmb&utm_medium=organic&utm_campaign=GMB-NaceLawGroup-DC,"1025 Thomas Jefferson St NW #810, Washington, DC 20007, USA",DC,"Washington, DC",4.9,66
"Ashcraft & Gerel, LLP",,(202) 335-2600,,https://www.ashcraftandgerel.com/washington-dc/?utm_source=GBP&utm_medium=organic&utm_campaign=washington-dc,"2020 K St NW Ste 505, Washington, DC 20006, USA",DC,"Washington, DC",4.6,114
Curcio Law,,(703) 836-3366,,https://www.curciolaw.com/,"700 N Fairfax St Unit 505, Alexandria, VA 22314, USA",DC,"Washington, DC",5,198
Blank Kim Injury Law,,(240) 599-8916,,https://bkinjurylawyers.com/silver-spring-personal-injury-attorneys/?utm_source=gbp_listing&utm_medium=ecg,"8455 Colesville Rd #920, Silver Spring, MD 20910, USA",DC,"Washington, DC",4.9,235
"Blaszkow Legal, PLLC",,(571) 341-7241,,https://alexandriainjuryattorney.com/car-accident-lawyer-in-alexandria-va/?utm_source=google-local&utm_medium=organic&utm_campaign=2484,"5270 Shawnee Rd Ste 102, Alexandria, VA 22312, USA",DC,"Washington, DC",4.9,540
Mike Slocumb Law Firm,,(202) 759-7807,,https://www.slocumblaw.com/?utm_source=gbp&utm_medium=organic&utm_campaign=washington-dc,"1225 I St NW Ste 550A, Washington, DC 20005, USA",DC,"Washington, DC",3.9,199
"DuBoff & Associates, Chartered",,(866) 461-9330,,https://dubofflawgroup.com/?utm_source=google&utm_medium=organic&utm_campaign=gmb,"1300 Spring St #120, Silver Spring, MD 20910, USA",DC,"Washington, DC",4.9,142
The Cochran Firm,,(202) 682-5800,,https://www.cochranfirmdc.com/,"1666 K St NW Ste 1150, Washington, DC 20006, USA",DC,"Washington, DC",3.8,175
"TMB Law Group, PLLC",,(800) 465-8700,,https://www.tmblawgroup.com/,"1627 K St NW #400, Washington, DC 20006, USA",DC,"Washington, DC",4.9,206
Braver Law PLLC,,(800) 672-7181,,https://braverlawfirm.com/,"1629 K St NW #300, Washington, DC 20006, USA",DC,"Washington, DC",4.9,240
"The Rich Firm, PC",,(202) 529-9379,,https://richinjuryfirm.com/,"1250 I St NW Unit 902, Washington, DC 20005, USA",DC,"Washington, DC",5,6
Grossman Attorneys at Law,,(571) 601-4548,,https://grossmanattorneys.com/personal-injury-lawyers-in-washington-dc/?utm_source=google&medium=gbp&campaign=washingtondc,"853 New Jersey Ave SE Ste 200, Washington, DC 20003, USA",DC,"Washington, DC",5,1
Lawfty,,(202) 951-8131,,https://www.lawfty.com/locations/washington-dc,"1150 Connecticut Ave NW Ste 802, Washington, DC 20036, USA",DC,"Washington, DC",4.5,342
"Malloy Law Offices, LLC",,(202) 886-3457,,https://www.malloy-law.com/bethesda-personal-injury/,"7910 Woodmont Ave #1250, Bethesda, MD 20814, USA",DC,"Washington, DC",4.8,700
Slatkin & Lupo,,(301) 439-1336,,http://www.slatkinlaw.com/Espanol/index_esp.html,"7676 New Hampshire Ave Ste 105, Takoma Park, MD 20912, USA",DC,"Washington, DC",4.9,262
"Antezana & Antezana, LLC - Maryland Personal Injury Lawyers",,(301) 321-7315,,https://antezanalaw.com/es/?utm_source=GMB&utm_medium=local&utm_campaign=gmbtakoma,"7676 New Hampshire Ave #108, Takoma Park, MD 20912, USA",DC,"Washington, DC",4.8,497
Purely Legal: Burns Sheppard Favors,,(202) 318-6391,,https://www.purely.legal/,"80 M St SE, Washington, DC 20003, USA",DC,"Washington, DC",4.3,11
Dash Injury Law Firm,,(408) 821-7562,,https://dashinjurylaw.com/,"1050 Connecticut Ave NW #500, Washington, DC 20036, USA",DC,"Washington, DC",5,33
Allan M. Siegel,,(202) 659-8600,,https://www.chaikinandsherman.com/attorney-profiles/allan-m-siegel/,"1232 17th St NW, Washington, DC 20036, USA",DC,"Washington, DC",5,6
Law Office of Magalski & Schoenike,,(202) 337-3800,,https://www.dmvinjuryattorneys.com/,"3158 O St NW, Washington, DC 20007, USA",DC,"Washington, DC",4.6,9
"Roeser Law Firm, PLLC",,(202) 660-4070,,http://www.zjrlawfirm.com/,"5335 Wisconsin Ave NW Ste 955, Washington, DC 20015, USA",DC,"Washington, DC",4.8,46
"Portner & Shure, P.A.",,(301) 854-9000,,https://www.portnerandshure.com/?utm_source=google&utm_medium=gbp&utm_campaign=silver-spring,"8455 Colesville Rd Ste 720, Silver Spring, MD 20910, USA",DC,"Washington, DC",4.8,310
"Price Benowitz Accident Injury Lawyers, LLP",,(240) 474-9013,,https://pricebenowitz.com/maryland-injury/upper-marlboro-injury-lawyer/?utm_source=GBP&utm_medium=GBP&utm_campaign=GBP_Upper_Marlboro&utm_id=GBP_Upper_Marlboro,"9701 Apollo Dr Suite 297A, Upper Marlboro, MD 20774, USA",DC,"Washington, DC",5,108
"Leavitt, Yamane & Soldner",,(808) 537-2525,,https://lyslaw.com/,"737 Bishop St Ste 1740, Honolulu, HI 96813, USA",HI,"Honolulu, HI",4.9,178
"Recovery Law Center, Injury & Accident Attorneys",,(808) 400-7506,,https://recoverylawcenterhawaii.com/?utm_source=google&utm_medium=organic&utm_campaign=gmb_listing_honolulu,"770 Kapiolani Blvd #111, Honolulu, HI 96813, USA",HI,"Honolulu, HI",4.6,168
The Law Offices of David W. Barlow,,(808) 354-0464,,https://www.personal-injury-hawaii.com/,"1003 Bishop St Ste. 2700, #522, Honolulu, HI 96813, USA",HI,"Honolulu, HI",4.8,21
"Mattoch & Kirley, LLLC",,(808) 523-2451,,https://www.mattochkirley.com/,"1003 Bishop St #890, Honolulu, HI 96813, USA",HI,"Honolulu, HI",5,55
Potts & Potts - Car Accident Lawyers,,(808) 537-4575,,https://www.pottsalc.com/,"1001 Bishop St #795, Honolulu, HI 96813, USA",HI,"Honolulu, HI",5,20
"Cronin, Fried, Sekiya, Kekina & Fairbanks",,(808) 460-6811,,https://www.croninfried.com/?utm_source=GMB&utm_medium=organic&utm_campaign=Honolulu,"841 Bishop St Suite 501, Honolulu, HI 96813, USA",HI,"Honolulu, HI",4.8,22
Law Office of James J. Stone,,(808) 223-7810,,http://www.nulaw.net/,"900 Fort Street Mall Ste 920, Honolulu, HI 96813, USA",HI,"Honolulu, HI",4.9,45
Daniel T Pagliarini AAL,,(808) 587-5800,,https://www.injurylawhawaii.com/?utm_source=google-local&utm_medium=organic&utm_campaign=3616,"700 Bishop St #2100, Honolulu, HI 96813, USA",HI,"Honolulu, HI",5,56
"Law Office of Jon S. Jacobs, LLLC",,(808) 468-6484,,https://www.jonsjacobs.com/,"820 Mililani St Ste 701, Honolulu, HI 96813, USA",HI,"Honolulu, HI",4.8,20
Michael P Healy Attorney at Law,,(808) 525-8584,,http://mphealylawyer.com/,"1188 Bishop St Ste 3304, Honolulu, HI 96813, USA",HI,"Honolulu, HI",4.9,41
"Miyashita & O'Steen, LLLC",,(808) 501-0973,,http://www.molawhawaii.com/?utm_source=google&utm_medium=organic&utm_campaign=gbp,"735 Bishop St #411, Honolulu, HI 96813, USA",HI,"Honolulu, HI",4.8,26
Shim & Chang: Attorneys At Law,,(808) 524-5803,,https://www.shimchanglawyers.com/personal-injury-lawyer-honolulu/,"220 S King St Ste 1600, Honolulu, HI 96813, USA",HI,"Honolulu, HI",4.7,12
"John Choi, Attorney at Law",,(808) 792-8333,,http://www.hiautoaccident.com/,"733 Bishop St, Honolulu, HI 96813, USA",HI,"Honolulu, HI",5,2
Law Offices of William H. Lawson,,(808) 528-2525,,https://www.accidentlawyerhawaii.com/?utm_source=omg-gbp&utm_medium=webclick,"1188 Bishop St STE 2902, Honolulu, HI 96813, USA",HI,"Honolulu, HI",4.7,12
"Recovery Law Center, Injury & Accident Attorneys",,(808) 431-3806,,https://recoverylawcenterhawaii.com/waipahu-personal-injury-lawyer/?utm_source=google&utm_medium=organic&utm_campaign=gmb_listing_waipahu,"94-730 Farrington Hwy Ste 405, Waipahu, HI 96797, USA",HI,"Honolulu, HI",5,4
SRB Hawaii Law,,(808) 809-7010,,http://srbhawaiilaw.com/,"1003 Bishop St Suite 2700, Honolulu, HI 96813, USA",HI,"Honolulu, HI",5,30
Davis Levin Livingston,,(808) 740-0633,,https://www.davislevin.com/,"745 Fort St Ste 1550, Honolulu, HI 96813, USA",HI,"Honolulu, HI",4.3,24
Morgan & Morgan,,(808) 466-6200,,https://www.forthepeople.com/office-locations/hawaii/honolulu/?utm_source=GMB&utm_medium=local&utm_campaign=HonoluluHIGMB,"500 Ala Moana Blvd Ste 454B, Honolulu, HI 96813, USA",HI,"Honolulu, HI",4.4,27
Turbin Chu Heidt Attorneys at Law,,(808) 796-5685,,https://www.turbin.net/?npcmp=dir:local:4582838:96813,"737 Bishop St #2730, Honolulu, HI 96813, USA",HI,"Honolulu, HI",4.8,56
Law Office of Matthew K.W. Wut,,(808) 587-0980,,http://matthewwut.com/,"1188 Bishop St Ste 3006, Honolulu, HI 96813, USA",HI,"Honolulu, HI",5,13
"Shaheen & Gordon, P.A.",,(808) 730-1875,,https://www.shaheengordon.com/hawaii/,"888 Mililani St Ste 700, Honolulu, HI 96813, USA",HI,"Honolulu, HI",5,11
Hawaii Injury Lawyer,,(808) 528-2525,,http://www.hawaii-injury-lawyer-attorney.com/,"1188 Bishop St, Honolulu, HI 96813, USA",HI,"Honolulu, HI",5,1
OConnell and Associates,,(808) 800-0050,,https://jtoclaw.com/,"1003 Bishop St Suite 2700, Honolulu, HI 96813, USA",HI,"Honolulu, HI",5,1
Dr. Brad Bradshaw M.D. J.D. L.C,,(808) 533-1800,,https://www.bradbradshaw.com/locations/honolulu-hawaii-personal-injury-attorney/,"1003 Bishop St #2700, Honolulu, HI 96813, USA",HI,"Honolulu, HI",,
"Trecker Fritz & Williams, Attorneys at Law",,(808) 797-3363,,https://www.treckerfritzlaw.com/?npcmp=dir:local:1830189:96813,"820 Mililani St Ste 701, Honolulu, HI 96813, USA",HI,"Honolulu, HI",4.4,14
Law Offices of Preston Easley APC,,(808) 922-2383,,https://www.prestoneasley.com/hawaii-maritime-worker-injury-lawyer/,"735 Bishop St #316, Honolulu, HI 96813, USA",HI,"Honolulu, HI",3,4
HEW & BORDENAVE A Limited Liability Law Partnership LLP,,(808) 944-8400,,,"711 Kapiolani Blvd Ste. 975, Honolulu, HI 96813, USA",HI,"Honolulu, HI",4.6,14
"Andrew Agard Law Office, LLC",,(808) 256-5858,,http://www.agardlaw.com/,"1357 Kapiolani Blvd #860, Honolulu, HI 96814, USA",HI,"Honolulu, HI",5,26
"Law Offices of Dan A. Colon, A Law Corp.",,(808) 526-1800,,http://www.dancolonlaw.com/,"700 Bishop St. Suite 1675, Topa Financial Center, 700 Bishop St #1415, Honolulu, HI 96813, USA",HI,"Honolulu, HI",5,6
"Law Office of Gregory Wilder, PLLC",,(808) 990-2424,,http://www.wilderandassociates.com/,"1441 Kapiolani Blvd #1115, Honolulu, HI 96814, USA",HI,"Honolulu, HI",5,1
Denise K. H. Kawatachi,,(808) 524-1433,,http://www.croninfried.com/,"841 Bishop St #600, Honolulu, HI 96813, USA",HI,"Honolulu, HI",,
Law Offices of Jan M. Weinberg,,(808) 796-5706,,,"735 Bishop St #336, Honolulu, HI 96813, USA",HI,"Honolulu, HI",5,2
Bickerton Law Group LLLP,,(808) 599-3811,,http://www.bsds.com/,"745 Fort Street Mall #801, Honolulu, HI 96813, USA",HI,"Honolulu, HI",4.1,15
James T. Leavitt,,(808) 537-2525,,http://www.lyslaw.com/,"737 Bishop St, Honolulu, HI 96813, USA",HI,"Honolulu, HI",5,3
"Charles H. Brower and Associates, A Law Corporation",,(808) 354-0131,,http://www.charlesbrower.com/,"900 Fort Street Mall #1210, Honolulu, HI 96813, USA",HI,"Honolulu, HI",3.7,14
"Nathan P. Roehrig, Attorney at Law",,(808) 946-5585,,https://www.nprlawhawaii.com/,"Pacific Guardian Center, Mauka Tower, 737 Bishop St Ste 2890-B, Honolulu, HI 96813, USA",HI,"Honolulu, HI",5,6
Burk Injury Lawyers,,(808) 646-2020,,https://fightforthelittleguy.com/hawaii-personal-injury-lawyer/?utm_source=google&utm_medium=GBP,"500 Ala Moana Blvd ste 7-400, Honolulu, HI 96813, USA",HI,"Honolulu, HI",,
Edmunds Verga & Omonaka,,(808) 528-3585,,http://www.ev-law.com/,"841 Bishop St #1715, Honolulu, HI 96813, USA",HI,"Honolulu, HI",5,1
Law Offices of Daniel A. Berger- A Law Corporation,,(808) 777-9888,,http://www.dabergerlaw.com/,"1003 Bishop St Suite 2700, Honolulu, HI 96813, USA",HI,"Honolulu, HI",,
David J. Gorberg & Associates - Lemon Law Attorneys,,(808) 464-6160,,https://www.mylemon.com/hawaii-lemon-law/,"1050 Queen St #100, Honolulu, HI 96814, USA",HI,"Honolulu, HI",5,161
Rosenberg McKay Hoffman,,(808) 536-4270,,https://www.rmhlawhawaii.com/?npcmp=dir:local:2517452:96813,"737 Bishop St #2350, Honolulu, HI 96813, USA",HI,"Honolulu, HI",4.4,7
Alen M. K. Kaneshiro Attorney at Law,,(808) 521-7720,,http://www.kaneshirolaw.com/,"841 Bishop St #2201, Honolulu, HI 96813, USA",HI,"Honolulu, HI",4.6,35
Richard D Gronna Attorney At Law,,(808) 347-6822,,,"841 Bishop St #2201, Honolulu, HI 96813, USA",HI,"Honolulu, HI",5,1
Law Offices of Alex M. Sonson,,(808) 671-8886,,https://sonsonlawfirm.com/,"1441 Kapiolani Blvd, Honolulu, HI 96814, USA",HI,"Honolulu, HI",4,9
Rodger I Hoffman Attorney,,(808) 566-9997,,,"700 Bishop St Ste 2100, Honolulu, HI 96813, USA",HI,"Honolulu, HI",5,5
"Rufo Law Group, LLLC",,(808) 852-7836,,http://www.rufolawgroup.com/,"1050 Bishop St, Honolulu, HI 96813, USA",HI,"Honolulu, HI",4,1
"Judith Ann Pavey, Attorney at Law",,(808) 537-6100,,http://judithannpavey.com/,"733 Bishop St Ste 1900, Honolulu, HI 96813, USA",HI,"Honolulu, HI",2.5,2
Robinson Chur & Cheng Attorneys at Law,,(808) 524-7900,,https://robinsonchurcheng.com/,"1001 Bishop St #940, Honolulu, HI 96813, USA",HI,"Honolulu, HI",,
Law Office of Myles S. Breiner,,(808) 526-3426,,http://www.hawaiicriminaldefense.net/,"Pauahi Tower, 1003 Bishop St Suite 2150, Honolulu, HI 96813, USA",HI,"Honolulu, HI",4.2,38
"Ellis Riccobono, LLP",,(808) 808-4053,,https://ertriallawyers.com/,"2136 Okoa St, Honolulu, HI 96821, USA",HI,"Honolulu, HI",,
Litster Frost Injury Lawyers,,(208) 333-3366,,https://litsterfrost.com/?utm_source=google&utm_medium=organic&utm_campaign=boise,"3501 W Elder St Ste 208, Boise, ID 83705, USA",ID,"Boise, ID",4.9,1108
Attorneys of Idaho,,(208) 314-8888,,https://www.attorneysofidaho.com/,"10114 W Overland Rd, Boise, ID 83709, USA",ID,"Boise, ID",5,502
The Advocates,,(208) 793-6897,,https://idahoadvocates.com/boise-car-accident-lawyers/,"3040 W Elder St, Boise, ID 83705, USA",ID,"Boise, ID",4.9,303
Craig Swapp & Associates,,(208) 628-5128,,https://www.craigswapp.com/locations/boise/?utm_source=google&utm_medium=organic&utm_campaign=gmb&utm_id=Boise&utm_content=main_button,"950 W Bannock St Suite 1100, Boise, ID 83702, USA",ID,"Boise, ID",5,640
Siegfried & Jensen,,(208) 203-8350,,https://siegfriedandjensen.com/boise-id/personal-injury-lawyer/?utm_source=google&utm_medium=organic&utm_campaign=gbp-listing-boise,"802 W Bannock St Ste 203, Boise, ID 83702, USA",ID,"Boise, ID",5,279
Feller & Wendt Personal Injury Attorneys - Boise,,(208) 591-6776,,https://www.fellerwendt.com/boise-personal-injury-lawyer/?utm_source=google&utm_medium=organic&utm_campaign=gbp-boise,"5536 N Eagle Rd, Boise, ID 83713, USA",ID,"Boise, ID",4.8,132
Parke Gordon Law,,(208) 314-1450,,https://www.parkegordon.com/?utm_source=GBP&utm_medium=GBP&utm_campaign=GBP_Boise&utm_id=GBP_Boise,"1150 W State St #300, Boise, ID 83702, USA",ID,"Boise, ID",4.9,167
Craig Swapp & Associates,,(208) 203-8588,,https://www.craigswapp.com/locations-served-idaho/meridian/?utm_source=google&utm_medium=organic&utm_campaign=gmb&utm_id=Meridian&utm_content=main_button,"3071 E Franklin Rd Ste 302, Meridian, ID 83642, USA",ID,"Boise, ID",4.9,999
Idaho Advocates Meridian,,(208) 203-9193,,https://idahoadvocates.com/meridian-car-accident-lawyer/,"1810 S Eagle Rd, Meridian, ID 83642, USA",ID,"Boise, ID",5,207
Fielding Law Group,,(208) 266-5797,,https://www.fieldinglawgroup.com/,"802 W Bannock St Ste 300, Boise, ID 83702, USA",ID,"Boise, ID",4.9,179
"Hepworth Holzer, LLP",,(208) 328-6998,,https://hepworthholzer.com/,"537 W Bannock St #200, Boise, ID 83702, USA",ID,"Boise, ID",4.7,91
Morgan & Morgan,,(208) 202-3030,,https://www.forthepeople.com/office-locations/idaho/boise/?utm_source=GMB&utm_medium=local&utm_campaign=BoiseIDGMB,"950 W Bannock St Ste 1163, Boise, ID 83702, USA",ID,"Boise, ID",4.7,247
Jane Gordon Law,,(208) 391-4747,,http://www.janegordonlaw.com/,"1004 W Fort St, Boise, ID 83702, USA",ID,"Boise, ID",4.9,55
Lowe Law Group,,(208) 648-5335,,https://www.lowelawgroup.com/boise/?utm_source=GMB&utm_medium=organic&utm_campaign=boise,"910 W Main St Ste 328, Boise, ID 83702, USA",ID,"Boise, ID",4.9,89
Monge & Associates Injury and Accident Attorneys,,(208) 886-5448,,https://www.becauseyouwanttowin.com/boise-personal-injury-lawyer/,"1401 S Robert St Ste 200-204, Boise, ID 83705, USA",ID,"Boise, ID",5,16
BAM Personal Injury Lawyers - Meridian Office,,(208) 923-1106,,https://baminjurylaw.com/meridian-personal-injury-lawyer/,"3597 E Monarch Sky Ln Ste 240, Meridian, ID 83646, USA",ID,"Boise, ID",4.9,102
Caldwell Law Group,,(208) 743-5299,,http://caldwell-law.net/,"350 N 9th St Ste 500, Boise, ID 83702, USA",ID,"Boise, ID",4.9,43
Strong Law,,(208) 416-2419,,https://www.stronglawattorneys.com/services/boise-personal-injury-lawyers?utm_source=gbp&utm_medium=organic&utm_campaign=boise-id,"800 W Main St, Boise, ID 83702, USA",ID,"Boise, ID",4.9,56
Fielding Law Group,,(208) 429-9999,,https://www.fieldinglawgroup.com/,"82 S Baltic Ave Ste 108, Meridian, ID 83642, USA",ID,"Boise, ID",4.8,104
Batta Fulkerson Law Firm,,(208) 722-2222,,https://battafulkersonboise.com/,"880 W River St, Boise, ID 83702, USA",ID,"Boise, ID",5,22
Montgomery Dowdle,,(208) 378-8882,,https://www.montgomerydowdle.com/,"13965 W Chinden Blvd #115, Boise, ID 83713, USA",ID,"Boise, ID",5,32
Storer & Steen,,(208) 323-0024,,http://idahoaccidentlaw.com/,"4850 N Rosepoint Way #104, Boise, ID 83713, USA",ID,"Boise, ID",4.8,66
"Smith Horras, P.A.",,(208) 697-5555,,http://shidaho.com/,"5561 N Glenwood St, Garden City, ID 83714, USA",ID,"Boise, ID",5,54
MORGAN LAW FIRM,,(208) 789-2098,,http://www.morganinjurylawyer.com/,"950 W Bannock St Suite 1100, Boise, ID 83702, USA",ID,"Boise, ID",4.9,68
"Thompson Law Group, PLLC",,(208) 342-7880,,https://thompsonlawboise.com/?utm_source=gmb&utm_medium=organic&utm_content=gmb_listing&utm_campaign=location_boise,"350 N 9th St Ste 500, Boise, ID 83702, USA",ID,"Boise, ID",4.9,48
Goldberg & Loren,,(208) 516-2521,,https://goldbergloren.com/locations/boise/?utm_source=GMB&utm_medium=organic&utm_campaign=GoogleMyBusiness,"910 W Main St Ste 337, Boise, ID 83702, USA",ID,"Boise, ID",5,38
Kluksdal Law,,(208) 996-8180,,https://kluksdallaw.com/,"350 N 9th St Ste 500, Boise, ID 83702, USA",ID,"Boise, ID",5,12
Stetson Injury Law,,(208) 475-4544,,https://stetsoninjurylaw.com/,"3355 N Lakeharbor Ln, Boise, ID 83703, USA",ID,"Boise, ID",5,4
"Andrew Injury Law, PC | Meridian Personal Injury and Car Accident Lawyer",,(208) 517-7670,,https://www.andrewinjurylaw.com/caldwell-personal-injury-lawyer/?utm_source=GMB&utm_campaign=meridian,"3597 E Monarch Sky Ln Ste 240, Meridian, ID 83646, USA",ID,"Boise, ID",5,8
Johnson & Lundgreen,,(208) 718-5181,,https://johnsonandlundgreen.com/?utm_source=google&utm_medium=local&utm_campaign=1&utm_content=primary,"2541 E Gala St Ste 210, Meridian, ID 83642, USA",ID,"Boise, ID",5,37
"Rossman Law Group, PLLC",,(208) 331-2030,,https://rossmanlaw.com/,"350 N 9th St Ste 500, Boise, ID 83702, USA",ID,"Boise, ID",4.6,66
Monteleone Law Offices,,(208) 331-2100,,https://treasurevalleylawyers.com/?utm_source=google&utm_medium=local&utm_campaign=gmb_listing,"350 N 9th St Ste 500, Boise, ID 83702, USA",ID,"Boise, ID",4.4,15
"Hepworth Holzer, LLP",,(208) 301-5440,,https://hepworthholzer.com/personal-injury-lawyers-in-meridian-id/,"1910 N Lakes Pl Ste A, Meridian, ID 83646, USA",ID,"Boise, ID",4.7,12
Kurt Holzer Personal Injury Attorney,,(208) 343-7510,,https://hepworthholzer.com/attorneys/kurt-d-holzer/,"537 W Bannock St #200, Boise, ID 83702, USA",ID,"Boise, ID",4.5,33
Meyer Injury Lawyers,,(208) 943-2114,,https://www.meyerinjurylawyers.com/?utm_campaign=gmb&utm_medium=organic&utm_source=gmb,"1250 E Iron Eagle Dr Ste 100C, Eagle, ID 83616, USA",ID,"Boise, ID",4.8,35
Shep Law Group,,(208) 887-3444,,https://autoinjuryidaho.com/?utm_source=google-local&utm_medium=organic&utm_campaign=368,"1990 N Meridian Rd, Meridian, ID 83646, USA",ID,"Boise, ID",4.7,109
Hepworth Law Offices,,(208) 333-0702,,https://www.jeffhepworthlaw.com/,"2229 W State St, Boise, ID 83702, USA",ID,"Boise, ID",4.5,32
Mountain States Injury Law,,(208) 629-4337,,https://mountainstatesinjurylaw.com/boise-motorcycle-accident-lawyer/,"10332 W Ustick Rd Unit A, Boise, ID 83704, USA",ID,"Boise, ID",5,2
J. Charles Hepworth,,(208) 343-7510,,https://hepworthholzer.com/attorneys/j-charles-hepworth/,"537 W Bannock St #200, Boise, ID 83702, USA",ID,"Boise, ID",3,14
Litster Frost Injury Lawyers,,(208) 886-1322,,https://litsterfrost.com/?utm_source=google&utm_medium=organic&utm_campaign=meridian,"1097 N Rosario St Ste 200, Meridian, ID 83642, USA",ID,"Boise, ID",5,43
"Andrew Injury Law, PC | Nampa Personal Injury and Car Accident Lawyer",,(208) 517-7670,,https://www.andrewinjurylaw.com/nampa-personal-injury-lawyer/,"270 W Georgia Ave Ste 100, Nampa, ID 83686, USA",ID,"Boise, ID",5,81
Parker & McConkie Personal Injury Lawyers,,(208) 782-6387,,https://www.parkerandmcconkie.com/areas-we-serve/boise/?utm_source=google&utm_medium=organic&utm_campaign=GBP_Boise,"1020 W Main St #100B, Boise, ID 83702, USA",ID,"Boise, ID",5,1
GLP Attorneys,,(208) 252-5849,,https://glpattorneys.com/,"999 W Main St Ste 100, Boise, ID 83702, USA",ID,"Boise, ID",4,4
"Mahoney Law, PLLC",,(208) 296-6451,,http://www.patrickmahoneylaw.com/,"1211 W Myrtle St #350, Boise, ID 83702, USA",ID,"Boise, ID",4,43
Filicetti Law Office P.A.,,(208) 388-0123,,https://filicettilaw.com/,"280 N 8th St #138, Boise, ID 83702, USA",ID,"Boise, ID",4.7,51
Armstrong & Kirkendall Chartered,,(208) 639-5560,,http://www.armstrongandkirkendall.com/,"2316 N Cole Rd F, Boise, ID 83704, USA",ID,"Boise, ID",5,9
Edwards John T,,(208) 343-7510,,https://hepworthholzer.com/attorneys/john-t-edwards/,"537 W Bannock St #200, Boise, ID 83702, USA",ID,"Boise, ID",5,3
Pedersen Whitehead & Hanby,,(208) 336-2552,,https://www.pedersen-law.com/?utm_source=GMB&utm_medium=organic&utm_campaign=boise,"199 N Capitol Blvd #500, Boise, ID 83702, USA",ID,"Boise, ID",,
Law Offices of Matthew G. Gunn,,(208) 400-6039,,https://www.lawmgg.com/?utm_source=google&utm_medium=organic&utm_campaign=gbp_boise_id_83705,"2710 W Sunrise Rim Rd #100, Boise, ID 83705, USA",ID,"Boise, ID",4.8,23
Mossman Law Office,,(208) 874-0900,,https://www.mossmanlaw.us/?npcmp=dir:local:2116827:83702,"611 W Hays St, Boise, ID 83702, USA",ID,"Boise, ID",4.5,106
McCready Law,,(317) 886-1314,,https://mccreadylaw.com/indianapolis-injury/?utm_source=GBP&utm_medium=GBP&utm_campaign=GBP_Indianapolis&utm_id=GBP_Indianapolis,"8200 Haverstick Rd Ste 210, Indianapolis, IN 46240, USA",IN,"Indianapolis, IN",4.9,328
"Craig, Kelley and Faultless LLC",,(317) 434-1719,,https://www.ckflaw.com/indianapolis?utm_source=local&utm_medium=organic&utm_campaign=indianapolisgbp,"5845 Lawton Loop E Dr, Indianapolis, IN 46216, USA",IN,"Indianapolis, IN",4.9,645
Rob King & Associates,,(317) 648-1339,,https://robkinglaw.com/?utm_campaign++=gmb-indianapolis&utm_campaign=gmb&utm_medium=organic&utm_source=google,"320 N Meridian St Ste 906, Indianapolis, IN 46204, USA",IN,"Indianapolis, IN",4.9,130
Ward & Ward Personal Injury Lawyers,,(317) 740-1900,,https://wardlawfirm.com/,"728 S Meridian St, Indianapolis, IN 46225, USA",IN,"Indianapolis, IN",4.9,379
"Hensley Legal Group, PC",,(317) 526-1440,,https://hensleylegal.com/indianapolis-personal-injury-lawyers/?utm_source=google&utm_medium=organic&utm_campaign=indianapolis_gbp&utm_id=indianapolis,"117 E Washington St #301, Indianapolis, IN 46204, USA",IN,"Indianapolis, IN",4.9,3930
"Shartzer Law Firm, LLC",,(317) 983-5657,,https://www.shartzerlaw.com/?npcmp=dir:local:4928210:46204,"156 E Market St 10th Floor, Suite 1000, Indianapolis, IN 46204, USA",IN,"Indianapolis, IN",4.9,107
Keller & Keller Injury Lawyers,,(317) 926-1111,,https://www.2keller.com/indiana/,"2850 N Meridian St, Indianapolis, IN 46208, USA",IN,"Indianapolis, IN",4.9,853
"Yosha Law, Injury & Accident Lawyers",,(317) 648-7319,,https://yoshalawfirm.com/indianapolis-injury/?utm_source=google&utm_medium=organic&utm_campaign=gmb-listing-9102-indianapolis,"280 E 96th St Ste 220A, Indianapolis, IN 46240, USA",IN,"Indianapolis, IN",4.9,171
"Poynter & Bucheri, LLC",,(317) 325-8705,,https://pb-law.com/,"4202 Madison Ave, Indianapolis, IN 46227, USA",IN,"Indianapolis, IN",4.9,136
Christie Bell & Marshall,,(317) 794-2742,,https://christielawoffice.com/,"951 N Delaware St, Indianapolis, IN 46202, USA",IN,"Indianapolis, IN",4.9,51
"Wagner Reese, LLP",,(317) 934-7990,,https://www.wagnerreese.com/location/indianapolis-personal-injury-lawyers/,"201 N Illinois St 16th Floor, Indianapolis, IN 46204, USA",IN,"Indianapolis, IN",4.9,130
"Fountain Law Firm, P.C.",,(317) 917-7873,,https://www.fountaininjurylaw.com/?utm_source=google&utm_medium=organic&utm_campaign=gmb,"3815 River Crossing Pkwy Ste #100, Room #139, Indianapolis, IN 46240, USA",IN,"Indianapolis, IN",5,62
Rowe and Hamilton,,(317) 632-2524,,https://roweandhamilton.com/,"101 W Ohio St Suite 1701, Indianapolis, IN 46204, USA",IN,"Indianapolis, IN",4.9,70
Morgan & Morgan,,(463) 204-6800,,https://www.forthepeople.com/office-locations/indiana/indianapolis/?utm_source=GMB&utm_medium=local&utm_campaign=IndianapolisINGMB,"117 E Washington St Ste 201, Indianapolis, IN 46204, USA",IN,"Indianapolis, IN",4.7,1016
Vaughan & Vaughan Injury and Accident Attorneys Since 1913 - Indianapolis,,(463) 241-6483,,https://vaughanandvaughan.com/indianapolis-personal-injury-lawyer/?utm_source=google&utm_medium=organic&utm_campaign=gbp,"9595 Whitley Dr Ste 203, Indianapolis, IN 46240, USA",IN,"Indianapolis, IN",5,60
"Tabor Law Firm, LLP",,(463) 251-1813,,https://www.taborlawfirm.com/?utm_source=gbp&utm_medium=organic&utm_campaign=gbp-listing,"3815 River Crossing Pkwy Ste 340, Indianapolis, IN 46240, USA",IN,"Indianapolis, IN",4.9,71
Law Office of Daniel L. Quigley,,(888) 401-6115,,https://www.indianahurtatwork.com/,"5845 Lawton Loop E Dr, Indianapolis, IN 46216, USA",IN,"Indianapolis, IN",4.9,504
Isaacs & Isaacs,,(317) 237-9000,,https://wewin.com/?utm_source=Google&utm_medium=Organic&utm_campaign=gmb-listing-Indy,"201 N Illinois St suite 1600, Indianapolis, IN 46204, USA",IN,"Indianapolis, IN",4.8,613
Doehrman Buba Ring Car Accident & Personal Injury Lawyers,,(317) 844-9999,,https://www.tortslaw.com/contact/?utm_source=google&utm_medium=link&utm_campaign=gbp,"120 N Rangeline Rd, Carmel, IN 46032, USA",IN,"Indianapolis, IN",5,70
Klezmer Maudlin PC,,(317) 597-6293,,https://www.klezmermaudlin.com/?utm_source=google&utm_medium=organic&utm_campaign=GBP_Indianapolis,"8520 Center Run Dr, Indianapolis, IN 46250, USA",IN,"Indianapolis, IN",4.8,462
Wilson Kehoe Winingham Injury Lawyers Indianapolis,,(317) 743-3529,,https://www.wkw.com/?utm_source=google&utm_medium=organic&utm_campaign=gmb-Indianapolis,"2859 N Meridian St, Indianapolis, IN 46208, USA",IN,"Indianapolis, IN",4.8,133
Ladendorf Fregiato & Bigler,,(317) 842-5800,,https://www.ladendorf.com/indianapolis-personal-injury-law-office/?npcmp=dir:local:3406990:46250,"7310 Shadeland Ave, Indianapolis, IN 46250, USA",IN,"Indianapolis, IN",4.8,106
Team Green Law,,(317) 204-8233,,https://www.teamgreenlaw.com/?utm_source=local&utm_medium=organic&utm_campaign=gmb_Indianapolis,"6602 E 75th St Ste. 505, Indianapolis, IN 46250, USA",IN,"Indianapolis, IN",4.9,329
Tandy Law Firm,,(317) 669-0655,,https://www.tandylawfirm.com/?utm_source=google&utm_medium=organic&utm_campaign=gbp-listing-indianapolis,"8515 Cedar Pl Dr Ste 101, Indianapolis, IN 46240, USA",IN,"Indianapolis, IN",4.8,118
Truitt Law Offices,,(317) 790-2517,,https://www.truittlawoffices.com/locations/indianapolis-office/?utm_source=local&utm_medium=organic&utm_campaign=gmb_indianapolis,"8888 Keystone Crossing Ste 1340, Indianapolis, IN 46240, USA",IN,"Indianapolis, IN",5,96
Kaushal Law LLC,,(765) 434-3787,,https://kaushallawyers.com/,"50 91st St #102, Indianapolis, IN 46240, USA",IN,"Indianapolis, IN",5,52
Monge & Associates Injury and Accident Attorneys,,(317) 300-5732,,https://www.becauseyouwanttowin.com/indianapolis-personal-injury-lawyer/?utm_source=google&utm_medium=organic&utm_campaign=gbp-indianapolis,"101 W Ohio St Ste 2001, Indianapolis, IN 46204, USA",IN,"Indianapolis, IN",5,33
Hurst Limontes,,(317) 636-0808,,https://hurstlimontes.com/,"50 S Meridian St Ste 600, Indianapolis, IN 46204, USA",IN,"Indianapolis, IN",5,237
Stewart & Stewart Attorneys,,(317) 846-8999,,https://www.getstewart.com/?utm_source=Local&utm_medium=Organic&utm_content=GMB,"931 S Rangeline Rd, Carmel, IN 46032, USA",IN,"Indianapolis, IN",4.8,575
SLG Accident Attorneys,,(317) 762-4186,,https://slgaccidentattorneys.com/?UTM_source=GMB_listing&UTM_medium=organic,"11807 Allisonville Rd Ste 220, Fishers, IN 46038, USA",IN,"Indianapolis, IN",5,68
Marc Lopez Law Firm,,(317) 632-3642,,https://marclopezlaw.com/,"120 E Market St Ste 710, Indianapolis, IN 46204, USA",IN,"Indianapolis, IN",4.9,1922
Parr Richey Frandsen Patterson Kruse LLP,,(317) 269-2509,,https://injury.parrlaw.com/?npcmp=dir:local:1885769:46204,"251 N Illinois St #1800, Indianapolis, IN 46204, USA",IN,"Indianapolis, IN",5,35
Crossen Law Firm,,(463) 294-3975,,https://www.crossenlawfirm.com/,"2555 E 55th Pl Ste 211, Indianapolis, IN 46220, USA",IN,"Indianapolis, IN",4.9,83
"CohenMalad, LLP",,(463) 282-6287,,https://cohenandmalad.com/?utm_source=google&utm_medium=organic&utm_campaign=gbp_indianapolis_in_46204,"One Indiana Sq #1400, Indianapolis, IN 46204, USA",IN,"Indianapolis, IN",4.7,188
"Craig, Kelley & Faultless LLC",,(317) 986-2300,,https://www.ckflaw.com/indianapolis?utm_source=local&utm_medium=organic&utm_campaign=indianapolisgbp,"4124 Shelby St, Indianapolis, IN 46227, USA",IN,"Indianapolis, IN",4.8,42
"Boulton Law Group, LLC",,(317) 350-2680,,https://www.boultoninjurylaw.com/,"119 E Main St, Brownsburg, IN 46112, USA",IN,"Indianapolis, IN",5,70
Barsumian Armiger Injury Lawyers,,(317) 644-6975,,https://www.barsumianlaw.com/,"14074 Trade Center Dr Ste 202, Fishers, IN 46038, USA",IN,"Indianapolis, IN",5,28
Caress Worland Law Group,,(317) 255-5400,,https://www.caresslaw.com/,"836 E 64th St, Indianapolis, IN 46220, USA",IN,"Indianapolis, IN",4.9,72
"Pavlack Law, LLC",,(317) 733-5171,,https://pavlacklawfirm.com/?npcmp=dir:local:4454877:46240,"50 91st St #305, Indianapolis, IN 46240, USA",IN,"Indianapolis, IN",4.7,40
"The Kryder Law Group, LLC Accident and Injury Lawyers",,(317) 768-0876,,https://www.kryderlaw.com/indianapolis-injury/?utm_source=google_gbp&utm_medium=organic&utm_campaign=GBPIndianapolis,"429 N Pennsylvania St Ste 300J, Indianapolis, IN 46204, USA",IN,"Indianapolis, IN",5,5
"Garau Germano, P.C.",,(317) 975-1477,,https://www.indianapolis-medical-malpractice-lawyer.com/indianapolis-medical-malpractice-law-office/?npcmp=dir:local:2553913:46205,"3710 N Washington Blvd, Indianapolis, IN 46205, USA",IN,"Indianapolis, IN",4.2,37
Viper Law Group,,(317) 641-1709,,https://www.viperlaw.com/,"9800 Crosspoint Blvd Ste 200, Indianapolis, IN 46256, USA",IN,"Indianapolis, IN",5,134
Wyant Law,,(317) 683-0333,,https://wyantlawoffice.com/?utm_source=google&utm_medium=organic&utm_campaign=GBP_Fishers,"11397 Lantern Rd, Fishers, IN 46038, USA",IN,"Indianapolis, IN",4.9,49
"Hensley Legal Group, PC",,(317) 526-1888,,https://hensleylegal.com/fishers-personal-injury-lawyers/?utm_source=google&utm_medium=organic&utm_campaign=fishers_gbp&utm_id=fishers,"8350 Sunlight Dr Ste 300, Fishers, IN 46037, USA",IN,"Indianapolis, IN",4.9,622
"Powless Law Firm, P.C.",,(877) 769-5377,,http://www.powlesslaw.com/,"8901 Otis Ave Ste 125, Indianapolis, IN 46216, USA",IN,"Indianapolis, IN",4.8,176
"Steven E. Willsey, Attorney at Law",,(317) 783-2500,,http://www.willseylaw.com/,"6435 S East St Ste A, Indianapolis, IN 46227, USA",IN,"Indianapolis, IN",4.9,37
Ken Nunn Law Office,,(317) 754-7951,,http://kennunn.com/?utm_source=gmb&utm_medium=organic&utm_campaign=indianapolis-gmb,"211 N Pennsylvania St #1525, Indianapolis, IN 46204, USA",IN,"Indianapolis, IN",4.1,187
"Wagner Reese, LLP",,(463) 210-1575,,https://www.wagnerreese.com/location/carmel-personal-injury-lawyer/,"11939 N Meridian St, Carmel, IN 46032, USA",IN,"Indianapolis, IN",5,73
Alex Mendoza Law,,(317) 961-2770,,http://www.alexmendozalaw.com/?utm_source=google&utm_medium=search_engine&utm_campaign=gmb,"5346 W 38th St, Indianapolis, IN 46254, USA",IN,"Indianapolis, IN",4.8,121
Young and Young,,(317) 639-5161,,https://youngandyoungin.com/?utm_source=GMB&utm_medium=organic&utm_campaign=main,"128 N Delaware St 3rd Floor, Indianapolis, IN 46204, USA",IN,"Indianapolis, IN",5,20
Tom Fowler Law,,(515) 203-8434,,https://www.tomfowlerlaw.com/,"8350 Hickman Rd #200, Clive, IA 50325, USA",IA,"Des Moines, IA",5,995
Monge & Associates Injury and Accident Attorneys,,(515) 461-6635,,https://www.becauseyouwanttowin.com/des-moines-iowa-personal-injury-lawyer/,"1001 Office Park Rd Ste 3003, West Des Moines, IA 50265, USA",IA,"Des Moines, IA",4.9,158
"Mueller, Schmidt, Mulholland & Cooling, PLLC",,(515) 705-2866,,https://www.msmcinjurylawyers.com/des-moines/?utm_source=google&utm_medium=organic&utm_campaign=local,"213 13th St, Des Moines, IA 50309, USA",IA,"Des Moines, IA",5,420
Reid Law Firm,,(515) 381-9842,,http://treidlawfirm.com/,"100 Court Ave Ste 315, Des Moines, IA 50309, USA",IA,"Des Moines, IA",5,103
Carpenter Law Firm,,(515) 244-9907,,https://carpenterlawfirm.com/,"300 Walnut St # 270, Des Moines, IA 50309, USA",IA,"Des Moines, IA",5,236
Nicolet Law Accident & Injury Lawyers,,(515) 298-8989,,https://nicoletlaw.com/des-moines-personal-injury-lawyer/?utm_source=google&utm_medium=organic&utm_campaign=gbp_des_moines,"606 Walnut St Suite 2313, Des Moines, IA 50309, USA",IA,"Des Moines, IA",4.9,70
"LaMarca Law Group, P.C.",,(515) 705-0233,,https://www.youriowalawyers.com/,"1820 NW 118th St #200, Des Moines, IA 50325, USA",IA,"Des Moines, IA",4.9,216
"Walker, Billingsley & Bair Law Office, Accident & Injury Lawyers",,(641) 552-1399,,https://www.iowainjured.com/offices/des-moines-personal-injury-and-work-comp-attorneys.cfm?utm_source=GMB&utm_medium=DesMoines,"7755 Hickman Rd, Des Moines, IA 50322, USA",IA,"Des Moines, IA",5,279
RSH Legal - Iowa Personal Injury Lawyers,,(515) 209-3220,,https://www.fightingforfairness.com/des-moines/?utm_source=gbp&utm_medium=organic&utm_campaign=gbp-website-des-moines,"2600 Grand Ave #213, Des Moines, IA 50312, USA",IA,"Des Moines, IA",5,113
"Loney & Schueller, LLC",,(515) 303-2869,,https://www.loneylaw.com/?npcmp=dir:local:4281837:50266,"1311 50th St, West Des Moines, IA 50266, USA",IA,"Des Moines, IA",4.9,66
Baer Law Office,,(515) 279-2000,,https://www.baerlawoffice.com/?utm_source=GBP,"838 5th Ave, Des Moines, IA 50309, USA",IA,"Des Moines, IA",4.8,131
Lombardi Law Firm,,(515) 222-1110,,https://lombardilaw.com/,"595 S 60th St Ste 175, West Des Moines, IA 50266, USA",IA,"Des Moines, IA",4.8,66
Morgan & Morgan,,(515) 706-6100,,https://www.forthepeople.com/office-locations/iowa/des-moines/?utm_source=GMB&utm_medium=local&utm_campaign=DesMoinesAIGMB,"699 Walnut St Ste 401, Des Moines, IA 50309, USA",IA,"Des Moines, IA",4.7,369
The Advocates Injury Attorneys,,(515) 206-8969,,https://www.theadvocates.com/iowa/?utm_source=google&utm_medium=local&utm_campaign=gmb-desmoines,"1201 63rd St, Des Moines, IA 50311, USA",IA,"Des Moines, IA",5,11
"Nate Staudt, Attorney at Law",,(515) 452-5650,,https://natestaudtlaw.com/,"2423 Ingersoll Ave, Des Moines, IA 50312, USA",IA,"Des Moines, IA",5,33
"Lawyer, Lawyer, Dutton, Drake & Conklin, LLP",,(515) 224-4400,,https://www.lldd.net/,"2469 106th St, Urbandale, IA 50322, USA",IA,"Des Moines, IA",5,46
"The Kryder Law Group, LLC Accident and Injury Lawyers",,(515) 513-6770,,https://www.kryderlaw.com/des-moines-injury/?utm_source=google_gbp&utm_medium=organic&utm_campaign=GBPDesMoines,"505 5th Ave Ste 550, Des Moines, IA 50309, USA",IA,"Des Moines, IA",5,48
Lowe Law Group,,(515) 526-5470,,https://www.lowelawgroup.com/des-moines/?utm_source=GMB&utm_medium=organic&utm_campaign=des-moines,"4214 Fleur Dr Ste 11A, Des Moines, IA 50321, USA",IA,"Des Moines, IA",4.9,135
"Hupy and Abraham, S.C.",,(515) 984-0091,,https://www.hupy.com/offices/des-moines-personal-injury-lawyer.cfm?utm_source=google&utm_medium=organic&utm_campaign=gbp-west-des-moines,"1089 Jordan Creek Pkwy Ste 265, West Des Moines, IA 50266, USA",IA,"Des Moines, IA",4.4,143
"Roxanne Conlin & Associates, P.C.",,(515) 283-1111,,https://www.roxanneconlinlaw.com/?npcmp=dir:local:1065512:50321,"3721 SW 61st St Ste c, Des Moines, IA 50321, USA",IA,"Des Moines, IA",4.4,43
Law Tigers Iowa Motorcycle Accident Lawyers - Des Moines,,(515) 310-1342,,https://lawtigers.com/locations/iowa/des-moines/,"2600 Grand Ave, Des Moines, IA 50312, USA",IA,"Des Moines, IA",5,141
"Slater Law, LLC",,(866) 412-5937,,https://www.slaterlaw.net/,"5070 Grand Ridge Dr, West Des Moines, IA 50265, USA",IA,"Des Moines, IA",4.5,34
"Hixson & Brown, P.C.",,(515) 303-2620,,https://www.hixsonbrown.com/,"160 S 68th St Ste 1108, West Des Moines, IA 50266, USA",IA,"Des Moines, IA",5,37
Hope Law Firm,,(515) 298-5056,,https://www.hopelawfirm.com/,"5022 Grand Ridge Dr Suite 200, West Des Moines, IA 50265, USA",IA,"Des Moines, IA",4.6,652
Law Group of Iowa - Personal Injury Lawyers - 24/7 Call Answering,,(515) 379-6035,,https://lawgroupofiowa.com/,"5601 Hickman Rd Ste 3B, Des Moines, IA 50310, USA",IA,"Des Moines, IA",4.8,76
Law Group of Iowa - Personal Injury Lawyers - 24/7 Call Answering,,(515) 495-6316,,https://lawgroupofiowa.com/,"699 Walnut St, Des Moines, IA 50309, USA",IA,"Des Moines, IA",4.6,93
VanDerGinst Law - Personal Injury Lawyers,,(866) 797-4529,,https://www.vlaw.com/locations/des-moines/,"2742 Hubbell Ave, Des Moines, IA 50317, USA",IA,"Des Moines, IA",4.7,76
Platt Law Firm PC,,(515) 346-6659,,https://www.nickplattlaw.com/?npcmp=dir:local:4963297:50322,"2900 100th St #304, Urbandale, IA 50322, USA",IA,"Des Moines, IA",4.9,105
"Parrish-Sams Luthens Law, PC",,(515) 222-1697,,https://www.psl-law.com/,"2910 Westown Pkwy Ste 203, West Des Moines, IA 50266, USA",IA,"Des Moines, IA",4.9,32
Erbe Law Firm,,(515) 229-0202,,http://erbelaw.com/,"First Floor, 2501 Grand Ave, Des Moines, IA 50312, USA",IA,"Des Moines, IA",4.9,41
"Tully Law Office, P.C.",,(515) 650-5500,,https://www.tullylawofficepc.com/,"118 SE 4th St, Des Moines, IA 50309, USA",IA,"Des Moines, IA",4.8,11
Lombardi & Miler Law Firm PLLC,,(515) 513-5324,,https://www.lawyersofiowa.com/?npcmp=dir:local:5329071:50266,"595 S 60th St Ste 175, West Des Moines, IA 50266, USA",IA,"Des Moines, IA",5,201
Spellman Law Firm,,(515) 465-5326,,http://www.spellmanlawfirm.com/,"319 SW 5th St #201, Des Moines, IA 50309, USA",IA,"Des Moines, IA",4.8,6
"Rouse Law, P.C.",,(515) 223-9000,,https://rouselaw.us/,"4940 Pleasant St, West Des Moines, IA 50266, USA",IA,"Des Moines, IA",5,65
Channing L. Dutton,,(515) 224-4400,,http://www.lldd.net/,"2469 106th St, Urbandale, IA 50322, USA",IA,"Des Moines, IA",4.5,2
Galligan Law,,(515) 316-6179,,https://www.galliganlaw.com/?npcmp=dir:local:1065509:50325,"13375 University Ave Ste 302, Clive, IA 50325, USA",IA,"Des Moines, IA",4.2,40
Norris Injury Law Group,,(515) 297-7482,,https://www.norrisinjurylawgroup.com/?npcmp=dir:local:5260401:50266,"1200 Valley W Dr #606, West Des Moines, IA 50266, USA",IA,"Des Moines, IA",5,1
Duff Law Firm,,(515) 224-4999,,https://dufflawfirmplc.com/,"4090 Westown Pkwy Ste 102, West Des Moines, IA 50266, USA",IA,"Des Moines, IA",4.9,32
Rob Conklin,,(515) 224-4400,,http://www.lldd.net/,"2469 106th St, Urbandale, IA 50322, USA",IA,"Des Moines, IA",5,2
"McEnroe, Steinbach, Rothman & Kendell P.C.",,(515) 267-9000,,https://www.mcenroelaw.com/,"1701 48th St #100, West Des Moines, IA 50266, USA",IA,"Des Moines, IA",4.1,48
Tucker Law Office,,(515) 276-8282,,http://www.tuckerlaw.net/,"2400 86th St Ste 35, Des Moines, IA 50322, USA",IA,"Des Moines, IA",4.4,20
Gary Kendell,,(515) 205-1922,,https://www.garykendell.com/,"1701 48th St, West Des Moines, IA 50266, USA",IA,"Des Moines, IA",5,5
"Stoltze Law Group, PLC",,(515) 244-1473,,https://stoltzelaw.com/,"300 Walnut St Ste 260, Des Moines, IA 50309, USA",IA,"Des Moines, IA",3.5,17
"Carter Law Offices, P.C.",,(515) 644-4871,,https://www.jeffcarterlaw.com/?npcmp=dir:local:3993095:50309,"300 Walnut St Ste 260, Des Moines, IA 50309, USA",IA,"Des Moines, IA",4.3,24
"Beattie Law Firm, P.C.",,(515) 263-1000,,http://www.beattielawfirm.com/,"4300 Grand Ave, Des Moines, IA 50312, USA",IA,"Des Moines, IA",4.2,15
GOODMAN/KELLER P.C.,,(515) 267-8600,,http://www.golawpc.com/,"1501 42nd St #300, West Des Moines, IA 50266, USA",IA,"Des Moines, IA",4.8,26
"Spaulding & Shaull, P.L.C.",,(515) 277-6559,,http://sslawplc.com/,"2423 Ingersoll Ave, Des Moines, IA 50312, USA",IA,"Des Moines, IA",4.5,23
"Hedberg & Boulton, P.C.",,(515) 446-9861,,https://www.hedberglaw.com/?npcmp=dir:local:2242556:50309,"100 Court Ave #425, Des Moines, IA 50309, USA",IA,"Des Moines, IA",4.3,35
"Higgins Law Firm, PLLC",,(515) 619-9148,,http://www.higginslawiowa.com/,"701 13th St Ste 1, West Des Moines, IA 50265, USA",IA,"Des Moines, IA",4.8,110
Drew Law Firm PC,,(515) 323-5640,,https://drewlawfirm.com/,"535 40th St, Des Moines, IA 50312, USA",IA,"Des Moines, IA",5,2
Brian & Brian At Pistotnik Injury Law,,(316) 800-8000,,https://www.pistotniklawfirm.com/,"311 S Hillside St, Wichita, KS 67211, USA",KS,"Wichita, KS",4.9,303
Paul Hogan's Law Center for Car Accident Injuries,,(866) 303-1411,,http://www.caraccidentinjurylawcenter.com/,"400 N Woodlawn St Ste 13A, Wichita, KS 67208, USA",KS,"Wichita, KS",4.9,100
Patterson Legal Group,,(316) 550-0000,,https://pattersonlegalgroup.com/,"6800 W Kellogg Dr, Wichita, KS 67209, USA",KS,"Wichita, KS",4.9,1007
Bull Attorneys,,(316) 684-4400,,https://bullattorneys.com/locations/east-wichita/?utm_source=google&utm_medium=GMB&utm_campaign=GMB,"10111 E 21st St N #204, Wichita, KS 67206, USA",KS,"Wichita, KS",4.8,783
Mann Wyatt Tanksley,,(316) 531-9123,,https://www.mannwyatt.com/location/personal-injury-lawyers-wichita/,"801 E Douglas Ave 2nd Floor, Wichita, KS 67202, USA",KS,"Wichita, KS",4.9,130
DeVaughn James Injury Lawyers,,(316) 888-8888,,http://www.devaughnjames.com/,"3241 N Toben St, Wichita, KS 67226, USA",KS,"Wichita, KS",4.8,650
Patterson Legal Group,,(316) 550-0000,,https://pattersonlegalgroup.com/kansas/wichita/,"3105 E Central Ave, Wichita, KS 67214, USA",KS,"Wichita, KS",5,358
Accident Recovery Team,,(316) 267-8326,,http://www.accidentrecoveryteam.com/,"833 N Waco Ave, Wichita, KS 67203, USA",KS,"Wichita, KS",4.3,148
DeVaughn James Injury Lawyers,,(316) 888-8888,,http://www.devaughnjames.com/,"7940 W Kellogg Dr, Wichita, KS 67209, USA",KS,"Wichita, KS",4.9,701
Monge & Associates Injury and Accident Attorneys,,(316) 531-9975,,https://www.becauseyouwanttowin.com/wichita-kansas-personal-injury-lawyer/,"3450 N Rock Rd #201, Wichita, KS 67226, USA",KS,"Wichita, KS",4.9,131
Bretz Personal Injury & Car Accident Lawyer Wichita,,(316) 531-9151,,https://www.byinjurylaw.com/wichita-lawyer/?utm_source=GMB&utm_medium=organic&utm_campaign=wichita,"225 N Market St Ste 345, Wichita, KS 67202, USA",KS,"Wichita, KS",5,22
"Hutton & Hutton Law Firm, LLC",,(316) 688-1166,,https://www.huttonlaw.com/,"8100 E 22nd St N Ste 1200, Wichita, KS 67226, USA",KS,"Wichita, KS",4.6,55
Patterson Legal Group,,(316) 550-0000,,https://pattersonlegalgroup.com/kansas/wichita/,"405 E 47th St S, Wichita, KS 67216, USA",KS,"Wichita, KS",5,236
Patterson Legal Group,,(316) 550-0000,,https://pattersonlegalgroup.com/kansas/wichita/,"1144 N St Francis Ave, Wichita, KS 67214, USA",KS,"Wichita, KS",5,25
Devkota Law Firm: Abogados de Accidentes,,(316) 600-8282,,https://devkotalawfirm.com/,"320 W 21st St, Wichita, KS 67203, USA",KS,"Wichita, KS",5,107
Morgan & Morgan,,(316) 765-6000,,https://www.forthepeople.com/office-locations/kansas/wichita/?utm_source=GMB&utm_medium=local&utm_campaign=WichitaKSGMB,"801 E Douglas Ave Ste 262, Wichita, KS 67202, USA",KS,"Wichita, KS",4.8,384
DM Injury Law Wichita,,(316) 844-7380,,https://www.dmlawusa.com/wichita/?utm_source=GMB&utm_medium=organic&utm_campaign=wichita,"515 S Main St Ste 107, Wichita, KS 67202, USA",KS,"Wichita, KS",4.7,75
Slape & Howard,,(316) 262-3445,,https://www.slapehoward.com/?utm_source=google-local&utm_medium=organic&utm_campaign=496,"117 N Handley St, Wichita, KS 67203, USA",KS,"Wichita, KS",4.8,345
Warner Law Offices,,(316) 269-2500,,https://www.warnerlawoffices.com/,"310 W Central Ave Ste 110, Wichita, KS 67202, USA",KS,"Wichita, KS",4,22
Prochaska Law,,(316) 683-9080,,https://www.phpattorneys.com/?utm_source=google&utm_campaign=Wichita,"8415 E 21st St N #230, Wichita, KS 67206, USA",KS,"Wichita, KS",4.6,14
Lowe Law Group,,(316) 816-1553,,https://www.lowelawgroup.com/?utm_source=GMB&utm_medium=organic&utm_campaign=wichita,"100 S Main St Ste 225, Wichita, KS 67202, USA",KS,"Wichita, KS",4.9,52
"Riedmiller, Andersen and Scott LLC",,(316) 263-0001,,https://www.lawyerontheline.com/?utm_source=GBP&utm_medium=organic,"532 N Market St, Wichita, KS 67214, USA",KS,"Wichita, KS",4.6,23
Work Injury and Medicine Clinic,,(316) 462-1070,,http://www.accidentandinjurymd.com/,"1861 N Rock Rd Ste 100, Wichita, KS 67206, USA",KS,"Wichita, KS",4.9,272
"Joseph, Hollander & Craft LLC",,(316) 799-3093,,https://josephhollander.com/wichita/?utm_source=google&utm_medium=organic&utm_campaign=gbp-listing,"500 N Market St, Wichita, KS 67214, USA",KS,"Wichita, KS",4.4,273
Abogados los Toros,,(316) 684-4400,,http://www.abogadoslostoros.com/,"10111 E 21st St N #202, Wichita, KS 67206, USA",KS,"Wichita, KS",4.5,20
Mann Wyatt Tanksley Injury Attorneys,,(877) 388-8555,,http://mannwyatt.com/,"201 E 1st Ave, Hutchinson, KS 67501, USA",KS,"Wichita, KS",4.9,156
"Brian Collignon, Esq.",,(316) 689-8035,,https://www.pistotniklawfirm.com/about/brian-collignon/,"311 S Hillside St, Wichita, KS 67211, USA",KS,"Wichita, KS",4.8,53
Hess Law LLC,,(316) 263-4933,,https://www.hesslawllc.com/?utm_source=google-local&utm_medium=organic&utm_campaign=3785,"121 S Whittier St Ste 420, Wichita, KS 67207, USA",KS,"Wichita, KS",5,2
Madden Law,,(316) 347-1401,,http://maddenlaw.org/,"115 S Rutan St Ste 103, Wichita, KS 67218, USA",KS,"Wichita, KS",4.1,16
Hughes Mathews Legal Group,,(316) 803-0601,,https://hughesmathews.com/wichita-ks-personal-injury-car-accident-workers-comp-lawyers/,"245 N Waco Ave Ste 108, Wichita, KS 67202, USA",KS,"Wichita, KS",5,4
Shultz Law Office,,(316) 269-2284,,http://shultzlaw.net/,"445 N Waco Ave, Wichita, KS 67202, USA",KS,"Wichita, KS",5,11
Auto Accident & Work Injury Pain Management Clinic,,(316) 462-1070,,http://www.accidentandinjurymd.com/,"1861 N Rock Rd, Wichita, KS 67206, USA",KS,"Wichita, KS",5,168
Pistotnik Law Offices,,(316) 689-8035,,https://www.pistotniklawfirm.com/contact-us/,"311 S Hillside St, Wichita, KS 67211, USA",KS,"Wichita, KS",3.6,7
Dugan & Giroux Attorneys at Law,,(316) 721-5500,,https://dgwichitalaw.com/,"3636 N Ridge Rd Ste 100, Wichita, KS 67205, USA",KS,"Wichita, KS",4.5,36
"Lee, Gurney & Hess",,(316) 685-2245,,,"1861 N Rock Rd #320, Wichita, KS 67206, USA",KS,"Wichita, KS",4.9,12
Larry Wall Trial Law,,(316) 265-6000,,http://www.whtriallaw.com/,"121 S Whittier St, Wichita, KS 67207, USA",KS,"Wichita, KS",4.3,14
Brennan Gott Law,,(316) 682-8500,,http://www.brennangottlaw.com/,"218 N Mosley St, Wichita, KS 67202, USA",KS,"Wichita, KS",4.3,77
Hammond Zongker & Farris LLC,,(316) 262-6800,,,"200 W Douglas Ave Ste 420, Wichita, KS 67202, USA",KS,"Wichita, KS",4.2,5
Albin Gary,,(316) 263-0505,,,"221 S Topeka St, Wichita, KS 67202, USA",KS,"Wichita, KS",4.2,5
McConnell Law Firm,,(316) 243-5903,,http://www.jonathanwmcconnell.com/,"100 N Broadway St Ste 400, Wichita, KS 67202, USA",KS,"Wichita, KS",4.9,398
Sokolove Law,,(316) 854-2019,,https://www.sokolovelaw.com/locations/kansas/?src=Google_WebSEO_gmb-listing-sok-wichita-ks_Keyword_none_matchtype_network_querystring_&utm_source=google&utm_medium=organic&utm_campaign=gmb-listing-sok-wichita-ks,"218 N Mosley St, Wichita, KS 67202, USA",KS,"Wichita, KS",4.7,10
"Snider & Seiwert, LLC",,(316) 686-6113,,,"2628 Oliver, Wichita, KS 67210, USA",KS,"Wichita, KS",4.4,7
"Timothy J. King, Attorney at Law",,(316) 264-3333,,http://tjkinglaw.com/,"300 W Douglas Ave #230, Wichita, KS 67202, USA",KS,"Wichita, KS",2.8,32
Phillip R Fields Law Office,,(316) 265-0023,,,"100 N Main, Wichita, KS 67202, USA",KS,"Wichita, KS",5,1
Foulston Law Office,,(316) 686-4196,,http://www.foulstonlawoffice.com/,"8100 E 22nd St N #1200 Bld. 1200, Wichita, KS 67226, USA",KS,"Wichita, KS",1.8,4
"Nguyen Law Offices, LLC",,(316) 262-8085,,http://www.winlawyers.com/,"1518 N Broadway St, Wichita, KS 67214, USA",KS,"Wichita, KS",4.7,163
Huelskamp Terrance,,(316) 733-6446,,,"550 North 159th St E, Wichita, KS 67230, USA",KS,"Wichita, KS",5,2
Morris Laing Evans Brock & Kennedy Chartered,,(316) 262-2671,,http://www.morrislaing.com/,"300 N Mead St #200, Wichita, KS 67202, USA",KS,"Wichita, KS",5,5
Franklin Law Office PA,,(316) 264-5664,,http://www.jfranklinlaw.com/,"310 W Central Ave Ste 104, Wichita, KS 67202, USA",KS,"Wichita, KS",4.2,26
Ace Law,,(316) 262-2331,,,"1502 S Broadway, Wichita, KS 67214, USA",KS,"Wichita, KS",5,1
"Kaufman & Stigger, PLLC",,(502) 458-5555,,https://getthetiger.com/,"7513 New La Grange Rd, Louisville, KY 40222, USA",KY,"Louisville, KY",4.9,831
Louisville Injury Law Firm,,(502) 521-1170,,https://louisvilleinjuryfirm.com/?utm_source=google&utm_medium=organic&utm_campaign=gmb,"717 Executive Park, Louisville, KY 40207, USA",KY,"Louisville, KY",5,132
"Louisville Personal Injury Attorney at Law, Brandon J. Broderick",,(866) 607-3592,,https://www.brandonjbroderick.com/kentucky/personal-injury-lawyer-louisville?utm_campaign=gmb,"501 US-150 #380, Louisville, KY 40202, USA",KY,"Louisville, KY",5,148
Sam Aguiar Injury Lawyers,,(502) 747-1499,,https://aguiarinjurylawyers.com/,"1900 Plantside Dr, Louisville, KY 40299, USA",KY,"Louisville, KY",4.9,908
"T.J. Smith, Attorney at Law",,(502) 677-1429,,https://www.tjwillmakeempay.com/?npcmp=dir:local:4696020:40202,"600 W Main St #100, Louisville, KY 40202, USA",KY,"Louisville, KY",4.9,260
Justice Law Office,,(502) 584-5455,,https://justiceinjury.com/?utm_source=local&utm_medium=organic&utm_campaign=gmb,"216 S Clay St Ste 203, Louisville, KY 40202, USA",KY,"Louisville, KY",4.9,277
Winton & Hiestand Law Group PLLC,,(502) 444-4357,,https://www.louisvillelawoffice.com/,"905 Baxter Ave, Louisville, KY 40204, USA",KY,"Louisville, KY",4.9,384
Karl Truman Law Office LLC,,(502) 222-2222,,https://www.trumanlaw.com/?utm_source=GMBlisting&utm_medium=organic&utm_campaign=Kentucky,"10531-B Timberwood Cir, Louisville, KY 40223, USA",KY,"Louisville, KY",4.9,448
Dettman Law,,(502) 779-9998,,http://www.louisville-injury-lawyer.com/,"2527 Nelson Miller Pkwy #103, Louisville, KY 40223, USA",KY,"Louisville, KY",5,157
Meagher Injury Lawyers - Louisville Car Accident & Injury Lawyers,,(502) 237-5374,,https://calltate.com/,"9710 Park Plaza Ave Unit 205, Louisville, KY 40241, USA",KY,"Louisville, KY",4.9,147
"Stein Whatley Astorino, PLLC",,(502) 553-4750,,https://steinwhatley.com/,"2525 Bardstown Rd #101, Louisville, KY 40205, USA",KY,"Louisville, KY",5,306
Hendy Johnson Vaughn Louisville,,(502) 215-5883,,https://justicestartshere.com/?utm_source=google&utm_medium=gbp&utm_campaign=louisville-gmb,"600 W Main St Ste 200, Louisville, KY 40202, USA",KY,"Louisville, KY",4.9,41
"Desmond Law Office, PLLC",,(502) 609-7657,,https://www.attorneydesmond.com/,"9850 Von Allmen Ct #201, Louisville, KY 40241, USA",KY,"Louisville, KY",4.9,67
Cooper and Friedman PLLC,,(502) 459-7555,,https://www.cooperandfriedman.com/,"1448 Gardiner Ln, Louisville, KY 40213, USA",KY,"Louisville, KY",4.7,101
David Bryant Law,,(502) 200-9872,,https://davidbryantlaw.com/?utm_campaign=gmb&utm_content=listing&utm_medium=organic&utm_source=google,"600 W Main St Ste 250, Louisville, KY 40202, USA",KY,"Louisville, KY",4.9,37
Grossman Green PLLC,,(502) 804-2601,,https://grossmangreen.com/,"6008 Brownsboro Park Blvd # D, Louisville, KY 40207, USA",KY,"Louisville, KY",5,60
"Alex R. White, PLLC, Sue Distracted Driver",,(502) 882-7552,,https://suedistracteddriver.com/?utm_source=organic&utm_medium=google&utm_campaign=gmb,"9720 Bunsen Pkwy, Louisville, KY 40299, USA",KY,"Louisville, KY",4.9,844
The Schafer Law Office,,(502) 584-9511,,https://mikeschaferlaw.com/?utm_source=gmb&utm_medium=organic&utm_content=listing&utm_campaign=local,"1218 S 3rd St, Louisville, KY 40203, USA",KY,"Louisville, KY",4.8,69
Isaacs & Isaacs Personal Injury Lawyers,,(502) 335-4221,,https://wewin.com/louisville-personal-injury-lawyer?utm_source=Google&utm_medium=Organic&utm_campaign=GMB-listing-Lou-Cherokee,"900 Cherokee Rd, Louisville, KY 40204, USA",KY,"Louisville, KY",4.9,329
Isaacs & Isaacs Personal Injury Lawyers,,(502) 215-3888,,https://wewin.com/louisville-personal-injury-lawyer?utm_source=Google&utm_medium=Organic&utm_campaign=GMB-listing-Lou-BCC,"1601 Business Center Ct, Louisville, KY 40299, USA",KY,"Louisville, KY",4.7,1483
Becker Law Office,,(502) 333-3333,,https://beckerlaw.com/louisville-injury/,"9300 Shelbyville Rd Ste 215A, Louisville, KY 40222, USA",KY,"Louisville, KY",4.6,190
"Pittenger Law Office, PLLC",,(502) 890-6948,,http://pittengerlawoffice.com/,"600 W Main St 5th floor, Louisville, KY 40202, USA",KY,"Louisville, KY",5,97
Noakes Law Group,,(502) 743-4260,,https://noakeslaw.com/louisville-personal-injury-lawyer/?utm_source=GBP,"12101 River Beauty Loop Suite 101, Prospect, KY 40059, USA",KY,"Louisville, KY",4.9,247
Emery Law Office,,(502) 431-3349,,https://emerylawoffice.com/,"6100 Dutchmans Ln 14th Floor, Louisville, KY 40205, USA",KY,"Louisville, KY",4.7,123
"McCoy & Hiestand, PLC",,(502) 233-8385,,https://mhkylaw.com/,"108 Browns Ln, Louisville, KY 40207, USA",KY,"Louisville, KY",5,31
Hughes & Coleman Injury Lawyers,,(502) 585-4025,,https://www.hughesandcoleman.com/personal-injury/louisville/?utm_source=google&utm_medium=organic&utm_campaign=GMB-LOU-POP-KY,"4122 Wahl St Blvd #15, Louisville, KY 40218, USA",KY,"Louisville, KY",4.6,179
Louisville Personal Injury & Auto Accident Attorney,,(480) 914-3676,,https://www.brandonjbroderick.com/?utm_campaign=gmb_local,"2708 W Broadway, Louisville, KY 40211, USA",KY,"Louisville, KY",5,7
The Whaley Law Firm,,(502) 583-4022,,https://louisville-accident-lawyer.com/,"712 Lyndon Ln, Louisville, KY 40222, USA",KY,"Louisville, KY",4.2,42
Brownfield Dufour PLLC,,(502) 458-5222,,https://www.bdlawky.com/?utm_source=GMB&utm_medium=organic&utm_campaign=Louisville,"8007 Lyndon Centre Wy Ste 201, Louisville, KY 40222, USA",KY,"Louisville, KY",5,40
Hughes & Coleman Injury Lawyers,,(502) 585-4693,,https://www.hughesandcoleman.com/personal-injury/louisville-dixie/?utm_source=google&utm_medium=organic&utm_campaign=GMB-LOU-DIX-KY,"3618 Dixie Hwy, Louisville, KY 40216, USA",KY,"Louisville, KY",4.8,189
Monge & Associates Injury and Accident Attorneys,,(502) 286-1080,,https://www.becauseyouwanttowin.com/louisville-personal-injury-lawyer/,"1941 Bishop Ln #705, Louisville, KY 40218, USA",KY,"Louisville, KY",4.9,21
"Mory & Colliersmith, PLLC",,(502) 212-4333,,https://morycolliersmith.com/,"12305 Westport Rd Ste 206, Louisville, KY 40245, USA",KY,"Louisville, KY",4.9,35
Schuler Law Office,,(502) 532-2815,,https://www.schulerlawoffice.com/,"150 S 3rd St, Louisville, KY 40202, USA",KY,"Louisville, KY",4.9,80
Darryl Isaacs,,(502) 289-5955,,https://wewin.com/?utm_source=Google&utm_medium=Organic&utm_campaign=GMB-DLI-BCC,"1601 Business Center Ct Ste 1617, Louisville, KY 40299, USA",KY,"Louisville, KY",4.5,295
"Abaray Craddock & Smith, PLLC | ACS Law",,(502) 215-0257,,http://acslawky.com/,"209 Townepark Cir Ste 200, Louisville, KY 40243, USA",KY,"Louisville, KY",5,42
Morgan & Morgan,,(502) 912-5955,,https://www.forthepeople.com/office-locations/kentucky/louisville/?utm_source=GMB&utm_medium=local&utm_campaign=LouisvilleKYGMB,"209 E Main St Ste 400, Louisville, KY 40202, USA",KY,"Louisville, KY",4.7,2135
Thomas Law Offices,,(502) 309-2656,,https://www.thomaslawoffices.com/areas-we-serve/louisville-personal-injury-lawyer/?utm_source=GMB&utm_medium=Organic&utm_campaign=LousivilleGMB&utm_term=Organic,"9418 Norton Commons Blvd #200, Prospect, KY 40059, USA",KY,"Louisville, KY",4.9,121
"Meinhart & Manning Injury Lawyers, PLLC",,(502) 589-2700,,https://www.bluegrassjustice.com/louisville-personal-injury-lawyer/?utm_source=google&utm_medium=organic&utm_campaign=gbp,"222 E Witherspoon St Ste 401, Louisville, KY 40202, USA",KY,"Louisville, KY",4.8,54
Poppe Law Firm,,(502) 895-3400,,http://www.poppelawfirm.com/,"8700 Westport Rd #201, Louisville, KY 40242, USA",KY,"Louisville, KY",4.9,63
John Byrnes,,(502) 364-2500,,https://kentuckyinjury.com/,"4410 S 3rd St, Louisville, KY 40214, USA",KY,"Louisville, KY",4.7,38
Pioneer Injury Law,,(502) 873-0087,,https://pioneerinjurylaw.com/,"The Daventry Building, 12700 Townepark Way Ste 107, Louisville, KY 40243, USA",KY,"Louisville, KY",5,9
"The Kryder Law Group, LLC Accident and Injury Lawyers",,(502) 273-5009,,https://www.kryderlaw.com/louisville-injury/?utm_source=google_gbp&utm_medium=organic&utm_campaign=GBPLouisville,"609 W Main St Ste 304, Louisville, KY 40202, USA",KY,"Louisville, KY",5,6
"Dixie Law Group, PSC",,(502) 378-7343,,https://dixielawgroup.com/,"4919 Dixie Hwy B, Louisville, KY 40216, USA",KY,"Louisville, KY",4.8,219
"Dolt, Thompson, Shepherd, Conway & Stanton, PSC",,(502) 244-7772,,https://www.kytrial.com/?utm_source=gmb&utm_medium=organic&utm_campaign=louisville,"13800 Lake Point Cir, Louisville, KY 40223, USA",KY,"Louisville, KY",4.7,62
"Decamillis & Mattingly, PLLC",,(502) 589-2822,,https://www.decamillismattingly.com/?utm_source=Google%20My%20Business&utm_medium=Organic&utm_campaign=Google%20My%20Business,"138 S 3rd St, Louisville, KY 40202, USA",KY,"Louisville, KY",4.8,96
"Franklin Injury Law, PLLC",,(502) 416-1206,,http://franklininjury.com/,"517 W Ormsby Ave, Louisville, KY 40203, USA",KY,"Louisville, KY",4.9,63
"Brett H. Oppenheimer, PLLC",,(502) 749-5700,,https://www.bluegrassinjury.com/,"222 E Witherspoon St #402, Louisville, KY 40202, USA",KY,"Louisville, KY",4.9,35
"Slechter Law Firm, PLLC",,(502) 384-7400,,https://www.kytrialfirm.com/?utm_source=google-local&utm_medium=organic&utm_campaign=3171,"2507 Bush Ridge Dr Ste A, Louisville, KY 40245, USA",KY,"Louisville, KY",4.4,38
"Richard Breen Law Offices, PSC",,(502) 473-0579,,http://www.richardbreen.com/,"2950 Breckenridge Ln Ste 3, Louisville, KY 40220, USA",KY,"Louisville, KY",4.8,76
Karl Truman Law Office LLC,,(812) 282-8500,,https://www.trumanlaw.com/?utm_source=GMBlisting&utm_medium=organic&utm_campaign=Indiana,"420 Wall St, Jeffersonville, IN 47130, USA",KY,"Louisville, KY",4.8,365
RUDIN LAW,,(504) 336-7796,,https://www.getrude.com/,"5500 Prytania St #404, New Orleans, LA 70115, USA",LA,"New Orleans, LA",5,296
Sean Regan Law | Personal Injury & Car Accident Lawyer,,(504) 360-9226,,https://seanreganlaw.com/?utm_campaign=gmb,"4919 Canal St Ste 304, New Orleans, LA 70119, USA",LA,"New Orleans, LA",5,149
Lavis Law Firm - Personal Injury & Car Accident Attorney,,(504) 684-7331,,https://www.lavislaw.com/louisiana-workers-compensation-lawyer.html?utm_source=google&utm_medium=organic&utm_campaign=gmb&utm_content=website,"643 Magazine St, New Orleans, LA 70130, USA",LA,"New Orleans, LA",4.9,104
Chip Forstall Law Firm,,(504) 483-3400,,http://www.chipforstall.com/,"320 N Carrollton Ave #200, New Orleans, LA 70119, USA",LA,"New Orleans, LA",4.9,363
The Chopin Law Firm LLC,,(504) 475-2429,,https://www.chopinlawfirm.com/?utm_source=google&utm_medium=organic&utm_campaign=google_business_profile_new_orleans&utm_content=listing,"650 Poydras St #1550, New Orleans, LA 70130, USA",LA,"New Orleans, LA",4.9,415
Cardone Law Firm,,(504) 522-3333,,http://www.cardonelaw.com/,"829 Baronne St, New Orleans, LA 70113, USA",LA,"New Orleans, LA",4.8,83
Allan Berger & Associates,,(504) 486-9481,,https://www.bergerlawnola.com/,"4173 Canal St, New Orleans, LA 70119, USA",LA,"New Orleans, LA",4.9,71
"Herman Katz Gisleson & Cain, LLC",,(504) 581-4892,,https://hkgclaw.com/,"909 Poydras St #1860, New Orleans, LA 70112, USA",LA,"New Orleans, LA",5,170
Scott Vicknair Personal Injury Lawyers,,(504) 285-7675,,https://www.scottvicknair.com/?utm_source=google&utm_medium=organic&utm_campaign=gbp-listing-new-orleans,"909 Poydras St Suite 1225, New Orleans, LA 70112, USA",LA,"New Orleans, LA",4.9,2212
Cueria Law | New Orleans Injury Attorneys,,(504) 688-7939,,https://cuerialawfirm.com/?utm_source=google&utm_medium=organic&utm_campaign=nola,"650 Poydras St #2740, New Orleans, LA 70130, USA",LA,"New Orleans, LA",4.9,162
Morris Bart Personal Injury Lawyers,,(504) 613-4771,,https://www.morrisbart.com/new-orleans-personal-injury-lawyer/,"601 Poydras St Fl 24, New Orleans, LA 70130, USA",LA,"New Orleans, LA",4.8,2491
Womac Law Firm,,(504) 470-3935,,https://www.edwardwomac.com/,"3501 Canal St, New Orleans, LA 70119, USA",LA,"New Orleans, LA",4.8,648
Trust Guss Injury Lawyers,,(504) 608-1038,,https://attorneyguss.com/new-orleans/?utm_source=google&utm_medium=local&utm_campaign=gbp_new_orleans,"Poydras St Ste 1975, New Orleans, LA 70130, USA",LA,"New Orleans, LA",5,183
TopDog Law Personal Injury Lawyers,,(504) 318-7456,,https://topdoglaw.com/locations/new-orleans-la/personal-injury-lawyer/?utm_source=google&utm_medium=organic&utm_campaign=GMB-Charles-New_Orleans-LA,"201 St Charles Ave Suite 2500 Office 2544a, New Orleans, LA 70170, USA",LA,"New Orleans, LA",4.9,22
Dudley DeBosier Injury Lawyers,,(504) 612-8195,,https://www.dudleydebosier.com/new-orleans/?utm_source=google&utm_medium=organic&utm_campaign=gbp_listing,"1100 Poydras St, New Orleans, LA 70163, USA",LA,"New Orleans, LA",4.8,888
Shlosman Law Firm,,(504) 826-9427,,http://www.shlosmanlaw.com/?utm_source=google&utm_medium=organic&utm_campaign=gbp_listing,"4907 Magazine St, New Orleans, LA 70115, USA",LA,"New Orleans, LA",5,198
Reddy Accident Law,,(504) 605-1611,,https://thereddylawgroup.com/,"3014 Dauphine St Ste Z, New Orleans, LA 70117, USA",LA,"New Orleans, LA",4.9,45
Kiefer & Kiefer Personal Injury Lawyers,,(504) 717-4900,,https://kieferandkiefer.com/,"1100 Poydras St Ste 1300, New Orleans, LA 70163, USA",LA,"New Orleans, LA",4.9,753
Cossé Injury Lawyers,,(504) 527-8480,,https://www.cosselawfirm.com/,"1515 Poydras St #900, New Orleans, LA 70112, USA",LA,"New Orleans, LA",5,402
Lambert Zainey - New Orleans Injury Attorneys,,(504) 581-1750,,https://thelambertfirm.com/?utm_source=google&utm_medium=GMB_Listing&utm_campaign=new-orleans,"701 Magazine St, New Orleans, LA 70130, USA",LA,"New Orleans, LA",5,31
"The Law Office of John W Redmann, LLC Gretna",,(504) 676-6010,,https://www.redmannlaw.com/gretna-personal-injury-lawyer/?utm_source=google&utm_medium=gpb&utm_campaign=gretna-gmb,"1101 Westbank Expy, Gretna, LA 70053, USA",LA,"New Orleans, LA",4.9,229
Charbonnet Law Firm,,(504) 897-3700,,https://www.charbonnetlawfirm.com/,"3750 S Claiborne Ave, New Orleans, LA 70125, USA",LA,"New Orleans, LA",4.9,77
"Vincent P. Scallan Law, LLC",,(504) 272-0444,,http://vpscallanlaw.com/,"1515 Poydras St #900, New Orleans, LA 70112, USA",LA,"New Orleans, LA",4.9,126
"Law Offices of Gregory P. DiLeo, APLC",,(504) 276-2307,,https://www.gregdileo.com/?npcmp=dir:local:1276871:70130,"1140 St Charles Ave, New Orleans, LA 70130, USA",LA,"New Orleans, LA",4.9,55
"Stephen J. Hecker, Attorney at Law",,(504) 446-1000,,http://stephenhecker.com/,"631 St Charles Ave Ste 2F, New Orleans, LA 70130, USA",LA,"New Orleans, LA",5,70
Gertler Law Firm,,(504) 581-6411,,https://www.neworleanspersonalinjury.com/,"935 Gravier St #1900, New Orleans, LA 70112, USA",LA,"New Orleans, LA",4.9,27
Law Office of Keith L. Magness,,(504) 336-1800,,https://www.magnesslaw.com/?utm_campaign=gmb&utm_medium=cpc&utm_source=google+gbp,"920 Derbigny St, Gretna, LA 70053, USA",LA,"New Orleans, LA",5,207
"Louisiana Law Lady, LLC",,(504) 470-3511,,https://www.lalawlady.com/?utm_campaign=gmb,"1615 Poydras St Ste 1286, New Orleans, LA 70112, USA",LA,"New Orleans, LA",5,104
"AKD Alvendia, Kelly & Demarest",,(504) 200-0000,,https://www.akdlawyers.com/,"909 Poydras St #1625, New Orleans, LA 70112, USA",LA,"New Orleans, LA",4.8,123
"Lunsford, Baskin & Priebe PLLC",,(504) 656-6579,,https://www.lunsfordbaskin.com/,"5333 Magazine St, New Orleans, LA 70115, USA",LA,"New Orleans, LA",4.9,97
Mansfield Melancon Injury Lawyers,,(504) 414-4867,,https://www.mmcdlaw.com/new-orleans-personal-injury-lawyer/?utm_source=google&utm_medium=organic&utm_campaign=gmb-new-orleans,"111 Veterans Memorial Blvd Ste 255, Metairie, LA 70005, USA",LA,"New Orleans, LA",5,139
The Law Offices of John S. Williams LLC,,(504) 387-9114,,https://jswlawoffices.com/?utm_source=google&utm_medium=organic&utm_campaign=gmb-neworleans,"1500 Baronne St Ste B, New Orleans, LA 70113, USA",LA,"New Orleans, LA",4.7,27
Irpino Avin & Hawkins,,(504) 525-1500,,https://irpinolaw.com/,"2216 Magazine St, New Orleans, LA 70130, USA",LA,"New Orleans, LA",4.8,98
Crescent City Personal Injury,,(504) 419-1497,,https://crescentcitypersonalinjury.com/,"935 Gravier St Suite 1450 B, New Orleans, LA 70112, USA",LA,"New Orleans, LA",5,17
Morgan & Morgan,,(504) 636-6300,,https://www.forthepeople.com/office-locations/louisiana/new-orleans/?utm_source=GMB&utm_medium=local&utm_campaign=NewOrleansGMB,"1100 Poydras St Suit 2900, New Orleans, LA 70163, USA",LA,"New Orleans, LA",4.8,1215
The Voorhies Law Firm,,(504) 547-6375,,https://www.voorhieslaw.com/?utm_source=GMB&utm_medium=organic&utm_campaign=neworleans,"1100 Poydras St #2810, New Orleans, LA 70163, USA",LA,"New Orleans, LA",4.8,19
JJC Law,,(504) 513-8820,,https://www.jjclaw.com/?utm_source=google&utm_medium=GMB_Listing&utm_campaign=new-orleans,"111 Veterans Memorial Blvd Ste 810, Metairie, LA 70005, USA",LA,"New Orleans, LA",5,104
Hammond Law Firm LLC,,(504) 586-3535,,https://www.hammondlaw.com/,"650 Poydras St #2617, New Orleans, LA 70130, USA",LA,"New Orleans, LA",4.8,24
Laborde Earles Injury Lawyers,,(504) 766-3527,,https://onmyside.com/new-orleans-la/?utm_source=google&utm_medium=organic&utm_campaign=gmb-listing-new-orleans,"821 Baronne St Ste D, New Orleans, LA 70113, USA",LA,"New Orleans, LA",4.9,229
Rees Law Firm,,(504) 892-2323,,http://www.grahamrees.com/,"3014 Dauphine St Ste A-50081, New Orleans, LA 70117, USA",LA,"New Orleans, LA",5,136
Loyd J Bourgeois Injury & Accident Lawyer,,(504) 385-1423,,https://www.ljblegal.com/?utm_campaign=gmb_metairie&utm_medium=organic&utm_source=gmb_metairie,"2325 N Hullen St Ste 101, Metairie, LA 70001, USA",LA,"New Orleans, LA",5,257
Kanner & Pintaluga,,(504) 684-2349,,https://kpattorney.com/offices/louisiana/new-orleans/?utm_source=google&utm_medium=organic&utm_campaign=gbp&utm_content=new_orleans,"1615 Poydras St STE 900, New Orleans, LA 70112, USA",LA,"New Orleans, LA",4.6,137
Blake Jones Law Firm,,(504) 229-4100,,https://blakejoneslaw.com/?utm_source=googlebusinessprofile&utm_medium=organic&utm_campaign=gpb&utm_content=website_button,"701 Poydras St #4100, New Orleans, LA 70139, USA",LA,"New Orleans, LA",4.8,83
Malvin Law,,(504) 383-0940,,https://malvinlawfirm.com/,"201 St Charles Ave #2500, New Orleans, LA 70170, USA",LA,"New Orleans, LA",5,13
Branch Law,,(504) 399-1449,,https://www.betonbranch.com/?utm_source=google&utm_medium=organic&utm_campaign=gmb-listing-nola,"1100 Poydras St #1025, New Orleans, LA 70163, USA",LA,"New Orleans, LA",5,52
Breaux Law Firm,,(504) 914-7779,,https://breauxlaw.com/,"111 Veterans Memorial Blvd Suite 1820, Metairie, LA 70005, USA",LA,"New Orleans, LA",4.9,166
Lavis Law Firm - Personal Injury & Car Accident Attorney,,(504) 322-7123,,https://www.lavislaw.com/harvey-louisiana-car-accident-lawyer-motorcycle-attorney-near-you.html/?utm_source=google&utm_medium=organic&utm_campaign=gmb&utm_content=website,"1901 Manhattan Blvd Bldg D #111, Harvey, LA 70058, USA",LA,"New Orleans, LA",5,9
Palazzo Law Firm,,(504) 433-1442,,https://www.palazzolaw.com/,"732 Behrman Hwy Ste F, Gretna, LA 70056, USA",LA,"New Orleans, LA",4.9,94
Smiley Injury Law | New Orleans Personal Injury Lawyer,,(504) 732-2279,,https://www.smileyinjurylaw.com/?utm_source=GBP&utm_medium=GBP&utm_campaign=GBP_New_Orleans&utm_id=GBP_New_Orleans,"201 St Charles Ave #2500, New Orleans, LA 70170, USA",LA,"New Orleans, LA",4.8,124
Burnham Law Firm - Personal Injury Attorney,,(504) 358-0008,,https://www.taylorburnham.com/,"519 Huey P Long Ave, Gretna, LA 70053, USA",LA,"New Orleans, LA",5,126
Gideon Asen LLC,,(207) 766-7761,,https://www.gideonasen.com/?utm_source=google&utm_medium=gbp&utm_campaign=portland_me,"217 Commercial St, Portland, ME 04101, USA",ME,"Portland, ME",5,85
Law Offices of Joe Bornstein,,(207) 360-8898,,https://www.joebornstein.com/portland-accident-attorney/?utm_source=google&utm_medium=organic&utm_campaign=gbp-listing-portland,"90 Johnson Rd Suite A, Portland, ME 04102, USA",ME,"Portland, ME",4.9,205
Garmey Law,,(207) 387-7672,,https://www.garmeylaw.com/?utm_source=gbp&utm_medium=organic,"482 Congress St # 402, Portland, ME 04101, USA",ME,"Portland, ME",4.9,86
Mann Law LLC,,(207) 489-6098,,https://www.mannlawllc.com/portland-personal-injury-lawyer/?utm_source=google&utm_medium=gmb&utm_campaign=local_portland,"533 Congress St, Portland, ME 04101, USA",ME,"Portland, ME",5,27
Peter Thompson & Associates,,(207) 874-0909,,https://www.peter-thompson-associates.com/,"92 Exchange St, Portland, ME 04101, USA",ME,"Portland, ME",4.9,134
Romanow Law Group,,(207) 331-9990,,https://www.romanowlawgroup.com/maine-lawyer/,"1087 Forest Ave, Portland, ME 04103, USA",ME,"Portland, ME",5,63
Berman & Simmons,,(207) 383-3216,,https://www.bermansimmons.com/,"85 Exchange St 2nd floor, Portland, ME 04101, USA",ME,"Portland, ME",4.9,177
"Jabar LaLiberty, LLC",,(207) 426-4278,,https://www.jbrllegal.com/portland-lawyer,"383 Commercial St Ste D, Portland, ME 04101, USA",ME,"Portland, ME",5,24
Lowry Law,,(207) 600-1526,,https://lowrylaw.com/?utm_source=gmb&utm_medium=organic&utm_campaign=portland-gmb,"33 McAlister Farm Rd Ste 203, Portland, ME 04103, USA",ME,"Portland, ME",4.8,165
Monge & Associates Injury and Accident Attorneys,,(207) 501-2455,,https://www.becauseyouwanttowin.com/portland-maine-personal-injury-lawyer/,"75 Market St Apt 204, Portland, ME 04101, USA",ME,"Portland, ME",5,14
Morgan & Morgan,,(207) 352-6140,,https://www.forthepeople.com/office-locations/maine/portland/?utm_source=GMB&utm_medium=local&utm_campaign=PortlandMEGMB,"254 Commercial St Ste 229, Portland, ME 04101, USA",ME,"Portland, ME",4.8,98
"Shaheen & Gordon, P.A.",,(207) 495-7177,,https://www.shaheengordon.com/portland/,"75 Pearl St #400, Portland, ME 04101, USA",ME,"Portland, ME",4.6,47
Hardy Wolf & Downing,,(207) 503-3169,,https://hardywolf.com/contact/portland-maines-injury-lawyers/?utm_source=google&utm_medium=organic&utm_campaign=gbp,"222 Auburn St, Portland, ME 04103, USA",ME,"Portland, ME",4.3,22
Mann Law Personal Injury Attorneys,,(207) 607-7939,,https://www.mannlawllc.com/mann-law-accident-firm-yarmouth-maine/?utm_source=google&utm_medium=gmb&utm_campaign=local_yarmouth,"10 Forest Falls Dr #11, Yarmouth, ME 04096, USA",ME,"Portland, ME",4.9,69
"Horn Wright, LLP, Attorneys at Law",,(207) 309-4436,,https://www.hornwright.com/portland-maine/,"254 Commercial St Ste 245, Portland, ME 04101, USA",ME,"Portland, ME",4.4,7
"Law Offices of Roger F. Brunelle, Jr.",,(207) 699-4357,,https://rbrunellelaw.com/,"75 Pearl St #210, Portland, ME 04101, USA",ME,"Portland, ME",4.9,174
"C. Foster Law, PLLC",,(207) 305-3854,,https://www.ccfosterlaw.com/,"217 Commercial St Ste 402, Portland, ME 04101, USA",ME,"Portland, ME",4.2,5
"Jury Law, LLC",,(207) 355-7703,,https://www.jury-law.com/,"5 Ward St, Scarborough, ME 04074, USA",ME,"Portland, ME",5,44
"Kaplan & Grant, Attorneys at Law",,(207) 780-6700,,http://www.kaplanandgrant.com/,"136 Commercial St #302, Portland, ME 04101, USA",ME,"Portland, ME",4.7,28
Goldberg & Loren,,(207) 501-2209,,https://goldbergloren.com/locations/portland-maine/,"180 Pool St Ste 105, Biddeford, ME 04005, USA",ME,"Portland, ME",5,155
Law Offices of Jon Friedman - Portland Car Accident & Injury Lawyers,,(503) 242-1440,,https://www.jonathanmfriedman.com/?utm_source=GMB&utm_medium=organic&utm_campaign=GoogleMyBusiness,"811 SW Naito Pkwy #610, Portland, OR 97204, USA",ME,"Portland, ME",5,161
Tillmann Law | Car Accident and Personal Injury Lawyers,,(503) 406-3883,,https://tillmannlaw.com/,"101 SW Main St #1905, Portland, OR 97204, USA",ME,"Portland, ME",4.8,91
McKenna PLLC,,(207) 382-8100,,http://mdmelaw.com/,"75 Pearl St #216, Portland, ME 04101, USA",ME,"Portland, ME",5,14
Houlihan Law,,(857) 444-9616,,https://www.houlihanlawoffice.com/,"254 Commercial St Ste 245, Portland, ME 04101, USA",ME,"Portland, ME",5,20
Johnston Law Firm,,(503) 506-4102,,https://johnston-lawfirm.com/?utm_campaign=gmb&utm_source=gmb,"200 SW Market St #1900, Portland, OR 97201, USA",ME,"Portland, ME",4.9,155
Okun Law PLLC,,(207) 204-8042,,http://www.okunlawoffice.com/,"155 Gray Rd Suite 1, Falmouth, ME 04105, USA",ME,"Portland, ME",5,20
The Bayer Law Office,,(207) 466-6768,,http://www.bayerlawmaine.com/,"254 Commercial St Ste 245, Portland, ME 04101, USA",ME,"Portland, ME",5,15
"Kelly, Remmel & Zimmerman",,(207) 775-1020,,http://www.krz.com/,"53 Exchange St, Portland, ME 04101, USA",ME,"Portland, ME",4.6,11
"Law Office of J. Jason Heinze, LLC",,(207) 558-8458,,https://www.heinzelaw.com/?utm_source=google-local&utm_medium=organic&utm_campaign=2720,"411 Congress St, Portland, ME 04101, USA",ME,"Portland, ME",5,1
Thistle Weaver & Morris,,(207) 772-0303,,https://twmmaine.com/,"183 Middle St # 400, Portland, ME 04101, USA",ME,"Portland, ME",4.7,40
Hallett Whipple Weyrens,,(207) 775-4255,,https://www.hww.law/,"6 City Center Ste 208, Portland, ME 04101, USA",ME,"Portland, ME",4.1,15
Mark L. Randall,,(207) 775-0002,,http://randalllaw.com/,"482 Congress St #304, Portland, ME 04101, USA",ME,"Portland, ME",5,1
Peter Thompson & Associates,,(800) 804-2004,,https://www.peter-thompson-associates.com/,"43 US-1, Falmouth, ME 04105, USA",ME,"Portland, ME",5,1
Maine Employee Rights Group,,(207) 874-0905,,http://www.maineemployeerights.com/,"92 Exchange St, Portland, ME 04101, USA",ME,"Portland, ME",4.6,51
Marchese Injury Law,,(207) 775-6042,,http://www.marcheseinjurylaw.com/,"One Monument St, Portland, ME 04101, USA",ME,"Portland, ME",,
Gary Goldberg,,(207) 899-4644,,https://garmeylaw.com/our-team/gary-goldberg/,"482 Congress St # 402, Portland, ME 04101, USA",ME,"Portland, ME",5,5
Clifford & Clifford Law Office,,(207) 985-3200,,http://www.cliffordclifford.com/,"10 Moulton St 5th Floor, Portland, ME 04101, USA",ME,"Portland, ME",4.3,10
Law Offices of Russell J. Goldsmith,,(207) 774-6735,,https://www.russelljgoldsmith.com/,"97 India St 2nd floor, Portland, ME 04101, USA",ME,"Portland, ME",4.6,19
Law Offices of Joe Bornstein,,(207) 284-9787,,https://www.joebornstein.com/biddeford-accident-attorney/?utm_source=google&utm_medium=organic&utm_campaign=gbp-listing-biddeford,"193 Main St #105, Biddeford, ME 04005, USA",ME,"Portland, ME",4.9,22
"Fitzgerald Law Group, LLC",,(207) 874-7407,,http://fitz-lawgroup.com/,"120 Exchange St Ste 200, Portland, ME 04101, USA",ME,"Portland, ME",5,1
"The Law Office of Amber L. Tucker, LLC",,(207) 200-5898,,http://www.ambertucker.com/,"75 Pearl St Ste 440, Portland, ME 04101, USA",ME,"Portland, ME",5,9
William L. Vickerson Attorney and Consultant,,(207) 775-5200,,,"183 Middle St, Portland, ME 04101, USA",ME,"Portland, ME",,
"Belluck Law, LLP",,(207) 220-4199,,https://www.bellucklaw.com/maine/?utm_source=google&utm_medium=gbp-maine,"53 Mayland St, Portland, ME 04103, USA",ME,"Portland, ME",,
"Eric S. Thistle, Esq. - Thistle Weaver & Morris",,(207) 772-0303,,http://www.twmmaine.com/,"183 Middle St # 400, Portland, ME 04101, USA",ME,"Portland, ME",5,12
Jackson & MacNichol,,,,https://veteransbenefits.com/,"238 Western Ave, South Portland, ME 04106, USA",ME,"Portland, ME",4.3,131
"Monaghan Leahy, LLP",,(207) 774-3906,,https://monaghanleahy.com/,"2 Monument Sq Ste 401, Portland, ME 04101, USA",ME,"Portland, ME",4.8,4
"Desmond, Rand & Guerard, P.A.",,(207) 854-1218,,http://desmondrand.com/,"55 Stroudwater St, Westbrook, ME 04092, USA",ME,"Portland, ME",4.3,21
Anthony J Sineni Law Offices,,(207) 772-9053,,,"701 Congress St, Portland, ME 04102, USA",ME,"Portland, ME",4.4,5
Hardy Wolf & Downing,,(207) 531-5758,,https://www.hardywolf.com/contact/lewiston-me/%20?utm_source=google&utm_medium=organic&utm_campaign=gbp,"186 Lisbon St, Lewiston, ME 04240, USA",ME,"Portland, ME",4.6,76
Stephen Law Group Injury Lawyers,,(877) 663-1007,,https://www.stephenlaw.com/,"445 Main St #10, Saco, ME 04072, USA",ME,"Portland, ME",5,14
Hyatt & Goldbloom,,(410) 385-3180,,http://www.hyattandgoldbloom.com/,"1 South St Ste 1200, Baltimore, MD 21202, USA",MD,"Baltimore, MD",5,1277
"Hassan, Hassan & Tuchman, PA",,(410) 669-5070,,https://hhtlawyers.com/,"1111 Park Ave Suite L-150, Baltimore, MD 21201, USA",MD,"Baltimore, MD",4.9,378
WGK Personal Injury Lawyers - Baltimore Office,,(410) 421-7979,,https://wgk-law.com/?utm_source=google&utm_medium=organic&utm_campaign=gmb-listing-baltimore,"14 W Madison St, Baltimore, MD 21201, USA",MD,"Baltimore, MD",4.9,928
The Law Office Of Marc J. Atas,,(410) 752-4878,,https://ataslaw.com/,"6 E Mulberry St, Baltimore, MD 21202, USA",MD,"Baltimore, MD",4.8,185
"Benjamin D. Stirling, Esq.",,(410) 929-9988,,https://stirlinglegal.com/,"1111 Park Ave #150, Baltimore, MD 21201, USA",MD,"Baltimore, MD",5,138
Bob Katz Law,,(410) 576-4287,,https://www.bobkatzlaw.com/,"1001 Fleet St Ste 525, Baltimore, MD 21202, USA",MD,"Baltimore, MD",4.9,259
Baltimore Accident Center,,(443) 499-2919,,https://www.baltimore-injury.com/?utm_source=google-local&utm_medium=organic&utm_campaign=3965,"10 South St Ste 503, Baltimore, MD 21202, USA",MD,"Baltimore, MD",4.9,39
Dubo Law,,(443) 275-6345,,https://dubolawfirm.com/?utm_campaign=gmb,"9475 Deereco Rd Ste 330, Timonium, MD 21093, USA",MD,"Baltimore, MD",5,248
Eric T. Kirk,,(410) 591-2835,,https://www.thekirklawfirm.com/,"1001 N Calvert St Ste. 401, Baltimore, MD 21202, USA",MD,"Baltimore, MD",4.9,107
Zaveri Law Firm Injury & Accident Lawyers,,(240) 292-8374,,https://zaverilawfirm.com/?utm_source=GBP,"516 N Charles St #406, Baltimore, MD 21201, USA",MD,"Baltimore, MD",5,78
Law Office of Mitchel M. Gordon,,(410) 385-5210,,https://www.mitchgordonlaw.com/,"111 S Calvert St #1900, Baltimore, MD 21202, USA",MD,"Baltimore, MD",4.9,444
"Preller Law Firm, LLC",,(410) 553-3000,,https://www.prellerlawfirm.com/?npcmp=dir:local:5117924:21202,"16 S Frederick St, Baltimore, MD 21202, USA",MD,"Baltimore, MD",5,248
"The Snyder Law Group, LLC",,(240) 869-6730,,https://www.410thefirm.com/?utm_source=google&utm_medium=organic&utm_campaign=gbp,"1829 Reisterstown Rd #120, Baltimore, MD 21208, USA",MD,"Baltimore, MD",4.9,484
Greenberg Law Offices,,(410) 539-5250,,https://greenberglawyers.com/?utm_source=google&utm_medium=local&utm_campaign=baltimoregmb,"6 E Biddle St, Baltimore, MD 21202, USA",MD,"Baltimore, MD",4.9,165
Law Office of Accidents and Personal Injury,,(410) 237-7263,,,"301 St Paul Pl Ste 145, Baltimore, MD 21202, USA",MD,"Baltimore, MD",5,3
The Law Offices Of Nicholas A. Parr,,(410) 978-4000,,https://naparrlaw.com/?utm_source=google&utm_medium=local&utm_campaign=1&utm_content=primary,"1 N Charles St Suite 2470, Baltimore, MD 21201, USA",MD,"Baltimore, MD",5,221
"Jenner Law, P.C.",,(410) 231-7066,,https://www.jennerlawfirm.com/areas-we-serve/baltimore-md/personal-injury-lawyer/?utm_source=google&utm_medium=organic&utm_campaign=gbp-listing-baltimore,"3600 Clipper Mill Rd #240, Baltimore, MD 21211, USA",MD,"Baltimore, MD",5,125
"Attorney Big Al, The Law Office of Richard Klein",,(410) 701-0554,,https://www.bigalbaltimore.com/,"404 Reisterstown Rd, Baltimore, MD 21208, USA",MD,"Baltimore, MD",4.6,1232
Blank Kim Injury Law,,(443) 545-3696,,https://bkinjurylawyers.com/baltimore-personal-injury-attorneys/?utm_source=gbp_listing&utm_medium=ecg,"2005 Eastern Ave 1st floor, Baltimore, MD 21231, USA",MD,"Baltimore, MD",5,38
Morgan & Morgan,,(410) 951-6640,,https://www.forthepeople.com/office-locations/maryland/baltimore/?utm_source=GMB&utm_medium=local&utm_campaign=BaltimoreMDGMB,"250 W Pratt St Suite 230, Baltimore, MD 21201, USA",MD,"Baltimore, MD",4.8,1718
"Malloy Law Offices, LLC",,(410) 429-7329,,https://www.malloy-law.com/,"400 E Pratt St #800, Baltimore, MD 21202, USA",MD,"Baltimore, MD",4.9,84
"Rafael Law, LLC",,(410) 779-3585,,https://www.rafaellaw.com/?utm_source=google&utm_medium=organic&utm_campaign=gbp,"3500 Boston St #210, Baltimore, MD 21224, USA",MD,"Baltimore, MD",5,99
"Brown & Barron, LLC",,(410) 698-1717,,https://www.brownbarron.com/,"7 St Paul St Suite 800, Baltimore, MD 21202, USA",MD,"Baltimore, MD",4.9,248
Plaxen Adler Muncy Maryland Injury & Accident Lawyers,,(410) 701-2242,,https://www.plaxenadler.com/baltimore/?utm_source=google&utm_medium=gmb&utm_campaign=GMB-Plaxen-baltimore,"575 S Charles St #504, Baltimore, MD 21201, USA",MD,"Baltimore, MD",4.9,320
"Ballenger & Roche, LLC",,(410) 837-9150,,http://www.br-lawyer.com/,"World Trade Center Baltimore, 401 E Pratt St #2341, Baltimore, MD 21202, USA",MD,"Baltimore, MD",4.9,36
Lebowitz & Mzhen Personal Injury Lawyers,,(800) 654-1949,,https://www.marylandinjurylawyer.net/,"200 E Pratt St #4100, Baltimore, MD 21202, USA",MD,"Baltimore, MD",4.8,59
Leppler Injury Law,,(443) 955-1989,,https://lepplerinjurylaw.com/?utm_source=GMB&utm_medium=click&utm_campaign=google_my_business,"600 Washington Ave #201, Towson, MD 21204, USA",MD,"Baltimore, MD",5,376
Maryland Injury Lawyers,,(866) 836-4878,,https://www.marylandpersonalinjurylawyer.com/,"233 E Redwood St Ste 400F, Baltimore, MD 21202, USA",MD,"Baltimore, MD",5,25
"Warnken, LLC",,(443) 921-1100,,http://www.warnkenlaw.com/,"2 Reservoir Cir #200, Pikesville, MD 21208, USA",MD,"Baltimore, MD",5,855
Monge & Associates Injury and Accident Attorneys,,(410) 705-2669,,https://www.becauseyouwanttowin.com/baltimore-maryland-personal-injury-lawyer/,"233 E Redwood St Ste 800c, Baltimore, MD 21202, USA",MD,"Baltimore, MD",4.8,86
"Miller & Zois, Attorneys at Law",,(410) 779-4600,,https://www.millerandzois.com/,"1 South St #2450, Baltimore, MD 21202, USA",MD,"Baltimore, MD",4.2,116
D'Amore Personal Injury Law,,(410) 324-2000,,http://www.damoreinjurylaw.com/,"200 E Pratt St #4100, Baltimore, MD 21202, USA",MD,"Baltimore, MD",4.8,42
Miller | Stern Lawyers,,(410) 529-3476,,https://www.millersternlawyers.com/,"2800 Quarry Lake Dr Suite 280, Baltimore, MD 21209, USA",MD,"Baltimore, MD",5,143
Shultz Legal,,(410) 870-9562,,http://www.shultzlegal.com/?utm_source=GMBlisting&utm_medium=organic,"8615 Ridgelys Choice Dr #212, Baltimore, MD 21236, USA",MD,"Baltimore, MD",4.9,256
Steven H. Heisler,,(410) 625-4878,,https://www.theinjurylawyermd.com/?utm_source=Local&utm_medium=organic&utm_campaign=GMB,"1011 N Calvert St, Baltimore, MD 21202, USA",MD,"Baltimore, MD",4.3,142
"Cohen, Snyder & Eisenberg, P.A.",,(443) 529-0795,,https://www.coseklaw.com/?npcmp=dir:local:1217672:21201,"347 N Charles St, Baltimore, MD 21201, USA",MD,"Baltimore, MD",4.5,160
"Glusing & Muher, LLC",,(410) 882-7900,,http://www.muherlaw.com/,"9407 Harford Rd, Baltimore, MD 21234, USA",MD,"Baltimore, MD",5,84
Pinder Plotkin Legal Team,,(888) 844-5373,,https://pinderplotkin.com/,"4300 Ridge Rd, Baltimore, MD 21236, USA",MD,"Baltimore, MD",4.9,645
Frank Spector Law - Birth Injury and Medical Malpractice Lawyer,,(443) 363-0394,,https://www.frankspectorlaw.com/baltimore-medical-malpractice-lawyer/?utm_source=gbp&utm_campaign=Baltimore,"1340 Smith Ave Ste 300, Baltimore, MD 21209, USA",MD,"Baltimore, MD",4.9,77
"Ashcraft & Gerel, LLP",,(410) 346-3983,,https://www.ashcraftandgerel.com/baltimore/?utm_source=GBP&utm_medium=organic&utm_campaign=baltimore,"120 E Baltimore St Suite 1860, Baltimore, MD 21202, USA",MD,"Baltimore, MD",4.8,36
"Stavisky, Yoffe & Castro, P.A.",,(410) 669-0098,,http://www.syclawfirm.com/,"1206 St Paul St, Baltimore, MD 21202, USA",MD,"Baltimore, MD",5,248
Rice Law,,(410) 288-2900,,https://ricelawmd.com/baltimore/?utm_source=GMB&utm_medium=Organic,"6914 Holabird Ave Ste A, Baltimore, MD 21222, USA",MD,"Baltimore, MD",4.8,123
"Posner & Cord, LLC",,(410) 252-0600,,http://www.charmcitylawyer.com/,"1404 Front Ave, Timonium, MD 21093, USA",MD,"Baltimore, MD",4.9,189
"Portner & Shure, P.A.",,(410) 995-1515,,https://www.portnerandshure.com/locations/baltimore/?utm_source=GMB&utm_medium=organic&utm_campaign=Baltimore,"100 International Drive F23, Baltimore, MD 21202, USA",MD,"Baltimore, MD",4.9,45
TopDog Law Personal Injury Lawyers,,(443) 920-7661,,https://topdoglaw.com/locations/baltimore-md/personal-injury-lawyer/?utm_source=google&utm_medium=organic&utm_campaign=GMB-South-Baltimore-MD,"1 South St Ste 2125A, Baltimore, MD 21202, USA",MD,"Baltimore, MD",4.7,206
Ace Law,,(888) 822-3529,,https://www.acelawmd.com/,"First Floor Sobol Legal, 1501 Sulgrave Ave, Baltimore, MD 21209, USA",MD,"Baltimore, MD",5,85
Timothy A. Dachille and Associates,,(410) 752-2325,,http://tadlaw.net/,"20 S Charles St #1102, Baltimore, MD 21201, USA",MD,"Baltimore, MD",4.7,79
The Yost Legal Group,,(800) 967-8529,,https://www.yostlaw.com/?utm_campaign=gmb,"341 N Calvert St, Baltimore, MD 21202, USA",MD,"Baltimore, MD",4.8,161
"Iamele & Iamele, LLP",,(410) 779-6160,,https://www.iamelelawfirmbaltimore.com/,"201 N Charles St #1802, Baltimore, MD 21201, USA",MD,"Baltimore, MD",4.6,37
Berman | Sobin | Gross LLP,,(410) 769-5400,,https://www.marylandworkerscompensationlaw.com/baltimore-workers-compensation-attorney/,"400 E Pratt St 8th floor, Baltimore, MD 21202, USA",MD,"Baltimore, MD",5,58
Jeffrey Glassman Injury Lawyers,,(617) 865-7000,,https://www.jeffreysglassman.com/,"1 International Pl #1810, Boston, MA 02110, USA",MA,"Boston, MA",4.9,872
"Boston Personal Injury Attorney at Law, Brandon J. Broderick",,(866) 798-7961,,https://www.brandonjbroderick.com/massachusetts/personal-injury-lawyer-boston?utm_campaign=gmb,"15 Court Square #560, Boston, MA 02108, USA",MA,"Boston, MA",4.9,111
Michael Kelly Injury Lawyers,,(617) 340-8798,,https://callkellycall4.com/,"65A Atlantic Ave, Boston, MA 02110, USA",MA,"Boston, MA",4.9,1584
Mass Injury Group Injury and Accident Attorneys,,(617) 545-0721,,http://msmithlawoffices.com/,"15 Broad St #800, Boston, MA 02109, USA",MA,"Boston, MA",4.9,298
Sweeney Merrigan Personal Injury Lawyers,,(617) 944-5134,,https://www.sweeneymerrigan.com/?utm_campaign=gmb,"268 Summer St LL, Boston, MA 02210, USA",MA,"Boston, MA",4.9,334
"Law Office of John J. Sheehan, LLC",,(617) 675-4623,,https://attorneysheehan.com/?utm_source=GBP&utm_medium=organic&utm_campaign=boston_ma_02108,"10 Tremont St Ste 309, Boston, MA 02108, USA",MA,"Boston, MA",4.9,114
"d'Oliveira & Associates, p.c.",,(617) 544-3399,,https://www.good-legal-advice.com/massachusetts/boston/car-accident/,"76 Canal St #302, Boston, MA 02114, USA",MA,"Boston, MA",5,150
Boston Injury Law Group,,(617) 454-4874,,https://boston-injury.com/,"50 Congress St #415, Boston, MA 02109, USA",MA,"Boston, MA",5,42
"Breakstone, White & Gluck",,(800) 379-1244,,https://www.bwglaw.com/?utm_source=google&utm_medium=organic&utm_campaign=local,"2 Center Plz Ste 530, Boston, MA 02108, USA",MA,"Boston, MA",4.8,223
Altman Nussbaum Shunnarah Trial Attorneys,,(857) 386-6665,,https://www.anslawyers.com/personal-injury-lawyer-boston/?utm_campaign=gmb,"44 School St Suite 350, Boston, MA 02108, USA",MA,"Boston, MA",4.9,992
Earley Law Group Injury Lawyers,,(617) 338-7400,,https://www.chrisearley.com/,"44 School St Ste # 805, Boston, MA 02108, USA",MA,"Boston, MA",4.9,1023
Jason Stone Injury Lawyers,,(617) 404-9303,,https://www.stoneinjurylawyers.com/?utm_source=google&utm_medium=organic&utm_campaign=gbp-listing-boston,"225 Friend St #301, Boston, MA 02114, USA",MA,"Boston, MA",4.8,568
DiBella Law Injury and Accident Lawyers,,(617) 663-0665,,https://www.dibellalawoffice.com/boston/?utm_source=google&utm_medium=organic&utm_campaign=gbp-listing-boston,"659 Massachusetts Ave Ste C, Boston, MA 02118, USA",MA,"Boston, MA",5,363
Parker Scheer LLP,,(617) 886-0500,,https://www.parkerscheer.com/personal-injury-lawyer/?utm_source=google&utm_medium=organic&utm_campaign=gmb,"1 Center Plz Ste 420, Boston, MA 02108, USA",MA,"Boston, MA",5,103
"Joel H. Schwartz, P.C.",,(508) 850-0342,,https://www.joelhschwartz.com/,"1 Washington Mall #16, Boston, MA 02108, USA",MA,"Boston, MA",4.9,131
"Law Office of Joseph Linnehan, Jr.",,(617) 275-4200,,https://www.bostoninjured.com/,"15 Court Square #240, Boston, MA 02108, USA",MA,"Boston, MA",5,79
"Dolman Law Group Accident Injury Lawyers, PA - Boston",,(857) 407-4182,,https://www.dolmanlaw.com/personal-injury-lawyer/massachusetts/boston/?utm_source=google&utm_medium=organic&utm_campaign=gmb-listing-boston,"44 School St Rm 350, Boston, MA 02108, USA",MA,"Boston, MA",4.9,62
Burns & Jain Massachusetts Personal Injury and Legal Malpractice Lawyers,,(617) 227-7423,,https://burnsjainlaw.com/?utm_source=google&utm_medium=organic&utm_campaign=gbp,"6 Beacon St #1025, Boston, MA 02108, USA",MA,"Boston, MA",4.8,55
Law Offices of Mark E. Salomone,,(857) 444-6468,,https://www.marksalomone.com/boston,"2 Oliver St #608, Boston, MA 02109, USA",MA,"Boston, MA",4.9,103
TopDog Law Personal Injury Lawyers,,(617) 505-1429,,https://topdoglaw.com/locations/boston-ma/personal-injury-lawyer/?utm_source=google&utm_medium=organic&utm_campaign=GMB-Newbury-Boston-MA,"361 Newbury St 3rd floor, Suite 310, Boston, MA 02115, USA",MA,"Boston, MA",4.7,269
Boston Injury Law Office,,(617) 798-0833,,https://www.bostoninjurylawoffice.com/,"223 Endicott St, Boston, MA 02113, USA",MA,"Boston, MA",5,27
"Colucci, Colucci & Marcus, P.C.",,(617) 698-6000,,https://www.coluccilaw.com/,"424 Adams St #101, Milton, MA 02186, USA",MA,"Boston, MA",4.9,288
"Swartz & Swartz, P.C.",,(617) 742-1900,,https://swartzlaw.com/contact-us-in-boston/,"53 State St Suite 500, Boston, MA 02109, USA",MA,"Boston, MA",4.9,19
SUGARMAN,,(617) 542-1000,,https://www.sugarman.com/?utm_source=google&utm_medium=organic&utm_campaign=gmb,"31 St James Ave 10th Floor, Boston, MA 02116, USA",MA,"Boston, MA",4.4,60
"Gavagan Law, LLC - Boston Personal Injury Law Firm",,(617) 206-4747,,https://gavaganlaw.com/,"1452 Dorchester Ave 4th fl, Boston, MA 02122, USA",MA,"Boston, MA",5,32
"Spada Law Group, LLC",,(617) 889-5000,,https://www.spadalawgroup.com/offices/personal-injury-lawyers-chelsea-massachusetts.cfm?utm_source=gbp&utm_medium=organic&utm_campaign=chelsea,"111 Everett Ave #1f, Chelsea, MA 02150, USA",MA,"Boston, MA",4.9,449
"Crowe & Harris, LLP",,(617) 404-3417,,https://www.croweandharris.com/,"77 Franklin St 3rd floor, Boston, MA 02110, USA",MA,"Boston, MA",4.9,153
Feinberg & Alban PC,,(617) 232-5950,,https://www.feinbergalban.com/?utm_source=google&utm_medium=organic&utm_campaign=gbp&utm_term=boston,"2 Center Plz #620, Boston, MA 02108, USA",MA,"Boston, MA",5,150
Rob Levine Law - Personal Injury & Disability Lawyers,,(617) 870-0098,,https://roblevine.com/boston/?utm_source=google&utm_medium=organic&utm_campaign=gbp-boston,"16, 100 Hano St, Boston, MA 02134, USA",MA,"Boston, MA",4.9,355
Larson Law - Personal Injury Law Firm,,(508) 290-5715,,https://www.dlarsonlaw.com/,"265 Franklin St #1702, Boston, MA 02110, USA",MA,"Boston, MA",5,112
"Combies Hanson, P.C.",,(857) 855-6959,,https://combieshanson.com/?utm_source=google-local&utm_medium=organic&utm_campaign=2195,"12 Ericsson St, Boston, MA 02122, USA",MA,"Boston, MA",5,57
"Dolan Connly, P.C.",,(774) 268-8089,,https://dolanconnlylaw.com/boston/?utm_source=google&utm_medium=organic&utm_campaign=gbp-listing-boston,"50 Redfield St #202, Boston, MA 02122, USA",MA,"Boston, MA",4.9,127
Semenza Law Firm,,(617) 275-8191,,https://ssemenzalaw.com/boston-personal-injury-lawyer/,"100 State St 9th floor, Boston, MA 02109, USA",MA,"Boston, MA",5,50
Michaud Law LLC,,(617) 997-0472,,https://michaudlawllc.com/,"88 Broad St Ste 101, Boston, MA 02110, USA",MA,"Boston, MA",5,30
Nadeau Harkavy LLC,,(617) 674-7640,,https://www.nadeauharkavy.com/,"One Mifflin Pl Ste 400, Cambridge, MA 02138, USA",MA,"Boston, MA",5,54
"Carney, Rezendes & Crowley, LLC",,(617) 426-9797,,http://www.carnlaw.com/,"10 High St #401, Boston, MA 02110, USA",MA,"Boston, MA",4.9,28
"Simon & Simon, PC",,(857) 233-0559,,http://www.gosimon.com/boston/?utm_source=google&utm_medium=organic&utm_campaign=gmb-listing-boston,"100 Cambridge St Ste 14039, Boston, MA 02114, USA",MA,"Boston, MA",4.2,115
"Altman & Altman, LLP - Personal Injury Attorneys",,(617) 547-1205,,https://www.altmanllp.com/?utm_source=google&utm_medium=local,"1 State St Ste 2, Boston, MA 02109, USA",MA,"Boston, MA",4.8,78
Thornton Law Firm LLP,,(617) 720-1333,,https://tenlaw.com/,"84 State St 4th Fl, Boston, MA 02109, USA",MA,"Boston, MA",4.9,19
"Brandon J. Broderick, Personal Injury Attorney at Law",,(866) 808-4046,,https://www.brandonjbroderick.com/massachusetts/personal-injury-lawyer-somerville?utm_campaign=gmb,"402a Highland Ave K, Somerville, MA 02144, USA",MA,"Boston, MA",5,11
Sheff & Cook,,(617) 227-7000,,https://sheffandcook.com/,"The Daniel Webster, 10 Tremont St 7th Floor, Boston, MA 02108, USA",MA,"Boston, MA",5,94
Neumann Law group,,(617) 918-7790,,https://www.neumannlawgroup.com/communities-served/boston/boston-car-accident-lawyers/,"361 Newbury St 3rd - 5th Floor, Boston, MA 02115, USA",MA,"Boston, MA",5,2
Morgan & Morgan,,(857) 214-2148,,https://www.forthepeople.com/office-locations/massachusetts/boston/?utm_source=GMB&utm_medium=local&utm_campaign=BostonMAGMB,"155 Federal St #1502, Boston, MA 02110, USA",MA,"Boston, MA",4.6,6039
Zisson & Jacobs LLP,,(617) 444-9626,,https://www.zissonjacobs.com/?npcmp=dir:local:1973783:02109,"92 State St 4th Floor, Boston, MA 02109, USA",MA,"Boston, MA",5,22
Brooks Law Firm,,(508) 462-9858,,https://brookslawfirm.com/?utm_source=google&utm_medium=organic&utm_campaign=GBP,"10 High St #3, Medford, MA 02155, USA",MA,"Boston, MA",4.9,1180
Law Offices of Mark E. Salomone,,(617) 340-5672,,https://www.marksalomone.com/boston,"2379 Washington St, Boston, MA 02119, USA",MA,"Boston, MA",4.8,73
"Meehan Boyle, a Keches Law Firm",,(617) 523-8300,,http://www.meehanboyle.com/,"100 Cambridge St Ste 2101, Boston, MA 02114, USA",MA,"Boston, MA",5,16
Butters Brazilian LLP,,(617) 367-2600,,http://www.buttersbrazilian.com/,"420 Boylston St 4th Floor, Boston, MA 02116, USA",MA,"Boston, MA",5,46
Peck Trial Attorneys,,(857) 855-3774,,https://www.callpeck.com/?utm_source=gmb&utm_medium=organic&utm_campaign=boston,"77 Franklin St Fourth Floor, Boston, MA 02110, USA",MA,"Boston, MA",4.8,68
Cutler Law,,(617) 542-5000,,https://cutler-law.com/,"100 State St, Boston, MA 02109, USA",MA,"Boston, MA",5,10
Michigan Auto Law - Auto Accident Attorneys,,(313) 437-7877,,https://www.michiganautolaw.com/?utm_source=google&utm_medium=organic&utm_campaign=google_maps&utm_content=detroit,"615 Griswold St Ste 402, Detroit, MI 48226, USA",MI,"Detroit, MI",5,177
Mike Morse Injury Law Firm,,(855) 539-0098,,https://www.855mikewins.com/detroit-personal-injury-lawyers/?utm_source=GMB&utm_medium=organic&utm_campaign=Detroit,"2211 E Jefferson Ave Ste 320, Detroit, MI 48207, USA",MI,"Detroit, MI",5,918
Seva Law Firm,,(833) 738-2529,,https://sevafirm.com/car-accident-attorney-detroit/,"211 W Fort St #720, Detroit, MI 48226, USA",MI,"Detroit, MI",4.9,140
TopDog Law Personal Injury Lawyers,,(313) 751-9628,,https://topdoglaw.com/locations/detroit-mi/personal-injury-lawyer/?utm_source=google&utm_medium=organic&utm_campaign=GMB-Griswold-Detroit-MI,"645 Griswold St Ste 1309, Detroit, MI 48226, USA",MI,"Detroit, MI",4.9,618
Mike Morse Injury Law Firm,,(313) 217-3302,,https://www.855mikewins.com/detroit-personal-injury-lawyers/?utm_source=GMB&utm_medium=organic&utm_campaign=detroit-schaefer,"17187 Schaefer Hwy, Detroit, MI 48235, USA",MI,"Detroit, MI",5,467
Mike Morse Injury Law Firm,,(855) 434-2413,,https://www.855mikewins.com/southfield-personal-injury-lawyers/?utm_source=GMB&utm_medium=organic&utm_campaign=Southfield,"24901 Northwestern Hwy #700, Southfield, MI 48075, USA",MI,"Detroit, MI",4.8,4420
"Davis Injury Lawyers, PLLC",,(313) 856-2915,,https://www.michiganinjurylawyer.com/?utm_source=google&utm_medium=maps&utm_campaign=detroit&st-t=detroit,"1300 Broadway St Ste 220, Detroit, MI 48226, USA",MI,"Detroit, MI",4.7,38
Michigan Auto Law - Auto Accident Attorneys,,(248) 308-5390,,https://www.michiganautolaw.com/?utm_source=google&utm_medium=organic&utm_campaign=google_maps&utm_content=famington_hills,"30101 Northwestern Hwy, Farmington Hills, MI 48334, USA",MI,"Detroit, MI",4.9,878
"McKeen & Associates, PC",,(313) 524-8570,,https://www.mckeenassociates.com/?npcmp=dir:local:3438744:48226,"Penobscot Building, 645 Griswold St #4200, Detroit, MI 48226, USA",MI,"Detroit, MI",4.1,207
Christensen Law - Personal Injury Attorney,,(313) 546-1091,,https://davidchristensenlaw.com/detroit-mi/personal-injury-lawyer/?utm_source=google&utm_medium=organic&utm_campaign=gbp-listing-detroit,"615 Griswold St Suite 716, Detroit, MI 48226, USA",MI,"Detroit, MI",5,214
Lee Steinberg Injury Law Firm,,(313) 513-7230,,https://www.1800leefree.com/?utm_source=google&utm_medium=organic&utm_campaign=gbp_detroit,"615 Griswold St #700, Detroit, MI 48226, USA",MI,"Detroit, MI",4.9,117
Matz Injury Law,,(866) 720-6245,,https://22not33.com/contact-us/?utm_source=gbp&utm_medium=organic,"25800 Northwestern Hwy #575, Southfield, MI 48075, USA",MI,"Detroit, MI",5,92
Morgan & Morgan,,(313) 251-1399,,https://www.forthepeople.com/office-locations/michigan/detroit/?utm_source=GMB&utm_medium=local&utm_campaign=DetroitMIGMB,"150 W Jefferson Ave #1400, Detroit, MI 48226, USA",MI,"Detroit, MI",4.7,1349
ATLAW,,(313) 406-7606,,https://www.atlawgroup.com/?npcmp=dir:local:5064665:48126,"Parklane Towers West, 3 Parklane Blvd Suite 400, Dearborn, MI 48126, USA",MI,"Detroit, MI",4.9,456
Goodman Acker P.C.,,(248) 831-1507,,https://www.goodmanacker.com/southfield-personal-injury-lawyer/?utm_campaign=gbp&utm_medium=organic&utm_source=Southfield_gbp_profile,"Two Towne Square Ste 444, Southfield, MI 48076, USA",MI,"Detroit, MI",4.7,473
Buckfire Law - Injury & Accident Attorneys,,(313) 777-8482,,https://buckfirelaw.com/offices/detroit/campus-martius/?utm_source=google&utm_medium=organic&utm_campaign=gbp,"1001 Woodward Ave #505, Detroit, MI 48226, USA",MI,"Detroit, MI",4.7,63
Michigan Injury Lawyers,,(313) 513-0775,,https://www.michiganinjurylawyers.com/detroit-personal-injury-lawyers/?utm_source=Google+Business+Page&utm_medium=Organic&utm_campaign=Detroit,"400 Monroe St Ste 238, Detroit, MI 48226, USA",MI,"Detroit, MI",5,15
Marko Law Firm,,(313) 777-7777,,https://markolaw.com/,"220 W Congress St, Detroit, MI 48226, USA",MI,"Detroit, MI",4.4,291
"Kajy Law Firm, PLLC",,(248) 290-8549,,https://877kajycares.com/southfield-car-accident-lawyer/?utm_source=google&utm_medium=organic&utm_campaign=GBP_Southfield,"18000 W Nine Mile Rd #1400, Southfield, MI 48075, USA",MI,"Detroit, MI",4.9,850
The Lobb Law Firm,,,,http://thelobblawfirm.com/?utm_source=GMB&utm_medium=organic&utm_campaign=Southfield,"24681 Northwestern Hwy Ste 4100, Southfield, MI 48075, USA",MI,"Detroit, MI",4.8,211
Law Offices of Jason A Waechter,,(248) 355-4701,,https://www.motorcyclelawyermichigan.com/locations/southfield-motorcycle-accident-lawyer/,"19080 W 10 Mile Rd, Southfield, MI 48075, USA",MI,"Detroit, MI",4.9,111
Elia & Ponto PLLC,,(248) 595-8579,,https://www.eliaandponto.com/,"25800 Northwestern Hwy #850, Southfield, MI 48075, USA",MI,"Detroit, MI",4.7,335
Neumann Law Group Accident Lawyers,,(248) 216-1660,,https://www.neumannlawgroup.com/communities-served/detroit/detroit-car-accident-lawyers/,"400 Renaissance Center Ste 2600, Detroit, MI 48243, USA",MI,"Detroit, MI",4.1,29
Seva Law Firm,,(248) 778-3064,,https://sevafirm.com/personal-injury-attorney-troy/?utm_source=google&utm_medium=organic&utm_campaign=gmb,"100 W Big Beaver Rd #500, Troy, MI 48084, USA",MI,"Detroit, MI",5,288
"Michigan Advocacy Center, PLLC",,(248) 220-6091,,https://lawsouthfield.com/,"3000 Town Center #58, Southfield, MI 48075, USA",MI,"Detroit, MI",4.9,66
Dan Makled Law,,(313) 744-4878,,http://makledlaw.com/,"23451 Ford Rd, Dearborn, MI 48128, USA",MI,"Detroit, MI",4.9,75
Buckfire Law - Injury & Accident Attorneys,,(248) 595-7544,,https://buckfirelaw.com/offices/southfield/?utm_source=google&utm_medium=organic&utm_campaign=gbp,"28411 Northwestern Hwy #300, Southfield, MI 48034, USA",MI,"Detroit, MI",4.7,941
Michigan Auto Law - Auto Accident Attorneys,,(586) 217-2180,,https://www.michiganautolaw.com/?utm_source=google&utm_medium=organic&utm_campaign=google_maps&utm_content=sterling_heights,"42140 Van Dyke Ave Ste 170, Sterling Heights, MI 48314, USA",MI,"Detroit, MI",4.9,102
Buckfire Law - Injury & Accident Attorneys,,(313) 992-8281,,https://buckfirelaw.com/offices/detroit/merchants-row/,"19 Clifford St #805, Detroit, MI 48226, USA",MI,"Detroit, MI",4.8,16
JC Auto Accident Law Firm,,(248) 993-6438,,http://jclaw.lawyer/,"16250 Northland Dr #325, Southfield, MI 48075, USA",MI,"Detroit, MI",4.4,48
Michigan Workers Comp Lawyers,,(313) 925-3169,,https://www.workerscomplawyerhelp.com/?utm_source=google&utm_medium=organic&utm_campaign=googlemybusiness,"645 Griswold St Ste 1308, Detroit, MI 48226, USA",MI,"Detroit, MI",4.9,54
"Camper & Associates, PLLC",,(313) 777-5757,,https://www.callcamper.com/,"14029 W McNichols Rd, Detroit, MI 48235, USA",MI,"Detroit, MI",5,17
Sachs Waldman PC,,(313) 965-3464,,http://www.personalinjurydetroit.com/,"2211 E Jefferson Ave, Detroit, MI 48207, USA",MI,"Detroit, MI",5,1
Lipton Law,,(248) 557-1688,,http://www.liptonlaw.com/,"18930 W 10 Mile Rd, Southfield, MI 48075, USA",MI,"Detroit, MI",4.7,161
Michael Jaafar Law Firm PLLC,,(313) 488-4233,,https://www.bigcasemike.com/,"25639 Ford Rd Ste 201A, Dearborn Heights, MI 48127, USA",MI,"Detroit, MI",4.9,116
Michigan Auto Law - Auto Accident Attorneys,,(616) 259-4498,,https://www.michiganautolaw.com/about/locations-served/grand-rapids-car-accident-lawyer/?utm_source=google&utm_medium=organic&utm_campaign=google_maps&utm_content=grand_rapids,"212 Cesar E. Chavez Ave SW Ste 105, Grand Rapids, MI 49503, USA",MI,"Detroit, MI",5,262
RTRLAW,,(313) 355-9399,,https://rtrlaw.com/michigan/,"2200 Hunt St #2068, Detroit, MI 48207, USA",MI,"Detroit, MI",5,1
Koussan Law,,(313) 800-0000,,https://k-law.com/,"821 W Milwaukee Ave, Detroit, MI 48202, USA",MI,"Detroit, MI",4.8,103
Mike Morse Injury Law Firm,,(734) 849-4244,,https://www.855mikewins.com/wayne-personal-injury-lawyers/?utm_source=GMB&utm_medium=organic&utm_campaign=Wayne,"3850 2nd St Ste 256, Wayne, MI 48184, USA",MI,"Detroit, MI",4.9,454
The Sam Bernstein Law Firm,,(877) 591-0559,,https://callsam.com/?tfn=877-591-0559&utm_source=Google&utm_medium=GBP&utm_campaign=DetroitGBP,"1538 Centre St Ste 250, Detroit, MI 48226, USA",MI,"Detroit, MI",4.2,37
Fieger Law,,(248) 355-5555,,https://www.fiegerlaw.com/?utm_source=google&utm_medium=organic&utm_campaign=local,"19390 W 10 Mile Rd #250, Southfield, MI 48075, USA",MI,"Detroit, MI",4.1,729
Sigal Law Firm,,(248) 671-6794,,https://www.sigallaw.com/,"20700 Civic Center Dr Suite 320, Southfield, MI 48076, USA",MI,"Detroit, MI",4.8,355
Mike Morse Injury Law Firm,,(586) 500-0991,,https://www.855mikewins.com/sterling-heights-personal-injury-lawyers/?utm_source=GMB&utm_medium=organic&utm_campaign=SterlingHeights,"38600 Van Dyke Ave #270, Sterling Heights, MI 48312, USA",MI,"Detroit, MI",4.9,544
"Steven Gursten, Attorney at Law",,(248) 353-7575,,https://www.michiganautolaw.com/about/attorneys/steven-gursten/,"30101 Northwestern Hwy, Farmington Hills, MI 48334, USA",MI,"Detroit, MI",4.7,30
"Auto Accident Attorneys, PLLC",,(248) 809-6789,,http://www.paid4pain.com/,"24100 Southfield Rd #116, Southfield, MI 48075, USA",MI,"Detroit, MI",4.7,64
Raitt Law Personal Injury,,(734) 492-0429,,https://firstraittlaw.com/?utm_source=google&utm_medium=organiclocal,"2058 S State St Ste 150, Ann Arbor, MI 48104, USA",MI,"Detroit, MI",5,156
Michigan Auto Law - Auto Accident Attorneys,,(734) 230-2176,,https://www.michiganautolaw.com/?utm_source=google&utm_medium=organic&utm_campaign=google_maps&utm_content=ann_arbor,"122 S Main St #220, Ann Arbor, MI 48104, USA",MI,"Detroit, MI",4.9,97
"Sommers Schwartz, P.C.",,(248) 965-4465,,https://www.sommerspc.com/?utm_source=S2Web-Organic&utm_medium=Google-My-Business&utm_campaign=CLM-GMB-Detroit-FIRM-Google-My-Business,"3011 W Grand Blvd #460D, Detroit, MI 48202, USA",MI,"Detroit, MI",5,18
Christensen Law,,(248) 600-4591,,https://davidchristensenlaw.com/southfield-mi/personal-injury-lawyer/?utm_source=google&utm_medium=organic&utm_campaign=gmb-listing-southfield,"25925 Telegraph Rd Ste #200, Southfield, MI 48033, USA",MI,"Detroit, MI",4.9,221
Mumen Barlaskar Law Firm,,(313) 893-2500,,http://www.800autoinjury.com/,"2649 Caniff Ave, Hamtramck, MI 48212, USA",MI,"Detroit, MI",4.7,134
"Schwebel, Goetz & Sieben, P.A.",,(612) 377-7777,,https://www.schwebel.com/,"80 S 8th St #5120, Minneapolis, MN 55402, USA",MN,"Minneapolis, MN",5,520
Nicolet Law Accident & Injury Lawyers,,(612) 888-8258,,https://nicoletlaw.com/minneapolis-personal-injury-lawyer/?utm_source=google&utm_medium=organic&utm_campaign=gbp_minneapolis,"43 SE Main St Unit 500, Minneapolis, MN 55414, USA",MN,"Minneapolis, MN",4.9,372
Fay & Associates,,(612) 888-8354,,https://www.mcfay.com/,"619 S 10th St, Minneapolis, MN 55404, USA",MN,"Minneapolis, MN",4.7,352
Tyroler Leonard Injury Law,,(952) 567-2488,,https://injurylawmn.com/minneapolis/?utm_source=local&utm_medium=organic&utm_campaign=GMB,"5353 Wayzata Blvd #410, Minneapolis, MN 55416, USA",MN,"Minneapolis, MN",5,215
"Bennerotte & Associates, P.A.",,(651) 240-3309,,https://www.injuryattorneysmn.com/,"3085 Justice Way suite 200, Eagan, MN 55121, USA",MN,"Minneapolis, MN",4.9,482
Hall Law Personal Injury Attorneys Minneapolis,,(612) 482-9119,,https://www.hallinjurylaw.com/?utm_medium=organic&utm_campaign=gmb-minneapolis,"825 Nicollet Mall #615, Minneapolis, MN 55402, USA",MN,"Minneapolis, MN",5,94
Monge & Associates Injury and Accident Attorneys,,(218) 975-5081,,https://www.becauseyouwanttowin.com/minneapolis-personal-injury-lawyer/,"331 2nd Ave S Ste 455, Minneapolis, MN 55401, USA",MN,"Minneapolis, MN",4.9,54
Robert Wilson & Associates,,(612) 540-0586,,https://www.wilsoninjurylaw.com/?utm_source=GMB&utm_medium=Organic&utm_campaign=minneapolis,"404 N 3rd Ave #201, Minneapolis, MN 55401, USA",MN,"Minneapolis, MN",4.9,110
Law Offices of Howard Sussman,,(612) 332-4830,,https://www.sussmanlaw.com/,"333 N Washington Ave Suite 300, Minneapolis, MN 55401, USA",MN,"Minneapolis, MN",5,81
"Sand Law, LLC",,(651) 291-7263,,https://www.sandlawllc.com/,"400 S 4th St Ste 401-217, Minneapolis, MN 55415, USA",MN,"Minneapolis, MN",4.9,34
"Law Office of Jeffrey A. Jones, P.A.",,(612) 234-2992,,https://www.jeffjoneslawoffice.com/?npcmp=dir:local:3184607:55416,"701 Xenia Ave S #475, Golden Valley, MN 55416, USA",MN,"Minneapolis, MN",4.9,172
"Heinlein Law, PLLC",,(612) 333-5673,,https://heinleinlaw.com/,"309 Clifton Ave, Minneapolis, MN 55403, USA",MN,"Minneapolis, MN",4.9,68
Meshbesher & Spence,,(612) 339-9121,,https://www.meshbesher.com/?utm_source=google&utm_medium=organic&utm_campaign=google_business_profile,"1616 Park Ave, Minneapolis, MN 55404, USA",MN,"Minneapolis, MN",4.5,217
Morgan & Morgan,,(763) 294-6400,,https://www.forthepeople.com/office-locations/minnesota/minneapolis/?utm_source=GMB&utm_medium=local&utm_campaign=MinneapolisMNGMB,"121 N Washington Ave 4th Floor, Minneapolis, MN 55401, USA",MN,"Minneapolis, MN",4.7,635
"Pritzker Hageman, P.A.",,(612) 338-0202,,https://pritzkerlaw.com/,"100 University Ave SE, Minneapolis, MN 55414, USA",MN,"Minneapolis, MN",4.9,67
Hoglund Law,,(612) 294-0070,,https://hoglundlaw.com/,"225 South 6th St Ste 3900 RM. 143, Minneapolis, MN 55402, USA",MN,"Minneapolis, MN",4.9,606
"Keller, Woods & Thompson, P.A.",,(763) 447-4076,,https://www.woodsandthompson.com/?npcmp=dir:local:3896110:55413,"1300 Godward St NE #4000, Minneapolis, MN 55413, USA",MN,"Minneapolis, MN",4.7,84
"Robichaud, Schroepfer & Correia, P.A.",,(612) 255-6481,,http://robichaudlaw.com/,"7500 Olson Mem Hwy Ste 325, Golden Valley, MN 55427, USA",MN,"Minneapolis, MN",4.6,131
612 INJURED: Minneapolis PI & Workers Comp Attorneys,,(612) 465-8733,,https://612injured.com/,"333 N Washington Ave Suite 300, Minneapolis, MN 55401, USA",MN,"Minneapolis, MN",5,48
The Law Office of Martin T Montilino LLC,,(612) 236-1320,,https://www.martinmontilino.com/,"3109 Hennepin Ave, Minneapolis, MN 55408, USA",MN,"Minneapolis, MN",4.5,19
TSR Injury Law,,(612) 877-8463,,https://www.tsrinjurylaw.com/,"8300 Norman Center Dr #1275, Bloomington, MN 55437, USA",MN,"Minneapolis, MN",4.8,656
Noack Law Office,,(952) 472-4200,,https://www.noacklawoffice.com/?npcmp=dir:local:4679884:55407,"1515 E Lake St Ste 200, Minneapolis, MN 55407, USA",MN,"Minneapolis, MN",4.9,65
"Rochlin Law Firm, Ltd.",,(612) 332-3311,,https://rochlinlaw.com/home/personal-injury-lawyers-minneapolis/?utm_source=google&utm_medium=organic&utm_campaign=GBP,"5200 Willson Rd #412, Edina, MN 55424, USA",MN,"Minneapolis, MN",4.9,54
"Osterbauer, Harper & Furth",,(612) 334-3434,,https://osterbauerlawfirm.com/?utm_source=gmb&utm_medium=organic&utm_campaign=gmb-listing,"404 N 3rd Ave #201, Minneapolis, MN 55401, USA",MN,"Minneapolis, MN",4.5,167
SiebenCarey Personal Injury Law,,(612) 333-4500,,https://www.knowyourrights.com/,"901 S Marquette Ave #500, Minneapolis, MN 55402, USA",MN,"Minneapolis, MN",4.9,189
"Goldenberg Lauricella, PLLC",,(800) 903-1643,,https://www.goldenberglaw.com/?utm_source=GMB&utm_medium=organic&utm_campaign=minneapolis,"800 La Salle Ave #2150, Minneapolis, MN 55402, USA",MN,"Minneapolis, MN",4.6,25
Accident Lawyer,,(651) 615-3322,,http://accidentlawyermn.com/,"5618 Bass Lake Rd Ste 200, Crystal, MN 55429, USA",MN,"Minneapolis, MN",5,31
"Milavetz Injury Law, P.A.",,(763) 307-5787,,https://www.milavetzlaw.com/brooklyn-center-personal-injury-office/?utm_source=gmb&utm_medium=organic&utm_campaign=brooklyn_center_gmb,"1915 57th Ave N, Brooklyn Center, MN 55430, USA",MN,"Minneapolis, MN",4.7,90
"Heuer Fischer, P.A.",,(612) 236-0055,,https://www.heuerfischer.com/?utm_source=google-local&utm_medium=organic&utm_campaign=354,"5353 Wayzata Blvd Ste 600, St Louis Park, MN 55416, USA",MN,"Minneapolis, MN",4.9,58
Lowe Law Group,,(612) 400-9409,,https://www.lowelawgroup.com/minneapolis/?utm_source=GMB&utm_medium=organic&utm_campaign=minneapolis,"802 Washington Ave SE Ste. 204, Minneapolis, MN 55414, USA",MN,"Minneapolis, MN",4.8,95
"Sand Law, LLC",,(651) 291-7263,,https://www.sandlawllc.com/,"266 E 7th St, St Paul, MN 55101, USA",MN,"Minneapolis, MN",5,396
McCreadyLaw Injury Attorneys,,(952) 800-2120,,https://mccreadylaw.com/minneapolis-injury/,"5780 Lincoln Dr #101, Edina, MN 55436, USA",MN,"Minneapolis, MN",5,215
Nicolet Law Accident & Injury Lawyers,,(651) 360-2703,,https://nicoletlaw.com/roseville-personal-injury-lawyer/?utm_source=google&utm_medium=organic&utm_campaign=gbp_roseville,"1700 S Hwy 36 Service Dr #220, Roseville, MN 55113, USA",MN,"Minneapolis, MN",5,79
Tyroler Leonard Injury & Accident Lawyer,,(651) 259-1113,,https://injurylawmn.com/oakdale/?utm_source=local&utm_medium=organic&utm_campaign=GMB,"434 Hale Ave N Ste 130, Oakdale, MN 55128, USA",MN,"Minneapolis, MN",5,194
"Pattee, Tewksbury & Kerfeld PA",,(612) 334-3399,,http://www.ptk-law.com/,"88 S 10th St #300, Minneapolis, MN 55403, USA",MN,"Minneapolis, MN",5,13
Fields Injury Law,,(952) 900-7633,,https://fieldsinjurylaw.com/?utm_campaign=gmb,"9999 Wayzata Blvd Ste 200, Minnetonka, MN 55305, USA",MN,"Minneapolis, MN",4.8,102
"Metro Law Offices, Ltd.",,(763) 314-3800,,https://metrolawoffices.com/?utm_source=GMB&utm_medium=organic&utm_campaign=minneapolis,"Metro Law Center, 5618 Bass Lake Rd, Minneapolis, MN 55429, USA",MN,"Minneapolis, MN",4.2,63
Hall Law Personal Injury Attorneys Edina,,(952) 522-1901,,https://www.hallinjurylaw.com/edina-personal-injury-lawyer/?utm_medium=organic&utm_campaign=gmb-edina,"5200 Willson Rd #203, Edina, MN 55424, USA",MN,"Minneapolis, MN",4.9,60
Bradshaw & Bryant PLLC,,(952) 266-7282,,https://minnesotapersonalinjury.com/?utm_source=google&utm_medium=gbp&utm_campaign=golden_valley,"701 Xenia Ave S Ste 425, Golden Valley, MN 55416, USA",MN,"Minneapolis, MN",4.8,25
Brazil Sweeney Law Group,,(612) 874-6109,,https://www.djbrazil-law.com/,"1622 W Lake St, Minneapolis, MN 55408, USA",MN,"Minneapolis, MN",4.8,48
Nicolet Law Accident & Injury Lawyers,,(651) 360-2182,,https://nicoletlaw.com/st-paul-personal-injury-lawyer/?utm_source=google&utm_medium=organic&utm_campaign=gbp_stpaul,"370 Wabasha St N Suite 875, St Paul, MN 55102, USA",MN,"Minneapolis, MN",5,99
Paulene & Mazzocco Law Group Auto Accident Lawyers,,(651) 240-5376,,https://paulenemazzoccolawgroup.com/,"2277 Highway 36 W, Roseville, MN 55113, USA",MN,"Minneapolis, MN",5,4
Schmidt Salita Law Team,,(952) 248-8366,,https://www.schmidtlaw.org/?utm_source=google&utm_medium=gmb&utm_campaign=google_my_business,"1600 Hopkins Crossroad, Minnetonka, MN 55305, USA",MN,"Minneapolis, MN",4.8,152
Florin|Roebig Personal Injury Trial Attorneys - Minneapolis,,(800) 226-6581,,https://florinroebig.com/car-accidents/minnesota/minneapolis/?utm_source=google&utm_medium=organic&utm_campaign=gmb_minneapolis,"7760 France Ave S #130, Minneapolis, MN 55435, USA",MN,"Minneapolis, MN",4.3,21
"Schwebel, Goetz & Sieben, P.A.",,(651) 377-2450,,https://www.schwebel.com/st-paul-personal-injury-lawyer/,"1600 University Ave W #315, St Paul, MN 55104, USA",MN,"Minneapolis, MN",4.9,37
Johnston | Martineau PLLP - Truck Accident Lawyers,,(651) 858-3500,,https://jmlegal.com/,"1700 MN-36 Ste 620, Roseville, MN 55113, USA",MN,"Minneapolis, MN",5,12
"Milavetz Injury Law, P.A. | Minneapolis Injury Attorneys",,(612) 448-3549,,https://www.milavetzlaw.com/minneapolis/?utm_source=google&utm_medium=organic&utm_campaign=gbp-minneapolis,"305 N 5th Ave Ste 300, Minneapolis, MN 55401, USA",MN,"Minneapolis, MN",4.6,10
JD Haas & Associates PLLC,,(952) 345-1025,,https://www.jdhaas.com/,"1120 E 80th St Suite 200, Bloomington, MN 55420, USA",MN,"Minneapolis, MN",4.8,35
Nigh Goldenberg Raso & Vaughn PLLC,,(612) 642-2922,,https://nighgoldenberg.com/,"60 South 6th St #2800, Minneapolis, MN 55402, USA",MN,"Minneapolis, MN",5,1
Fields Law Firm,,(844) 722-8989,,https://www.fieldslaw.com/?utm_campaign=gmb,"9999 Wayzata Blvd #100, Minnetonka, MN 55305, USA",MN,"Minneapolis, MN",4.8,2024
'Maggio Law,,(601) 588-8811,,https://www.mtlawms.com/jackson/?utm_source=GMB&utm_medium=organic&utm_campaign=jackson,"1227 E Fortification St, Jackson, MS 39202, USA",MS,"Jackson, MS",4.9,387
Jones Law Group,,(601) 272-2406,,http://www.injuredinmississippi.com/,"3417 N State St, Jackson, MS 39216, USA",MS,"Jackson, MS",5,113
"Ballard Law, PLLC",,(769) 572-5111,,https://www.ballardlaw.ms/,"108 S President St, Jackson, MS 39201, USA",MS,"Jackson, MS",4.9,62
"Chhabra, Gibbs & Gustavis, P.A.",,(601) 948-8005,,https://cglawms.com/jackson-personal-injury-lawyer/?utm_source=gmb&utm_medium=organic&utm_content=listing&utm_campaign=local,"120 N Congress St Ste 200, Jackson, MS 39201, USA",MS,"Jackson, MS",4.9,567
Hearn Personal Injury & Car Accident Attorneys,,(601) 808-4822,,https://www.hearnlawfirm.net/jackson-personal-injury-attorney/,"1438 N State St, Jackson, MS 39202, USA",MS,"Jackson, MS",4.9,62
Monge & Associates Injury and Accident Attorneys,,(601) 707-6303,,https://www.becauseyouwanttowin.com/jackson-ms-personal-injury-lawyer/,"200 N Congress St #101, Jackson, MS 39201, USA",MS,"Jackson, MS",4.9,168
Richard Schwartz & Associates Injury Lawyers P.A.,,(601) 800-5559,,https://www.1call.ms/locations/jackson/?utm_source=google&utm_medium=organic&utm_campaign=GBP_jackson,"162 E Amite St, Jackson, MS 39201, USA",MS,"Jackson, MS",4.9,4264
Brown Bass & Jeter Jackson Personal Injury Attorneys & Car Accident Lawyers,,(601) 533-9617,,https://bbjlawyers.com/?utm_source=seo&utm_medium=google&utm_campaign=jackson,"1755 Lelia Dr Ste 400, Jackson, MS 39216, USA",MS,"Jackson, MS",4.9,125
Morgan & Morgan,,(601) 949-3388,,https://www.forthepeople.com/office-locations/mississippi/jackson/?utm_source=GMB&utm_medium=local&utm_campaign=JacksonMSGMB,"4450 Old Canton Rd #200, Jackson, MS 39211, USA",MS,"Jackson, MS",4.7,1659
"Burns & Associates, PLLC",,(601) 500-7021,,https://www.burnsandassociateslaw.com/?npcmp=dir:local:4329549:39202,"629 N Jefferson St, Jackson, MS 39202, USA",MS,"Jackson, MS",5,43
"Lunsford, Baskin & Priebe PLLC",,(601) 488-3975,,https://www.lunsfordbaskin.com/,"317 E Capitol St Ste 600, Jackson, MS 39201, USA",MS,"Jackson, MS",4.9,158
Williams Newman Williams PLLC,,(601) 202-9857,,https://wnwlegal.com/?utm_campaign=gmb&utm_medium=organic&utm_source=google,"640 N State St, Jackson, MS 39202, USA",MS,"Jackson, MS",4.8,86
"Giddens Law Firm, P.A.",,(601) 355-2022,,https://msverdict.com/jackson-personal-injury-lawyer/,"226 N President St, Jackson, MS 39201, USA",MS,"Jackson, MS",5,37
NST Law Injury Attorneys,,(601) 488-3483,,https://www.nstlaw.com/jackson-ms/?utm_source=gmb&utm_medium=organic&utm_campaign=jackson_ms_gmb,"125 S Congress St Ste 1300, Jackson, MS 39201, USA",MS,"Jackson, MS",4.9,41
Mama Justice - MW Law Firm,,(601) 453-4715,,https://www.mamajustice.com/oxford/,"1671 Lelia Dr Suite B, Jackson, MS 39216, USA",MS,"Jackson, MS",4.9,124
"Diaz Law Firm, PLLC",,(601) 607-3456,,https://diazlawfirm.com/personal-injury/?utm_source=google&utm_medium=organic&utm_campaign=gbp-listing-madison,"208 Waterford Square, Madison, MS 39110, USA",MS,"Jackson, MS",5,228
Law Tigers Motorcycle Accident Lawyer - Jackson,,(601) 374-5927,,https://lawtigers.com/locations/mississippi/jackson/,"407 Briarwood Dr Ste 205F, Jackson, MS 39206, USA",MS,"Jackson, MS",4.9,128
Coxwell & Associates,,(601) 265-7766,,https://www.coxwelllaw.com/,"500 N State St, Jackson, MS 39201, USA",MS,"Jackson, MS",4.8,148
Malouf & Malouf,,(601) 522-2222,,https://malouflaw.com/,"501 E Capitol St, Jackson, MS 39201, USA",MS,"Jackson, MS",4.8,33
MS Injury Law Firm,,(601) 265-1664,,,"2614 Southerland Dr Ste 200, Jackson, MS 39216, USA",MS,"Jackson, MS",5,4
"Keith B. French Law, PLLC - Personal Injury Lawyer",,(601) 767-9100,,http://www.keithfrenchlaw.com/,"401 E Capitol St Ste 515, Jackson, MS 39201, USA",MS,"Jackson, MS",4.8,43
Caldwell Wenzel & Asthana Personal Injury Lawyers,,(601) 588-8518,,https://cwalawfirm.com/?utm_source=google&utm_medium=organic&utm_campaign=gbp-listing-jackson,"401 E Capitol St Ste 615, Jackson, MS 39201, USA",MS,"Jackson, MS",5,4
Howe.Law Injury & Accident Lawyers,,(601) 873-6516,,https://howe.law/jackson-ms/?utm_source=GMB&utm_medium=organic&utm_campaign=GMB_organic,"200 N Congress St Ste 114, Jackson, MS 39201, USA",MS,"Jackson, MS",5,26
"Weldy Law Firm, PLLC",,(601) 804-3899,,http://weldylawfirm.com/?utm_campaign=gmb&utm_id=gbp_jackson&utm_medium=gbp&utm_source=gbp,"1530 N State St, Jackson, MS 39202, USA",MS,"Jackson, MS",5,24
"Merkel & Cocke, P.A.",,(601) 653-1103,,https://www.merkel-cocke.com/jackson/?utm_source=google&utm_medium=gmb&utm_campaign=jackson,"2630 Ridgewood Rd Ste D, Jackson, MS 39216, USA",MS,"Jackson, MS",5,27
"Funderburg Sessums & Peterson, PLLC",,(601) 355-5200,,https://www.fsplawfirm.com/,"901 N State St, Jackson, MS 39202, USA",MS,"Jackson, MS",4.8,8
Kanner & Pintaluga,,(800) 586-5555,,https://kpattorney.com/offices/mississippi/ridgeland/?utm_source=google&utm_medium=organic&utm_campaign=gbp&utm_content=ridgeland,"1000 Highland Colony Pkwy Bld. 5000 Suite 5203, Ridgeland, MS 39157, USA",MS,"Jackson, MS",4.9,282
"Pittman, Roberts & Welsh, PLLC",,(601) 948-6200,,https://www.prwlaw.com/?utm_source=google&utm_campaign=JXN,"410 S President St, Jackson, MS 39201, USA",MS,"Jackson, MS",5,2
John Hunter Stevens,,(601) 366-1900,,https://johnhstevenslaw.com/?utm_source=google-local&utm_medium=organic&utm_campaign=2716,"1535 Lelia Dr, Jackson, MS 39216, USA",MS,"Jackson, MS",4.3,19
Khalaf & Nguyen Law Firm,,(601) 688-8888,,http://www.601attorney.com/,"500 N State St, Jackson, MS 39201, USA",MS,"Jackson, MS",4.9,65
TopDog Law Personal Injury Lawyers,,(769) 247-5049,,https://topdoglaw.com/locations/jackson-ms/personal-injury-lawyer/?utm_source=google&utm_medium=organic&utm_campaign=GMB-Capitol-Jackson-MS,"317 E Capitol St Ste 200C, Jackson, MS 39201, USA",MS,"Jackson, MS",4.8,60
"Tabor Law Firm, P.A.",,(769) 257-6713,,https://www.taborlawfirm.net/jackson-ms-lawyer/,"200 N Congress St Ste 112, Jackson, MS 39201, USA",MS,"Jackson, MS",5,6
Kilpatrick & Philley Attorneys at Law,,(601) 707-4669,,https://www.kpinjurylawyers.com/?npcmp=dir:local:4715277:39157,"216 W Jackson St, Ridgeland, MS 39157, USA",MS,"Jackson, MS",4.9,14
"Reaves Law Firm, PLLC",,(601) 908-6812,,https://beyourvoice.com/jackson-injury/?utm_source=GBPlistingJackson&utm_medium=organic,"1808 N State St, Jackson, MS 39202, USA",MS,"Jackson, MS",4.4,11
Thompson Stam PLLC,,(601) 882-0502,,https://thompsonstam.com/,"1620 N State St Suite 103, Jackson, MS 39202, USA",MS,"Jackson, MS",5,19
TNT LAW,,(601) 746-4321,,https://thelawbomb.com/,"401 E Capitol St Ste 210 B, Jackson, MS 39201, USA",MS,"Jackson, MS",4.3,6
"The Stutzman Law Firm, PLLC",,(769) 208-5683,,https://www.stutzmanlawfirm.com/?utm_source=google-local&utm_medium=organic&utm_campaign=2308,"106 Luckney Station B, Flowood, MS 39232, USA",MS,"Jackson, MS",5,16
Burgess Injury & Car Accident Lawyers,,(601) 800-6435,,https://clayburgess.com/ridgeland-injury-attorney/?utm_source=google&utm_medium=organic&utm_campaign=google_business_profile,"1000 Highland Colony Pkwy Ste 5203, Ridgeland, MS 39157, USA",MS,"Jackson, MS",5,50
Pepper Odom,,(601) 202-1111,,https://pepperodom.com/,"420 Northpark Dr, Ridgeland, MS 39157, USA",MS,"Jackson, MS",4.9,141
John D. Giddens,,(601) 355-2022,,https://msverdict.com/,"226 N President St, Jackson, MS 39201, USA",MS,"Jackson, MS",5,3
"Derek L. Hall, P.C.",,(601) 202-2222,,https://dlhattorneys.com/personal-injury/?utm_source=google&utm_medium=organic&utm_campaign=ridgeland,"370 Towne Center Blvd, Ridgeland, MS 39157, USA",MS,"Jackson, MS",4.6,221
"Courtney Law, PLLC",,(601) 401-4444,,https://www.courtneylawms.com/?utm_source=google-gmb-maps&utm_medium=gmb-website-button&utm_campaign=locl.io&utm_content=9dd5bcb5-52a0-4f58-82ad-5444903c7ba4,"317 E Capitol St, Jackson, MS 39201, USA",MS,"Jackson, MS",5,11
Hamilton Law Firm - Injury Attorneys,,(601) 974-5900,,https://www.thehamiltonlawfirm.com/,"210 E Capitol St, Jackson, MS 39201, USA",MS,"Jackson, MS",4.8,5
"The Michael R. Brown Law Offices, PLLC",,(601) 948-5330,,http://mikebrownlawoffice.com/,"120 N Congress St #710, Jackson, MS 39201, USA",MS,"Jackson, MS",4.8,24
Chhabra Gibbs & Herrington PLLC,,(601) 326-0874,,https://nationalclasslawyers.com/,"120 N Congress St Ste 210, Jackson, MS 39201, USA",MS,"Jackson, MS",5,12
"S. Williams Law Firm, LLC",,(601) 882-0446,,http://www.swilliamslawfirm.com/,"502 S President St, Jackson, MS 39201, USA",MS,"Jackson, MS",5,36
"Harris Law Firm, PLLC MS Accident & Injury Lawyers",,(662) 335-4171,,https://harrislawfirm.com/,"135 Bounds St, Jackson, MS 39206, USA",MS,"Jackson, MS",5,2
Davis & Williams PLLC,,(601) 981-2800,,https://www.dgwlaw.com/,"1441 Lakeover Rd, Jackson, MS 39213, USA",MS,"Jackson, MS",4.4,7
Satcher Law Firm,,(601) 355-4878,,https://www.satcherlaw.com/,"2777 Old Canton Rd, Jackson, MS 39216, USA",MS,"Jackson, MS",5,1
"Burch Law Firm, PLLC",,(601) 790-0175,,https://burchlawfirmpllc.com/,"1640 Lelia Dr #200, Jackson, MS 39216, USA",MS,"Jackson, MS",4.4,10
"Peterson & Associates, P.C.",,(816) 399-3247,,https://www.petersonlawfirm.com/?utm_source=google&utm_medium=gmb,"801 W 47th St #107, Kansas City, MO 64112, USA",MO,"Kansas City, MO",4.9,362
Brown & Crouppen: Injury and Car Accident Lawyers,,(816) 662-7070,,https://www.brownandcrouppen.com/kansas-city/?utm_source=google&utm_medium=organic&utm_campaign=gbp-kansascity,"2345 Grand Blvd #675, Kansas City, MO 64108, USA",MO,"Kansas City, MO",4.9,428
Kansas City Accident Injury Attorneys,,(816) 441-4228,,https://www.kansascityaccidentinjuryattorneys.com/,"510 Walnut St suite 100, Kansas City, MO 64106, USA",MO,"Kansas City, MO",4.9,756
Monge & Associates Injury and Accident Attorneys,,(816) 239-2604,,https://www.becauseyouwanttowin.com/kansas-city-mo-personal-injury-lawyer/,"20 W 9th St Ste 602, Kansas City, MO 64105, USA",MO,"Kansas City, MO",4.9,258
"Chionuma Law Firm, LLC",,(816) 327-1761,,https://www.chionuma.com/?utm_source=google&utm_medium=local&utm_campaign=gmb-kansascity,"406 W 34th St Ste 820, Kansas City, MO 64111, USA",MO,"Kansas City, MO",4.9,324
"Schmitt Templin, LLC",,(816) 400-1000,,https://kansascitylawyers.com/,"2600 Grand Blvd #380, Kansas City, MO 64108, USA",MO,"Kansas City, MO",5,360
The Law Offices of Brian Timothy Meyers,,(816) 842-0006,,http://www.btm-law.com/,"1044 Main St Unit 400, Kansas City, MO 64105, USA",MO,"Kansas City, MO",5,255
Injury Law Associates,,(816) 866-7711,,https://www.injurylaw-kc.com/,"701 E 63rd St Fl 3, Kansas City, MO 64110, USA",MO,"Kansas City, MO",4.9,103
Northland Injury Law,,(816) 400-4878,,https://www.northlandinjurylaw.com/?utm_source=gmb&utm_medium=organic&utm_content=listing&utm_campaign=local,"4151 N Mulberry Dr #225, Kansas City, MO 64116, USA",MO,"Kansas City, MO",4.9,536
Devkota Law Firm,,(816) 451-0618,,https://devkotalawfirm.com/?utm_source=google&utm_medium=businessprofile&utm_campaign=googlemaps,"4010 Washington St Ste 350, Kansas City, MO 64111, USA",MO,"Kansas City, MO",4.9,1142
Kevin McManus Law: Kansas City Personal Injury & Accident Lawyers,,(816) 441-4495,,https://www.kevinmcmanuslaw.com/?utm_source=google&utm_medium=organic&utm_campaign=gbp-listing-kansas-city,"1100 Main St #2300, Kansas City, MO 64105, USA",MO,"Kansas City, MO",4.9,303
Foster Wallace Personal Injury Lawyers,,(816) 408-3466,,http://fosterwallace.com/?utm_source=google&utm_medium=organic&utm_campaign=gbp-listing-kansas-city,"4700 Belleview Ave Ste 304, Kansas City, MO 64112, USA",MO,"Kansas City, MO",5,319
"Plaza Injury Law, LLC",,(816) 945-4409,,https://plazainjurylaw.com/,"420 Nichols Rd Second Floor, Kansas City, MO 64112, USA",MO,"Kansas City, MO",4.9,64
DM Injury Law Kansas City,,(816) 323-5259,,https://www.dmlawusa.com/?utm_source=GMB&utm_medium=organic&utm_campaign=kansascity,"4600 Madison Ave Ste 1200, Kansas City, MO 64112, USA",MO,"Kansas City, MO",4.7,4426
The Bruning Law Firm,,(816) 370-5384,,http://www.bruninglegal.com/?utm_source=local&utm_medium=organic&utm_campaign=gmb,"4420 Madison Ave #104, Kansas City, MO 64111, USA",MO,"Kansas City, MO",4.9,115
SWL Personal Injury Lawyers,,(844) 795-9467,,https://swlinjurylaw.com/,"1100 Main St #2890, Kansas City, MO 64105, USA",MO,"Kansas City, MO",5,204
Klenofsky & Steward,,(816) 441-5494,,https://www.powerinjurylaw.com/,"4505 Madison Ave #210, Kansas City, MO 64111, USA",MO,"Kansas City, MO",5,73
Edelman & Thompson Law Firm,,(816) 561-3400,,https://edelmanthompson.com/kansas-city-personal-injury-lawyers/,"4520 Main St #500, Kansas City, MO 64111, USA",MO,"Kansas City, MO",4.8,455
Mohlman Injury Law,,(816) 427-6559,,https://mjminjurylaw.com/,"701 E 63rd St Ste 300, Kansas City, MO 64110, USA",MO,"Kansas City, MO",4.9,49
"Dollar, Burns, Becker & Hershewe",,(816) 876-2600,,https://dollar-law.com/?utm_source=google&utm_medium=organic&utm_campaign=gmblisting,"1100 Main St Ste 2600, Kansas City, MO 64105, USA",MO,"Kansas City, MO",4.9,56
KC Car Crash Lawyers,,(816) 825-5704,,https://www.kccarcrashlawyers.com/?utm_source=gmb&utm_medium=organic,"4151 N Mulberry Dr #225, Kansas City, MO 64116, USA",MO,"Kansas City, MO",5,47
Devkota Law Firm,,(816) 339-5101,,https://devkotalawfirm.com/,"315 W Kansas Ave, Independence, MO 64050, USA",MO,"Kansas City, MO",5,97
DeVaughn James Injury Lawyers,,(816) 999-9999,,https://www.devaughnjames.com/locations/kansas-city/kansas-city-personal-injury-attorney/,"10450 Holmes Rd Ste 110, Kansas City, MO 64131, USA",MO,"Kansas City, MO",4.9,125
"McShane & Brady, LLC",,(816) 888-8010,,http://www.mcshanebradylaw.com/,"4006 Central St, Kansas City, MO 64111, USA",MO,"Kansas City, MO",4.8,120
"Griggs Injury Law, LLC",,(816) 474-0202,,https://www.griggsinjurylaw.com/,"800 W 47th St #705, Kansas City, MO 64112, USA",MO,"Kansas City, MO",4.9,44
Presley & Presley Trial Lawyers,,(816) 307-6681,,https://www.presleyandpresley.com/?utm_source=GMB&utm_medium=organic&utm_campaign=kansas_city,"4801 Main St Ste 375, Kansas City, MO 64112, USA",MO,"Kansas City, MO",5,42
Kendall Law Group | Personal Injury Lawyer,,(816) 793-6739,,https://www.kendallinjurylaw.com/?utm_source=google-local&utm_medium=organic&utm_campaign=2008,"117 W 20th St #201, Kansas City, MO 64108, USA",MO,"Kansas City, MO",5,110
"RKB LAW, LLC",,(816) 813-8256,,https://rkblawllc.com/,"By Appointment Only, 7280 NW 87th Terrace, Kansas City, MO 64153, USA",MO,"Kansas City, MO",4.9,394
"Meyerkord, Russell & Hergott",,(816) 221-7555,,https://www.kansascityinjuryfirm.com/,"105 E 5th St, Kansas City, MO 64106, USA",MO,"Kansas City, MO",4.9,103
Burgess Law Firm PC,,(816) 471-1700,,https://www.burgesslawkc.com/?utm_source=google-local&utm_medium=organic&utm_campaign=3526,"4505 Madison Ave Ste 200, Kansas City, MO 64111, USA",MO,"Kansas City, MO",4.9,39
"The Goss Law Firm, P.C.",,(816) 527-8658,,https://thegosslawfirm.com/?utm_source=google&utm_medium=local&utm_campaign=kansas_city_gbp&utm_content=main_button,"1501 Westport Rd, Kansas City, MO 64111, USA",MO,"Kansas City, MO",4.6,88
"Law Office Of Daniel E. Stuart, P.A.",,(913) 379-3300,,http://stuartlaw.net/,"4707 College Blvd Ste 208, Leawood, KS 66211, USA",MO,"Kansas City, MO",5,76
Wendt Law Firm P.C.,,(816) 531-4415,,https://www.wendtlaw.com/?utm_source=google&utm_medium=organic&utm_campaign=gmb_local_growthlab,"4520 Main St Ste 1000, Kansas City, MO 64111, USA",MO,"Kansas City, MO",4.7,63
The Tourigny Law Firm LLC,,(816) 945-2861,,https://www.tourignylaw.com/?utm_source=google-local&utm_medium=organic&utm_campaign=4108,"4600 Madison Ave Ste 810, Kansas City, MO 64112, USA",MO,"Kansas City, MO",5,95
"Monsees & Mayer, Personal Injury Law Firm",,(816) 368-8273,,https://monseesmayer.com/kansas-city-personal-injury-attorney/?utm_campaign=gmb&utm_medium=google+business+profile-kc&utm_source=google,"4717 Grand Ave Ste 820, Kansas City, MO 64112, USA",MO,"Kansas City, MO",5,89
BG Law,,(816) 800-9446,,https://bglawkc.com/?utm_source=GBP&utm_medium=GBP&utm_campaign=GBP_North_Kansas_City&utm_id=GBP_North_Kansas_City,"416 Armour Rd, North Kansas City, MO 64116, USA",MO,"Kansas City, MO",4.9,42
"Apex Injury Attorneys, LLC",,(816) 451-8100,,https://www.apexinjuryattorneys.com/,"9237 Ward Pkwy Ste 100B, Kansas City, MO 64114, USA",MO,"Kansas City, MO",5,17
Dickerson Oxton,,(816) 441-4490,,https://www.dickersonoxton.com/?utm_campaign=gmb&utm_medium=organic&utm_source=google,"1100 Main St #2550, Kansas City, MO 64105, USA",MO,"Kansas City, MO",4.8,52
Royce Injury Lawyers,,(816) 656-2561,,https://royceinjury.com/,"1222 Pennsylvania Ave #3112, Kansas City, MO 64105, USA",MO,"Kansas City, MO",5,43
✅ Empower Injury Law - Car Accident & Personal Injury Lawyers ⚖️,,(816) 578-0887,,https://empowerinjurylaw.com/?utm_source=google&utm_medium=organic&utm_campaign=gbp-liberty,"28A Westwoods Dr, Liberty, MO 64068, USA",MO,"Kansas City, MO",5,159
Kansas City Accident Injury Attorneys,,(816) 290-6968,,https://www.kansascityaccidentinjuryattorneys.com/?utm_source=google&utm_medium=organic&utm_campaign=gmb-blue-springs,"705 SW 10th St Ste 107, Blue Springs, MO 64015, USA",MO,"Kansas City, MO",5,8
"Fletcher Law Office, LLC",,(816) 631-2868,,https://www.fletcherlawusa.com/kansas-city-car-accident-lawyer/,"751 E 63rd St Ste #430, Kansas City, MO 64110, USA",MO,"Kansas City, MO",4.6,47
"Goza & Honnold, LLC - Car Accident & Personal Injury Lawyers",,(913) 451-3433,,https://gohonlaw.com/?utm_campaign=gmb,"9500 Nall Ave #400, Overland Park, KS 66207, USA",MO,"Kansas City, MO",4.8,73
"Dempsey, Kingsland & Osteen",,(816) 439-7920,,https://www.dko-law.com/?utm_source=GMB&utm_medium=organic&utm_campaign=KansasCity,"1100 Main St #1860, Kansas City, MO 64105, USA",MO,"Kansas City, MO",4.6,66
Clifford & Savio Law Firm,,(816) 255-2775,,https://www.cliffordsaviolaw.com/,"1100 Main St Ste 2600, Kansas City, MO 64105, USA",MO,"Kansas City, MO",5,5
Sanders.Law,,(816) 457-6006,,https://www.attorneystevesanders.com/?utm_source=GMB&utm_medium=organic&utm_campaign=kansas_city,"12200 N Ambassador Dr Ste. 410, Kansas City, MO 64163, USA",MO,"Kansas City, MO",4.7,68
Fowler Pickert Eisenmenger Norfleet,,(816) 832-4688,,http://www.fpelaw.com/,"2029 Wyandotte St # 100, Kansas City, MO 64108, USA",MO,"Kansas City, MO",4.6,30
Cullan & Cullan,,(816) 861-7600,,https://www.doctorspracticinglaw.com/kansas-city-personal-injury-lawyers/,"4900 Main St #310, Kansas City, MO 64112, USA",MO,"Kansas City, MO",4.7,87
The McCallister Law Firm,,(816) 931-2229,,https://www.mccallisterlawfirm.com/?utm_source=google-local&utm_medium=organic&utm_campaign=4142,"917 W 43rd St, Kansas City, MO 64111, USA",MO,"Kansas City, MO",4.7,31
TopDog Law Personal Injury Lawyers,,(816) 451-4669,,https://topdoglaw.com/locations/kansas-city-mo/personal-injury-lawyer/?utm_source=google&utm_medium=organic&utm_campaign=GMB-Troost-Kansas_City-MO,"1701 Troost Ave Ste 202b, Kansas City, MO 64108, USA",MO,"Kansas City, MO",4.6,41
AVA Law Group,,(406) 333-3333,,https://avalaw.com/mt,"401 N 31st St #1500, Billings, MT 59101, USA",MT,"Billings, MT",4.9,1628
Yellowstone Law,,(406) 629-1969,,https://www.yellowstonelaw.com/?utm_source=google&utm_medium=organic&utm_campaign=GBP_Billings,"310 Grand Ave, Billings, MT 59101, USA",MT,"Billings, MT",5,111
Heenan & Cook Injury and Accident Attorneys,,(406) 578-5977,,https://www.lawmontana.com/,"2224 Montana Ave, Billings, MT 59101, USA",MT,"Billings, MT",4.8,235
"Hensel Law, PLLC",,(406) 325-7000,,http://www.hensel-law.com/,"100 N 27th St Ste 420, Billings, MT 59101, USA",MT,"Billings, MT",5,80
Gerstner Adam Law,,(406) 969-3100,,https://gerstnerlawoffice.com/?utm_source=google-local&utm_medium=organic&utm_campaign=2106,"2828 1st Ave S, Billings, MT 59101, USA",MT,"Billings, MT",5,90
Lowe Law Group,,(406) 662-7970,,https://www.lowelawgroup.com/billings/?utm_source=GMB&utm_medium=organic&utm_campaign=billings,"711 Central Ave Ste 104, Billings, MT 59102, USA",MT,"Billings, MT",5,48
The Advocates Injury Attorneys,,(406) 521-7676,,https://www.theadvocates.com/montana/billings-personal-injury-lawyer/?utm_source=google&utm_medium=local&utm_campaign=gmb-billings,"100 N 27th St Ste 500, Billings, MT 59101, USA",MT,"Billings, MT",4.7,168
Odegaard Injury Lawyers,,(406) 222-2222,,https://mtlawyers.com/,"550 N 31st St Ste 200, Billings, MT 59101, USA",MT,"Billings, MT",4.9,85
Miller Tourtlotte Law,,(406) 888-2222,,https://mtlawgroup.com/,"1643 24th St W ste 308, Billings, MT 59102, USA",MT,"Billings, MT",5,82
Monge & Associates Injury and Accident Attorneys,,(406) 802-5487,,https://www.becauseyouwanttowin.com/billings-personal-injury-lawyer/,"404 N 31st St Ste 127, Billings, MT 59101, USA",MT,"Billings, MT",5,14
Rimrock Law,,(406) 606-1650,,https://rimrocklaw.com/?utm_source=gbp&utm_medium=organic,"993 S 24th St W Ste c, Billings, MT 59102, USA",MT,"Billings, MT",5,12
"Scheveck & Salminen Law Firm, PLLC",,(406) 894-2121,,http://www.schevecklaw.com/,"3225 First Ave N, Billings, MT 59101, USA",MT,"Billings, MT",4.5,105
"Steve Harman Law, PLLC",,(406) 969-4498,,http://www.steveharmanlaw.com/,"2611 Minnesota Ave, Billings, MT 59101, USA",MT,"Billings, MT",4,7
"D'Alton Law Firm, P.C.",,(406) 245-6643,,https://www.daltonlawmt.com/,"3970 Avenue D C, Billings, MT 59102, USA",MT,"Billings, MT",5,5
RMK Law Firm,,(406) 601-1400,,https://www.rmkfirm.com/?utm_source=google&utm_medium=organic&utm_campaign=gbp,"175 N 27th St, Billings, MT 59101, USA",MT,"Billings, MT",5,2
Edwards & Culver,,(406) 215-4735,,https://www.edwardslawfirm.org/,"1648 Poly Dr Suite 206, Billings, MT 59102, USA",MT,"Billings, MT",5,2
David Legare Law,,(406) 294-9450,,https://www.legarelaw.com/,"100 N 27th St #550, Billings, MT 59101, USA",MT,"Billings, MT",5,1
"Warren & Swanson, PLLC",,(406) 294-2300,,http://www.warrenswanson.com/,"490 North 31st Street #101 Transwestern 2, Billings, MT 59101, USA",MT,"Billings, MT",4.2,5
Montana Personal Injury Lawyer,,(406) 306-0519,,http://www.montana-injury-lawyers.com/contact-us/,"2812 First Ave N, Billings, MT 59101, USA",MT,"Billings, MT",,
"Sather Law, PLLC",,(406) 294-1700,,http://www.satherlawfirm.com/,"100 N 27th St Ste 450, Billings, MT 59101, USA",MT,"Billings, MT",5,2
Skaggs Law Firm,,(406) 248-2491,,http://www.montana-injury-lawyers.com/,"2812 First Ave N #202, Billings, MT 59101, USA",MT,"Billings, MT",4,1
Ritchie Manning Kautz PLLP,,(406) 601-1400,,https://www.rmkfirm.com/,"175 N 27th St Ste 1206, Billings, MT 59101, USA",MT,"Billings, MT",5,1
"Law Offices of Gavin W Murphy, PLLC",,(406) 294-0200,,http://www.gavinmurphylaw.com/,"2625 St Johns Ave, Billings, MT 59102, USA",MT,"Billings, MT",3.5,2
"Ragain & Clark, PC",,(406) 651-8888,,http://www.mtwylaw.com/?utm_source=GMBlisting&utm_medium=organic,"223 Shiloh Rd Unit 4, Billings, MT 59106, USA",MT,"Billings, MT",3.7,3
"Meridian Law, PLLC",,(406) 578-8855,,http://www.meridianlawmt.com/,"100 N 27th St #320, Billings, MT 59101, USA",MT,"Billings, MT",4.6,26
Plath Kemmick Law,,(406) 534-4177,,https://pklawmt.com/,"2624 Minnesota Ave, Billings, MT 59101, USA",MT,"Billings, MT",4,14
"Joe Frick Law, PLLC",,(406) 551-6741,,http://joefricklaw.com/billings-personal-injury,"1925 Grand Ave Ste 127, Billings, MT 59102, USA",MT,"Billings, MT",,
Hoyt & Blewett PLLC,,(406) 233-1302,,https://www.hoytblewett.com/,"501 2nd Ave N, Great Falls, MT 59401, USA",MT,"Billings, MT",5,183
"Procter Law, PLLC",,(406) 294-8915,,http://www.procterlawfirm.com/,"1500 Poly Dr Ste 205, Billings, MT 59102, USA",MT,"Billings, MT",5,5
"Brown Law Firm, P.C.",,(406) 248-2611,,https://www.brownfirm.com/,"315 N 24th St, Billings, MT 59101, USA",MT,"Billings, MT",5,4
Finn & Ellinghouse PLLC,,(406) 259-5024,,http://www.bradleyjfinnattorneyatlaw.com/,"2812 First Ave N, Billings, MT 59101, USA",MT,"Billings, MT",4.7,45
"Hughes Law, PLLC",,(406) 855-4979,,https://hugheslawmt.com/,"1690 Rimrock Rd Ste. F, Billings, MT 59102, USA",MT,"Billings, MT",4.4,17
"Netzer Krautter Law Firm, P.C.",,(406) 433-5511,,http://badlandslaw.com/,"301 N 27th St Ste 100, Billings, MT 59101, USA",MT,"Billings, MT",4.1,33
Hendrickson Law Firm PC,,(406) 245-6238,,http://hendricksonlawmt.com/,"208 N Broadway #324, Billings, MT 59101, USA",MT,"Billings, MT",3.8,19
Heenan & Cook Injury Accident Lawyers,,(406) 521-4634,,https://www.lawmontana.com/,"310 S 5th St W, Missoula, MT 59801, USA",MT,"Billings, MT",5,42
Gannett Sowden Law PLLC,,(406) 294-2000,,https://gsmtlaw.com/,"3936 Avenue B A, Billings, MT 59102, USA",MT,"Billings, MT",,
"Crist, Krogh, Alke & Nord, PLLC",,(406) 255-0400,,http://cristlaw.net/,"2708 First Ave N, Billings, MT 59101, USA",MT,"Billings, MT",2.4,5
Le Beau Law Firm,,(406) 294-5055,,,"2910 Minnesota Ave, Billings, MT 59101, USA",MT,"Billings, MT",,
The Advocates Injury Attorneys,,(406) 616-1512,,https://www.theadvocates.com/montana/great-falls-personal-injury-lawyer/?utm_source=google&utm_medium=local&utm_campaign=gmb-greatfalls,"410 Central Ave #602, Great Falls, MT 59401, USA",MT,"Billings, MT",5,80
Heenan & Cook Injury Accident Lawyers,,(406) 797-7678,,https://www.lawmontana.com/,"728 S Main St, Kalispell, MT 59901, USA",MT,"Billings, MT",5,28
"Towe & Fitzpatrick, PLLC",,(406) 829-1669,,https://www.toweandfitzpatrick.com/?npcmp=dir:local:3700262:59806,"619 SW Higgins Ave Ste O, Missoula, MT 59806, USA",MT,"Billings, MT",4.9,46
Parker Heitz & Cosgrove,,(406) 245-9991,,https://www.parkerheitzcosgrove.com/,"401 N 31st St #805, Billings, MT 59101, USA",MT,"Billings, MT",4,4
"PARKER, HEITZ & COSGROVE, PLLC, Mark D. Parker; Casey Heitz; Shawn Cosgrove",,(406) 245-9991,,https://www.parkerheitzcosgrove.com/,"401 N 31st St #1600, Billings, MT 59101, USA",MT,"Billings, MT",3,4
"Jones Law Firm, PLLC",,(406) 384-7990,,http://www.joneslawmt.com/,"115 N Broadway, Billings, MT 59101, USA",MT,"Billings, MT",5,1
LaBeau Law Firm,,(406) 294-5055,,,"1645 Avenue D Ste B, Billings, MT 59102, USA",MT,"Billings, MT",3.6,10
The Advocates Injury Attorneys,,(406) 760-1833,,https://www.theadvocates.com/montana/missoula-personal-injury-lawyer/?utm_source=google&utm_medium=local&utm_campaign=gmb-missoula,"910 Brooks St #103, Missoula, MT 59801, USA",MT,"Billings, MT",4.7,103
Gallinger and Stockdale,,(406) 534-1039,,https://www.montanafirm.com/?utm_source=google&utm_medium=local&utm_campaign=1&utm_content=primary,"1004 Division St, Billings, MT 59101, USA",MT,"Billings, MT",5,5
Murphy Law Firm,,(406) 452-2345,,http://www.murphylawoffice.net/,"619 2nd Ave S, Great Falls, MT 59405, USA",MT,"Billings, MT",4.9,143
"Bliven Law Firm, P.C.",,(406) 755-6828,,https://www.blivenlawfirm.com/,"704 S Main St, Kalispell, MT 59901, USA",MT,"Billings, MT",4.7,81
Hilario Law Firm,,(406) 861-9900,,,"1211 24th St W #7, Billings, MT 59102, USA",MT,"Billings, MT",4,4
Berry Law,,(402) 773-7523,,https://berrylaw.com/?utm_campaign=gmb&utm_medium=organic&utm_source=google,"14772 W Center Rd, Omaha, NE 68144, USA",NE,"Omaha, NE",4.9,649
"Hauptman, O'Brien Personal Injury Lawyers",,(402) 241-5020,,https://www.hauptman-obrien.net/?utm_source=GMB&utm_medium=organic&utm_campaign=Omaha107,"1005 S 107th Ave Suite 200, Omaha, NE 68114, USA",NE,"Omaha, NE",4.9,372
Monge & Attorneys,,(531) 201-0463,,https://www.becauseyouwanttowin.com/omaha-nebraska-personal-injury-lawyer/,"144 S 39th St #2c, Omaha, NE 68131, USA",NE,"Omaha, NE",4.9,119
Law Office of Matthew A. Lathrop,,(402) 614-7744,,http://lathroplawomaha.com/?utm_source=GMBlisting&utm_medium=organic,"1010 S 120th St Ste 300, Omaha, NE 68154, USA",NE,"Omaha, NE",5,151
Knowles Law Firm,,(402) 518-3183,,https://www.knowleslawfirm.com/,"11404 W Dodge Rd Ste 450, Omaha, NE 68154, USA",NE,"Omaha, NE",4.9,286
"Hauptman, O'Brien Personal Injury Lawyers",,(402) 414-4400,,https://www.hauptman-obrien.net/south-omaha/?utm_source=GMB&utm_medium=organic&utm_campaign=Omaha24,"4939 S 24th St, Omaha, NE 68107, USA",NE,"Omaha, NE",4.9,35
"Ausman Law Firm Personal Injury Lawyers P.C., L.L.O.",,(402) 645-0407,,https://www.injurylawyersinomaha.com/,"13625 California St Ste #110, Omaha, NE 68154, USA",NE,"Omaha, NE",4.9,122
"Chandler Conway, PC, LLO",,(402) 933-6858,,https://chandlerconway.com/,"1018 Dodge St Ste #5, Omaha, NE 68102, USA",NE,"Omaha, NE",4.9,75
Leavitt Law,,(402) 405-7282,,https://www.leavittlaw.com/,"809 N 96th St #100, Omaha, NE 68114, USA",NE,"Omaha, NE",4.9,69
Berry Law,,(531) 309-3845,,https://jsberrylaw.com/?utm_source=GMBlisting&utm_medium=organic,"1414 Harney St Ste 400, Omaha, NE 68102, USA",NE,"Omaha, NE",4.9,4961
The Advocates Injury Attorneys,,(402) 703-2252,,https://www.theadvocates.com/nebraska/omaha/omaha-personal-injury-lawyer/?utm_source=google&utm_medium=local&utm_campaign=gmb-omaha,"1001 Farnam St #203, Omaha, NE 68102, USA",NE,"Omaha, NE",4.8,115
Inserra l Kelley l Cooper | Sewell,,(402) 391-4000,,https://inserra.com/?utm_source=google&utm_medium=organic&utm_campaign=gbp-listing&utm_content=omaha-ne,"6790 Grover St #200, Omaha, NE 68106, USA",NE,"Omaha, NE",4.8,133
Abboud Law Firm,,(402) 592-5555,,http://www.abboudlawfirm.com/,"6530 S 84th St, Omaha, NE 68127, USA",NE,"Omaha, NE",4.9,385
Omaha Personal Injury Lawyers Rensch & Rensch,,(402) 498-4400,,https://www.renschandrensch.com/,"7602 Pacific St Ste 300, Omaha, NE 68114, USA",NE,"Omaha, NE",4.8,69
Steffens Law Accident Injury Lawyers,,(402) 242-5798,,https://www.steffenslaw.com/omaha-personal-injury-lawyer/?utm_source=GBP&utm_medium=Organic&utm_campaign=Omaha,"1299 Farnam St Ste 319, Omaha, NE 68102, USA",NE,"Omaha, NE",4.9,133
Pesek Law LLC,,(402) 342-9684,,https://peseklaw.com/,"4826 S 24th St, Omaha, NE 68107, USA",NE,"Omaha, NE",5,26
"Carlson & Blakeman, LLP",,(402) 999-9796,,https://www.carlsonblakeman.com/,"2002 Douglas St #100, Omaha, NE 68102, USA",NE,"Omaha, NE",4.8,65
Inkelaar Law,,(402) 345-4155,,https://justiceyoudeserve.com/,"5002 S 24th St #101, Omaha, NE 68107, USA",NE,"Omaha, NE",4.6,148
"Mueller Schmidt Mulholland & Cooling, PLLC",,(402) 791-6733,,https://www.msmcinjurylawyers.com/omaha/?utm_source=google&utm_medium=organic&utm_campaign=local,"1402 Jones St, Omaha, NE 68102, USA",NE,"Omaha, NE",5,12
Montag Law Office,,,,https://montaglawoffice.com/,"4151 E St #200, Omaha, NE 68107, USA",NE,"Omaha, NE",4.9,88
Sibbernsen Law Firm P.C.,,(402) 493-7221,,https://www.sibblaw.com/,"17838 Burke St #200, Omaha, NE 68118, USA",NE,"Omaha, NE",4.8,22
Bottlinger Law L.L.C.,,(402) 505-8234,,https://www.bottlingerlaw.com/,"9900 Nicholas St #325, Omaha, NE 68114, USA",NE,"Omaha, NE",4.7,37
"Dyer Law PC, LLO",,(402) 393-7529,,https://dyer.law/contact/omaha-office/?utm_source=localsearch&utm_medium=directory&utm_campaign=lso,"2611 S 117th St, Omaha, NE 68144, USA",NE,"Omaha, NE",4.1,77
Nebraska Justice Law Firm,,(402) 593-2000,,https://www.nebjustice.com/,"10914 Cumberland Dr Ste. 111, Papillion, NE 68046, USA",NE,"Omaha, NE",5,13
Cullan & Cullan LLC,,(402) 397-7600,,https://www.doctorspracticinglaw.com/omaha-personal-injury-lawyers/,"1113 Harney St, Omaha, NE 68102, USA",NE,"Omaha, NE",3.4,10
"High & Younes, LLC",,(402) 933-3345,,http://www.hyattorneys.com/,"6919 Dodge St, Omaha, NE 68132, USA",NE,"Omaha, NE",4.7,108
"Chandler Conway, PC, LLO",,(402) 502-0333,,https://chandlerconway.com/practice-areas/personal-injury//,"17504 Wright St #101, Omaha, NE 68130, USA",NE,"Omaha, NE",5,12
"Andres Law Offices, PC LLO",,(402) 491-4003,,http://www.omahaworkinjury.com/,"809 N 96th St #100, Omaha, NE 68114, USA",NE,"Omaha, NE",4.8,53
"Hauptman, O'Brien Personal Injury Lawyers",,(402) 241-8214,,https://www.hauptman-obrien.net/bellevue/?utm_source=GMB&utm_medium=organic&utm_campaign=Bellevue,"11507 S 42nd St #101, Bellevue, NE 68123, USA",NE,"Omaha, NE",5,100
Welsh & Welsh PC LLO,,(402) 204-4220,,https://welsh-law.com/,"9290 W Dodge Rd Suite 204, Omaha, NE 68114, USA",NE,"Omaha, NE",4.5,21
"Johnson, Tabor, & Johnson Law, LLC",,(402) 506-4444,,http://www.johnsontabor.com/,"11932 Arbor St #101, Omaha, NE 68144, USA",NE,"Omaha, NE",4.7,25
Berry Law,,(402) 409-6517,,https://jsberrylaw.com/,"312 Olson Dr #105, Papillion, NE 68046, USA",NE,"Omaha, NE",5,696
"Harris & Associates, P.C., L.L.O",,(402) 397-1202,,http://www.harrislawomaha.com/,"13625 California St 1st Floor, Omaha, NE 68154, USA",NE,"Omaha, NE",5,7
"Putnam Law, PC, LLO",,(402) 505-3555,,http://www.putnamlawoffices.com/,"6790 Grover St Ste 100, Omaha, NE 68106, USA",NE,"Omaha, NE",4.6,33
Domina Law Group pc llo,,(402) 858-9212,,https://www.dominalaw.com/?utm_source=GMB&utm_medium=organic&utm_campaign=omaha,"2425 S 144th St, Omaha, NE 68144, USA",NE,"Omaha, NE",4.4,92
Walz Law Offices,,(402) 998-5044,,https://walzinjuryandfamily.com/?npcmp=dir:local:4904879:68107,"6519 Sunshine Dr, Omaha, NE 68107, USA",NE,"Omaha, NE",4.4,45
"Steinkemper Law, PC, LLO",,(402) 504-9393,,http://www.steinkemperlaw.com/,"1301 S 119th St, Omaha, NE 68144, USA",NE,"Omaha, NE",5,10
Aaron Brown Injury Law,,(402) 932-7555,,https://www.aaronbrowninjurylaw.com/,"14707 California St Ste 9, Omaha, NE 68154, USA",NE,"Omaha, NE",5,6
"Theis Law Offices, LLC",,(402) 204-0469,,http://www.theislawoffices.com/,"2111 S 67th St #300, Omaha, NE 68106, USA",NE,"Omaha, NE",5,10
Fox Law LLC,,(402) 575-9451,,https://foxlawnebraska.com/,"5017 Leavenworth St #100, Omaha, NE 68106, USA",NE,"Omaha, NE",5,5
"Hauptman, O'Brien Personal Injury Lawyers",,(712) 201-8131,,https://www.hauptman-obrien.net/council-bluffs/,"607 S Main St, Council Bluffs, IA 51503, USA",NE,"Omaha, NE",4.9,36
"Dornan Law Team: Dornan, Howard, Breitkreutz, Dahlquist & Klein PC LLO",,(402) 621-5251,,https://dltlawyers.com/?utm_source=gbp&utm_medium=organic&utm_campaign=gbp-listing,"1403 Farnam St Ste 232, Omaha, NE 68102, USA",NE,"Omaha, NE",4.7,207
Berry Law,,(402) 704-3306,,https://jsberrylaw.com/personal-injury-lawyer/nebraska/lincoln/?utm_campaign=gmb&utm_medium=organic&utm_source=google,"6940 O St #400, Lincoln, NE 68510, USA",NE,"Omaha, NE",4.9,2412
"Watson & Carroll, P.C., L.L.O.",,(402) 991-2100,,https://www.watsoncarroll.com/,"2809 S 160th St Ste #309, Omaha, NE 68130, USA",NE,"Omaha, NE",4.7,63
Demerath Law Office,,(402) 677-5656,,https://www.demerathlawoffice.com/personal-injury-lawyer/,"11516 Nicholas St #303, Omaha, NE 68154, USA",NE,"Omaha, NE",4.8,17
Law Offices of Richard J. Schicker,,(402) 344-4400,,https://teamschick.com/?utm_source=google-local&utm_medium=organic&utm_campaign=1900,"2809 S 160th St Ste 207, Omaha, NE 68130, USA",NE,"Omaha, NE",4.3,3
Goldstar Firm,,(402) 902-5878,,https://goldstarfirm.com/,"950 S 10th St, Omaha, NE 68108, USA",NE,"Omaha, NE",5,4
"Law Offices of Gallner & Pattermann, P.C.",,(712) 323-0999,,https://gplawyers.com/?utm_source=google&utm_medium=organic&utm_campaign=gbp,"300 W Broadway Ste. 145, Council Bluffs, IA 51503, USA",NE,"Omaha, NE",4.7,64
Welch Law Firm P.C,,(402) 341-1200,,http://welchlawfirm.com/,"1299 Farnam St #1220, Omaha, NE 68102, USA",NE,"Omaha, NE",4.1,34
"Carlson & Blakeman, LLP",,(402) 858-0996,,https://www.carlsonblakeman.com/,"11429 Davenport St, Omaha, NE 68154, USA",NE,"Omaha, NE",5,6
Law Office of Manning Zimmerman & Oliveira PLLC,,(603) 624-7200,,https://www.manningzimmermanlaw.com/,"87 Middle St, Manchester, NH 03101, USA",NH,"Manchester, NH",4.8,83
Stephen Law Group Injury Lawyers,,(603) 663-1007,,https://www.stephenlaw.com/,"582 Chestnut St, Manchester, NH 03104, USA",NH,"Manchester, NH",4.9,255
Teale Law,,(603) 935-7425,,https://www.tealelaw.com/,"1000 Elm St #803, Manchester, NH 03101, USA",NH,"Manchester, NH",5,64
"Tenn And Tenn, PA",,(603) 614-5055,,https://www.tennandtenn.com/,"16 High St #3, Manchester, NH 03101, USA",NH,"Manchester, NH",4.9,602
"Kenison Law Office, PLLC",,(603) 471-3550,,https://www.kenisonlaw.com/?utm_source=google-local&utm_medium=organic&utm_campaign=3929,"913 Elm St #603, Manchester, NH 03101, USA",NH,"Manchester, NH",5,30
"Ward Law Group, PLLC",,(603) 232-5220,,https://wardlawnh.com/,"28 Webster St, Manchester, NH 03104, USA",NH,"Manchester, NH",4.9,301
"Abramson, Brown & Dugan Attorneys",,(603) 627-1819,,https://www.arbd.com/?utm_source=gbp&utm_medium=organic&utm_campaign=gbp_manchester,"1819 Elm St, Manchester, NH 03104, USA",NH,"Manchester, NH",4.8,39
Rob Levine Law - Personal Injury & Disability Lawyers,,(603) 802-7704,,https://roblevine.com/manchester/?utm_source=google&utm_medium=organic&utm_campaign=GBP_Manchester,"103 Liberty St second floor, Manchester, NH 03104, USA",NH,"Manchester, NH",4.9,100
Craig & Gatzoulis,,(603) 623-1000,,http://www.cglawnh.com/,"99 Stark St, Manchester, NH 03101, USA",NH,"Manchester, NH",4.8,107
"Shaheen & Gordon, P.A.",,(603) 208-0054,,https://www.shaheengordon.com/manchester/,"1155 Elm St Ste 300, Manchester, NH 03101, USA",NH,"Manchester, NH",4.6,129
"Horn Wright, LLP",,(603) 716-9415,,https://www.hornwright.com/manchester-new-hampshire/,"814 Elm St Ste 402, Manchester, NH 03101, USA",NH,"Manchester, NH",5,52
M. Jeanne Trott Law Offices,,(603) 624-7500,,http://www.manchesternhinjury.com/,"814 Elm St #200, Manchester, NH 03101, USA",NH,"Manchester, NH",4.6,7
"Buckley Law Offices, Manchester NH",,(603) 912-0540,,https://buckleylawoffices.com/locations/manchester/?utm_campaign=gmb,"1800 Elm St Ste 2b, Manchester, NH 03104, USA",NH,"Manchester, NH",5,6
Kiley Law Group Personal Injury Attorneys,,(603) 825-4939,,https://tomkileylaw.com/?utm_source=gbp&utm_medium=manchester,"1155 Elm St, Manchester, NH 03101, USA",NH,"Manchester, NH",5,13
Stephen R Fine Law Office,,(888) 653-5020,,https://www.stephenrfine.com/,"15 High St, Manchester, NH 03101, USA",NH,"Manchester, NH",4.6,15
Attorney Richard Monteith,,(603) 389-9259,,https://personalinjurylawyernh.com/,"50 Bridge St, Manchester, NH 03101, USA",NH,"Manchester, NH",2.7,3
Solomon Law Firm,,(603) 945-9977,,https://www.solomonlawfirm.com/?npcmp=dir:local:3603504:03104,"36 Salmon St Ste #1, Manchester, NH 03104, USA",NH,"Manchester, NH",5,17
"Bouchard, Kleinman & Wright, P.A.",,(603) 623-7222,,http://bkwlawyers.com/,"799 Mammoth Rd, Manchester, NH 03104, USA",NH,"Manchester, NH",4.4,42
"Patch & FitzGerald, PA",,(603) 647-2600,,http://patchandfitzgerald.com/,"500 N Commercial St #403-A, Manchester, NH 03101, USA",NH,"Manchester, NH",4.7,33
Hughes Mathews Legal Group,,(603) 932-6976,,https://hughesmathews.com/manchester-nh-personal-injury-car-accident-workers-comp-lawyers/,"27 Lowell St Ste 406, Manchester, NH 03101, USA",NH,"Manchester, NH",4.4,5
Feniger & Uliasz LLP,,(603) 627-5997,,https://fuslegal.com/,"45 Bay St, Manchester, NH 03104, USA",NH,"Manchester, NH",5,15
Granite Law Group - Injury Law Center of NH and MA,,(603) 883-4100,,https://granite-law-group.com/?utm_source=GMB&utm_medium=organic&utm_campaign=nashua,"61 Spit Brook Rd #101, Nashua, NH 03060, USA",NH,"Manchester, NH",4.9,112
Morgan & Morgan,,(603) 310-2090,,https://www.forthepeople.com/office-locations/new-hampshire/bedford/?utm_source=GMB&utm_medium=local&utm_campaign=BedfordNHGMB,"15 Constitution Dr Ste 106, Bedford, NH 03110, USA",NH,"Manchester, NH",4.7,437
"Attorney Joseph Kelly Levasseur, PLLC",,(603) 622-7575,,https://www.josephkellylevasseur.com/,"396 S Willow St, Manchester, NH 03103, USA",NH,"Manchester, NH",4.5,66
"McDowell & Morrissette, PA",,(603) 623-9300,,https://www.mcdowell-morrissette.com/,"282 River Rd, Manchester, NH 03104, USA",NH,"Manchester, NH",5,8
Mark A. Abramson,,(603) 627-1819,,http://www.arbd.com/mark-abramson/?utm_source=gbp&utm_medium=organic&utm_campaign=gbp_mark,"1819 Elm St #2910, Manchester, NH 03104, USA",NH,"Manchester, NH",5,1
"Law Offices of Peter E. Hutchins, PLLC",,(603) 463-0055,,http://www.hutchinslawoffices.com/,"814 Elm St #200, Manchester, NH 03101, USA",NH,"Manchester, NH",4.7,15
Apis Law | Personal Injury Attorney,,(603) 785-1013,,https://www.apislaw.com/,"470 Mast Rd, Goffstown, NH 03045, USA",NH,"Manchester, NH",5,57
"Backus, Meyer & Branch, LLP",,(603) 244-3282,,https://www.backusmeyer.com/?npcmp=dir:local:1676596:03104,"116 Lowell St, Manchester, NH 03104, USA",NH,"Manchester, NH",4.2,33
"Cohen & Winters, PLLC",,(603) 931-4855,,https://www.shaunnabrownelaw.com/,"102 Bay St #2, Manchester, NH 03104, USA",NH,"Manchester, NH",4.9,149
"Buckley Law Offices, P.C.",,(603) 595-8801,,https://www.buckleylawoffices.com/,"30 Temple St Suite 210, Nashua, NH 03060, USA",NH,"Manchester, NH",4.9,248
Moore Devlin Law PLLC,,(603) 232-6189,,,"530 Chestnut St, Manchester, NH 03101, USA",NH,"Manchester, NH",5,1
Coates Law Office,,(603) 506-4727,,https://www.coateslawoffice.com/?utm_source=google&utm_medium=organic&utm_campaign=GBP,"400 Amherst St Ste 102, Nashua, NH 03063, USA",NH,"Manchester, NH",5,153
"Bussiere & Bussiere, P.A.",,(603) 622-1002,,http://bussierelaw.com/office/,"15 North St, Manchester, NH 03104, USA",NH,"Manchester, NH",5,3
Personal Injury Lawyers NH,,(603) 389-9259,,http://www.personalinjurylawyernh.com/,"50 Bridge St, Manchester, NH 03101, USA",NH,"Manchester, NH",,
Mark D. Morrissette,,(603) 623-9300,,http://www.mcdowell-morrissette.com/,"282 River Rd, Manchester, NH 03104, USA",NH,"Manchester, NH",3.7,6
Loo Law,,(603) 413-6003,,https://www.loolawnh.com/,"95 Eddy Rd #625, Manchester, NH 03102, USA",NH,"Manchester, NH",4.4,7
Kevin Dugan,,(603) 627-1819,,http://www.arbd.com/kevin-dugan?utm_source=gbp&utm_medium=organic&utm_campaign=gbp_kevin,"1819 Elm St, Manchester, NH 03104, USA",NH,"Manchester, NH",,
Andrew J Harmon Attorney at Law,,(603) 625-0042,,http://www.andyharmonlaw.com/,"620 Chestnut St, Manchester, NH 03104, USA",NH,"Manchester, NH",3.7,12
Bernard Law Firm,,(603) 625-4529,,http://www.6254law.com/,"1015 Elm St Ste 202, Manchester, NH 03101, USA",NH,"Manchester, NH",5,1
Gideon Asen LLC,,(603) 657-7161,,https://www.gideonasen.com/?utm_source=google&utm_medium=gbp&utm_campaign=manchester_nh,"1087 Elm St, Manchester, NH 03103, USA",NH,"Manchester, NH",5,26
Thomas Craig Law Office,,(603) 622-1900,,http://www.thomascraig.net/,"99 Stark St, Manchester, NH 03101, USA",NH,"Manchester, NH",4.1,8
"Law Office of Jennifer A. Farrell, PLLC",,(603) 626-9922,,http://attorneyjenfarrell.com/,"913 Elm St #501, Manchester, NH 03101, USA",NH,"Manchester, NH",4.9,8
"Niederman, Stanzel & Lindsey PLLC",,(603) 668-5960,,https://www.nslnh.com/,"55 W Webster St, Manchester, NH 03104, USA",NH,"Manchester, NH",2.5,36
Utell Mitchell P,,(603) 668-2027,,,"633 Second St, Manchester, NH 03102, USA",NH,"Manchester, NH",5,2
Law Offices of Normand Higham,,(603) 624-6655,,http://nhattorney.com/,"713 Chestnut St, Manchester, NH 03104, USA",NH,"Manchester, NH",5,26
Solomon Law Firm,,(877) 529-4357,,https://www.solomonlawfirm.com/?npcmp=dir:local:3603504:03053,"1 Buttrick Rd, Londonderry, NH 03053, USA",NH,"Manchester, NH",4.8,77
The Law Office Of Daniel Duckett,,(603) 836-9028,,http://dduckettlaw.com/,"99 Middle St, Manchester, NH 03101, USA",NH,"Manchester, NH",4.3,15
"Backus, Meyer & Branch, LLP: John A. Wolkowski",,(603) 668-7272,,https://www.backusmeyer.com/,"116 Lowell St, Manchester, NH 03104, USA",NH,"Manchester, NH",5,4
"Moore Ames Law, PLLC",,(603) 232-6189,,http://www.mooreames.com/,"76 Webster St Ste 2, Manchester, NH 03104, USA",NH,"Manchester, NH",5,114
"Newark Personal Injury Attorney at Law, Brandon J. Broderick",,(877) 329-3204,,https://www.brandonjbroderick.com/new-jersey/personal-injury-lawyer-newark?utm_campaign=gmb,"41-43 Manufacturers Pl, Newark, NJ 07105, USA",NJ,"Newark, NJ",5,198
Robert A Solomon PC of Metrolaw Accident Lawyers,,(973) 344-6587,,https://metrolaw.com/,"91 Pacific St, Newark, NJ 07105, USA",NJ,"Newark, NJ",5,51
Schreck Personal Injury Lawyers,,(973) 622-5531,,https://www.schreckpersonalinjurylawyer.com/,"575 Dr Martin Luther King Jr Blvd, Newark, NJ 07102, USA",NJ,"Newark, NJ",4.8,77
"Garces, Grabler & LeBrocq, P.C.",,(973) 453-3811,,https://ggllawyers.com/newark-injury/?utm_source=GBP&utm_medium=GBP&utm_campaign=GBP_Newark&utm_id=GBP_Newark,"20 Green St 2nd Floor, Newark, NJ 07102, USA",NJ,"Newark, NJ",4.8,276
"Ginarte Gonzalez & Winograd, LLP",,(973) 854-8400,,https://www.ginarte.com/,"400 Market St, Newark, NJ 07105, USA",NJ,"Newark, NJ",4.6,697
New Jersey Injury Lawyers P.C.,,(862) 227-4030,,http://new-jersey-injury-lawyers.com/,"One Gateway Center Suite, 2600 PMB 100, Newark, NJ 07102, USA",NJ,"Newark, NJ",4.9,32
Personal Injury Lawyer Peter Briskin,,(888) 920-9919,,https://fnblegal.com/personal-injury-attorney-in-newark-nj/,"972 Broad St Ste #602, Newark, NJ 07102, USA",NJ,"Newark, NJ",4.9,47
"Piccolo Law Firm, LLC",,(973) 368-2316,,https://www.piccololaw.com/,"119-137 Clifford St Ste 103, Newark, NJ 07105, USA",NJ,"Newark, NJ",5,86
"Jacoby & Meyers, LLP",,(973) 828-0420,,https://www.jmlawyer.com/newark-personal-injury-lawyer/?utm_source=google&utm_medium=organic&utm_campaign=google_business_profile,"550 Broad St Ste 608, Newark, NJ 07102, USA",NJ,"Newark, NJ",4.9,45
Console and Associates PC,,(862) 229-1137,,https://www.myinjuryattorney.com/,"494 Broad St #208b, Newark, NJ 07102, USA",NJ,"Newark, NJ",4.7,29
Top Notch Injury Attorneys,,(480) 908-7478,,https://topnotchcaraccidentattorneys.com/location/mesa-auto-accident-attorney-services,"238 S Orange Ave, Newark, NJ 07103, USA",NJ,"Newark, NJ",5,12
Rubenstein Law Personal Injury Lawyers,,(800) 695-3425,,https://www.rubensteinlaw.com/?y_source=1_MTAxNTYwMTcwOS03MTUtbG9jYXRpb24ud2Vic2l0ZQ%3D%3D,"One Gateway Center, Market St Suite 2600, Office 6, Newark, NJ 07102, USA",NJ,"Newark, NJ",4.8,85
Keith Zaid Law,,(973) 834-7032,,https://www.keithzaidlaw.com/locations/personal-injury-lawyer-newark/,"1 Gateway Ctr Suite 2600, Newark, NJ 07102, USA",NJ,"Newark, NJ",4.8,36
"Goldstein & Goldstein, LLP",,,,https://goldsteinlaw.com/,"60 Evergreen Pl #502, East Orange, NJ 07018, USA",NJ,"Newark, NJ",4.7,316
Law Offices of David A. DiBrigida,,(888) 329-0805,,https://davidinjurylawyer.com/newark-car-accident-lawyer/,"604 Market St, Newark, NJ 07105, USA",NJ,"Newark, NJ",5,28
Car Accident Lawyer NJ,,(609) 739-7480,,,"4 Gateway Ctr suite 1000, Newark, NJ 07102, USA",NJ,"Newark, NJ",,
Maran & Maran PC,,(973) 622-5303,,https://njmalpractice.com/,"9-25 Alling St, Newark, NJ 07102, USA",NJ,"Newark, NJ",4.6,21
Horn Injury Law,,(862) 763-4358,,https://horninjury.com/,"146 Polk St, Newark, NJ 07105, USA",NJ,"Newark, NJ",5,40
Brach Eichler Injury Lawyers,,(973) 957-3487,,https://www.njlawresults.com/newark-nj-personal-injury-lawyer/?utm_source=gmb&utm_medium=organic&utm_campaign=newark,"360 Lafayette St Unit B, Newark, NJ 07105, USA",NJ,"Newark, NJ",5,49
Beninato & Matrafajlo Law,,(908) 808-4460,,https://dmlawyer.com/?utm_source=google&utm_medium=organic&utm_campaign=gmb-listing&utm_content=elizabeth-office,"1207 E Grand St 2nd floor, Elizabeth, NJ 07201, USA",NJ,"Newark, NJ",5,146
"Mintz & Geftic, LLC",,(908) 352-2323,,https://mintzandgeftic.com/,"618 Newark Ave, Elizabeth, NJ 07208, USA",NJ,"Newark, NJ",4.9,141
"Afonso & Afonso, LLC., Attorneys at Law",,(908) 354-9094,,http://afonsoandafonso.com/,"544 Elizabeth Ave, Elizabeth, NJ 07206, USA",NJ,"Newark, NJ",4.9,251
"The Law Offices of Peter N. Davis & Associates, LLC",,(973) 310-6678,,https://peterdavislaw.com/,"72 Essex St #2, Lodi, NJ 07644, USA",NJ,"Newark, NJ",4.9,709
"Clark Law Firm, P.C.",,(973) 327-3600,,https://www.clarklawnj.com/,"94 Jabez St, Newark, NJ 07105, USA",NJ,"Newark, NJ",4.9,13
"Afonso and Afonso, Attorneys at Law",,(973) 690-2961,,https://afonsoandafonso.com/car-accidents-newark-nj/,"88 Congress St, Newark, NJ 07105, USA",NJ,"Newark, NJ",4.6,11
Peter Briskin P.c D/B/A Accident Lawyer NJ Peter Briskin,,(646) 305-7175,,https://fnblegal.com/personal-injury-attorney-in-newark-nj/,"17 Academy St # 1200, Newark, NJ 07102, USA",NJ,"Newark, NJ",5,17
ANTONUCCI LAW,,(908) 638-1393,,https://antonuccilegal.com/?utm_campaign=gmb,"1351 Morris Ave, Union, NJ 07083, USA",NJ,"Newark, NJ",4.9,194
Law Office of Raffi T. Khorozian,,(973) 647-2981,,https://www.the25percentlawyers.com/car-accident-lawyer-newark/,"One Gateway Ctr Suite 2600, Newark, NJ 07102, USA",NJ,"Newark, NJ",4.8,38
"Brandon J Broderick, Personal Injury Attorney at Law",,(866) 305-2889,,https://www.brandonjbroderick.com/new-jersey/personal-injury-lawyer-irvington?utm_campaign=gmb,"40 Union Ave #402, Irvington, NJ 07111, USA",NJ,"Newark, NJ",5,67
Law Offices of David A. DiBrigida,,(888) 329-0805,,https://davidinjurylawyer.com/,"101 Eisenhower Pkwy #100, Roseland, NJ 07068, USA",NJ,"Newark, NJ",4.9,749
"Law Offices of Jeffrey S. Hasson, P.C. - Newark",,(201) 928-0300,,https://www.hassonlawoffices.com/newark-car-accident-lawyer/?utm_source=google&utm_medium=organic&utm_campaign=gbp,"3 Main St, Newark, NJ 07105, USA",NJ,"Newark, NJ",5,6
"Brandon J Broderick, Personal Injury Attorney at Law",,(866) 942-3493,,https://www.brandonjbroderick.com/new-jersey/personal-injury-lawyer-bayonne?utm_campaign=gmb,"654 Avenue C #204, Bayonne, NJ 07002, USA",NJ,"Newark, NJ",4.9,94
"Birkhold & Maider, LLC",,(973) 319-7795,,https://www.birkholdmaider.com/montclair-nj-personal-injury-lawyers/?utm_source=google&utm_medium=organic&utm_campaign=gmbmontclair,"7 N Mountain Ave, Montclair, NJ 07042, USA",NJ,"Newark, NJ",4.9,261
"Corradino and Partners, LLC",,(973) 574-1200,,https://corradinoandpartners.com/?utm_campaign=gmb&utm_id=cliftongmb&utm_medium=cliftongmb&utm_source=gmb,"955 Allwood Rd, Clifton, NJ 07012, USA",NJ,"Newark, NJ",4.8,454
"Icaza, Burgess and Grossman",,(973) 799-0700,,https://icazaburgessgrossman.com/,"50 Park Pl Ste 1200, Newark, NJ 07102, USA",NJ,"Newark, NJ",4.4,7
"Brandon J. Broderick, Personal Injury Attorney at Law",,(877) 448-7350,,https://www.brandonjbroderick.com/Locations/River-Edge-New-Jersey?utm_campaign=gmb,"65 Rte 4, River Edge, NJ 07661, USA",NJ,"Newark, NJ",4.7,903
"The Simantov Law Firm, PC",,(908) 469-6700,,https://www.jsimantov.com/,"One Gateway Center, Suite 2600, Newark, NJ 07102, USA",NJ,"Newark, NJ",5,10
"My NJ Injury Lawyer Howard P. Lesnik, Esq.",,(908) 264-7701,,https://mynjinjurylawyer.com/,"928 Mountain Ave, Mountainside, NJ 07092, USA",NJ,"Newark, NJ",5,158
"Davis, Saperstein & Salomon, P.C.",,(833) 657-4976,,https://www.dsslaw.com/teaneck/?utm_source=gbp&utm_medium=organic&utm_campaign=gbp-listing&utm_content=teaneck-branch,"375 Cedar Ln, Teaneck, NJ 07666, USA",NJ,"Newark, NJ",4.9,866
"Garces, Grabler & LeBrocq, P.C.",,(908) 325-3599,,https://ggllawyers.com/union-injury/?utm_source=GBP&utm_medium=GBP&utm_campaign=GBP_Union&utm_id=GBP_Union,"1235 Morris Ave Suite 202, Union, NJ 07083, USA",NJ,"Newark, NJ",4.8,158
"Brandon J. Broderick, Personal Injury Attorney at Law",,(877) 329-3153,,https://www.brandonjbroderick.com/new-jersey/personal-injury-lawyer-elizabeth?utm_campaign=gmb,"333 N Broad St #206, Elizabeth, NJ 07208, USA",NJ,"Newark, NJ",5,104
"Scura, Wigfield, Heyer, Stevens & Cammarota, LLP",,(973) 333-6818,,https://www.scura.com/?utm_source=gbp&utm_medium=organic&utm_campaign=gbp-website-newark,"1 Gateway Ctr Suite 2600, Newark, NJ 07102, USA",NJ,"Newark, NJ",4.7,12
Gencarelli and Rimassa Law Firm LLC,,(201) 549-8737,,https://www.grlawnj.com/?utm_source=google-my-business&utm_medium=organic&utm_campaign=gmb,"437 Kingsland Ave, Lyndhurst, NJ 07071, USA",NJ,"Newark, NJ",4.9,29
Bhatt Law Group,,(201) 798-8000,,https://www.bhattlawgroup.com/,"378 Summit Ave, Jersey City, NJ 07306, USA",NJ,"Newark, NJ",4.8,591
Law Offices of Sobo & Sobo L.L.P.,,(973) 922-9205,,http://www.sobolaw.com/,"600 Mt Prospect Ave, Newark, NJ 07104, USA",NJ,"Newark, NJ",4.5,27
Druckman & Hernandez,,(908) 353-5850,,http://www.dhinjury.com/,"609 Morris Ave, Elizabeth, NJ 07208, USA",NJ,"Newark, NJ",4.9,255
Fredson Statmore Bitterman,,(973) 777-8600,,https://fredsonstatmore.com/?utm_source=GBP&utm_medium=GBP&utm_campaign=GBP_Bloomfield&utm_id=GBP_Bloomfield,"200 Broadacres Dr STE 180, Bloomfield, NJ 07003, USA",NJ,"Newark, NJ",4.8,438
"Peter Michael Law, LLC",,(201) 500-5500,,https://pmlawnj.com/?utm_source=google&utm_medium=organic&utm_campaign=google_business_profile&utm_content=listing,"567 Summit Ave, Jersey City, NJ 07306, USA",NJ,"Newark, NJ",4.9,345
"Sarofiem & Antoun, LLC",,(201) 792-3333,,https://njcrash.com/,"895 Bergen Ave #306, Jersey City, NJ 07306, USA",NJ,"Newark, NJ",5,357
Fikhman & Associates,,(551) 733-6086,,http://www.fikhmanlaw.com/,"497 Broadway Suite 8, Bayonne, NJ 07002, USA",NJ,"Newark, NJ",5,100
"Parnall Law Firm, LLC - Hurt? Call Bert",,(505) 588-5245,,https://www.hurtcallbert.com/?utm_source=local&utm_medium=organic&utm_campaign=gmb,"2155 Louisiana Blvd NE #8000, Albuquerque, NM 87110, USA",NM,"Albuquerque, NM",4.8,1117
"Caruso Law Offices, P.C. Car Accident Lawyers - Albuquerque",,(505) 596-4891,,https://www.carusolaw.com/personal-injury-attorney-albuquerque/?utm_source=google&utm_medium=organic&utm_campaign=gbp,"4302 Carlisle Blvd NE, Albuquerque, NM 87107, USA",NM,"Albuquerque, NM",4.7,352
"Gauthier & Maier Law Firm, P.C.",,(505) 226-3205,,https://www.maierattorney.com/?utm_source=google&utm_medium=organic&utm_campaign=GBP-Albuquerque,"2741 Indian School Rd NE Ste 209, Albuquerque, NM 87106, USA",NM,"Albuquerque, NM",5,341
Lerner and Rowe Injury Attorneys,,(505) 444-4444,,https://lernerandrowe.com/new-mexico/albuquerque/?utm_source=gbp&utm_medium=organic&utm_campaign=gbp-listing&utm_content=albuquerque-nm,"2711 Carlisle Blvd NE, Albuquerque, NM 87110, USA",NM,"Albuquerque, NM",4.7,468
Whitener Law Firm,,(505) 242-3333,,https://whitenerlaw.com/,"4110 Cutler Ave NE, Albuquerque, NM 87110, USA",NM,"Albuquerque, NM",4.7,398
Law Giant Injury Lawyers,,(505) 295-5170,,https://nmlawgiant.com/?utm_source=google&utm_medium=maps&utm_campaign=albuquerque&st-t=albuquerque,"2440 Louisiana Blvd NE Ste 160, Albuquerque, NM 87110, USA",NM,"Albuquerque, NM",4.9,388
"Ron Bell Injury Lawyers in Albuquerque, NM",,(505) 898-2355,,https://ronbell.com/,"7309 Indian School Rd NE, Albuquerque, NM 87110, USA",NM,"Albuquerque, NM",4.6,465
Roadrunner Law Firm,,(505) 444-4321,,http://www.roadrunnerlaw.com/,"2501 Rio Grande Blvd NW Ste b, Albuquerque, NM 87104, USA",NM,"Albuquerque, NM",4.9,205
Keller & Keller Injury Lawyers,,(505) 938-2300,,https://www.2keller.com/new-mexico/,"6301 Indian School Rd NE 920 Penthouse 9th floor, Albuquerque, NM 87110, USA",NM,"Albuquerque, NM",4.8,831
"Glasheen, Valles & Inderman Injury Lawyers",,(505) 243-7200,,https://gvilaw.com/our-office-locations/albuquerque/,"4300 San Mateo Blvd NE b150, Albuquerque, NM 87110, USA",NM,"Albuquerque, NM",4.9,227
"Tawney, Acosta & Chaparro P.C.",,(505) 871-4179,,https://tacinjurylaw.com/personal-injury-lawyers-in-albuquerque-nm/?utm_source=google&utm_medium=gbp&utm_campaign=local_albuquerque,"1121 4th St NW # 1-C, Albuquerque, NM 87102, USA",NM,"Albuquerque, NM",5,165
Stiver Law,,(505) 219-4440,,http://www.stiverlaw.com/,"407 7th St NW, Albuquerque, NM 87102, USA",NM,"Albuquerque, NM",5,161
Singleton Schreiber,,(505) 587-3473,,https://www.singletonschreiber.com/albuquerque-personal-injury-attorney?utm_source=google&utm_medium=organic&utm_campaign=gmblisting,"6501 Americas Pkwy #670, Albuquerque, NM 87110, USA",NM,"Albuquerque, NM",5,53
Rosales & Bush Injury Lawyers,,(505) 675-2874,,https://rosalesbushlaw.com/?utm_source=local&utm_medium=organic&utm_campaign=gmb_Albuquerque,"2500 Louisiana Blvd NE #510, Albuquerque, NM 87110, USA",NM,"Albuquerque, NM",5,138
Law Office of E. Marvin Romero,,(505) 595-2100,,https://www.emrpilaw.com/,"5501 Eagle Rock Ave NE # A3, Albuquerque, NM 87113, USA",NM,"Albuquerque, NM",5,83
Goldberg & Loren,,(505) 392-2522,,https://goldbergloren.com/locations/albuquerque-new-mexico/?utm_source=GMB&utm_medium=organic&utm_campaign=GoogleMyBusiness,"4801 Lang Ave NE UNIT 110, Albuquerque, NM 87109, USA",NM,"Albuquerque, NM",4.8,74
"New Mexico Accident Firm, LLC",,(505) 531-4919,,https://newmexicoaccidentfirm.com/?utm_source=GBP&utm_medium=GBP&utm_campaign=GBP_Albuquerque&utm_id=GBP_Albuquerque,"4101 Indian School Rd NE #200n, Albuquerque, NM 87110, USA",NM,"Albuquerque, NM",5,52
"Fadduol, Cluff, Hardy, & Conaway P.C.",,(505) 295-5117,,https://fchclaw.com/personal-injury-lawyer-in-albuquerque/?utm_source=google&utm_medium=organic&utm_campaign=gbp-albuquerque&utm_content=listing,"3301 San Mateo Blvd NE, Albuquerque, NM 87110, USA",NM,"Albuquerque, NM",4.9,160
Will Ferguson & Associates,,(505) 257-6525,,https://fergusonlaw.com/?utm_source=GBP&utm_medium=GBP&utm_campaign=GBP_Albuquerque&utm_id=GBP_Albuquerque,"1720 Louisiana Blvd NE #100, Albuquerque, NM 87110, USA",NM,"Albuquerque, NM",4.6,114
"Martinez, Hart, Sanchez & Romero",,(505) 806-1780,,https://www.osolawfirm.com/?utm_source=GMB&utm_medium=organic&utm_campaign=albuquerque,"1801 Rio Grande Blvd NW Ste A, Albuquerque, NM 87104, USA",NM,"Albuquerque, NM",4.9,29
Runion Personal Injury Lawyers - Albuquerque Office,,(505) 587-5956,,https://www.runioninjurylaw.com/albuquerque/?utm_campaign=gmb&utm_medium=organic&utm_source=google,"400 Gold Ave SW Ste 650, Albuquerque, NM 87102, USA",NM,"Albuquerque, NM",4.9,71
"Garcia Legal, LLC",,(505) 297-1222,,https://www.jgarcialegal.com/,"609 Gold Ave SW Ste 1E, Albuquerque, NM 87102, USA",NM,"Albuquerque, NM",5,42
"Pofahl Law Firm, P.C.",,(505) 481-2900,,https://www.abqinjurylawyer.com/,"3736 Eubank Blvd NE Ste D, Albuquerque, NM 87111, USA",NM,"Albuquerque, NM",4.7,95
Accident Law Group,,(505) 295-6194,,https://www.accidentlawgroup.com/new-mexico/,"6565 Americas Pkwy Ste 830, Albuquerque, NM 87110, USA",NM,"Albuquerque, NM",4.9,40
Jones Injury Attorneys,,(505) 634-7796,,https://jonesinjurylawnm.com/?utm_source=google&utm_medium=organic&utm_campaign%20=gmb-albuquerque,"8205 Spain Rd NE 111 b, Albuquerque, NM 87109, USA",NM,"Albuquerque, NM",4.8,18
Fine Law Firm - Albuquerque,,(505) 889-3463,,https://www.thefinelawfirm.com/?utm_source=google&utm_medium=gbp&utm_campaign=local,"220 9th St NW, Albuquerque, NM 87102, USA",NM,"Albuquerque, NM",4.7,34
"Berenson & Associates, P.C.",,(505) 243-4400,,https://www.nmjusticelaw.com/?utm_source=gmb&utm_medium=organic&utm_content=listing&utm_campaign=local,"415 6th St NW, Albuquerque, NM 87102, USA",NM,"Albuquerque, NM",4.8,83
Davis Kelin Law Firm LLC,,(505) 242-7200,,https://daviskelin.com/albuquerque-personal-injury-lawyer/?utm_source=GMB&utm_medium=SEO&utm_campaign=daviskelin,"127 Bryn Mawr Dr SE, Albuquerque, NM 87106, USA",NM,"Albuquerque, NM",4.5,105
The Crecca Accident Law Firm,,(505) 766-9999,,https://thecreccalawfirm.com/,"3200 Monte Vista Blvd NE, Albuquerque, NM 87106, USA",NM,"Albuquerque, NM",4.8,44
The Marek Law Firm,,(505) 235-6777,,https://www.mareklawfirm.com/,"811 Lamp Post Cir SE, Albuquerque, NM 87123, USA",NM,"Albuquerque, NM",5,51
Monge & Associates Injury and Accident Attorneys,,(505) 405-8398,,https://www.becauseyouwanttowin.com/albuquerque-personal-injury-lawyer/,"2901 Juan Tabo Blvd NE Suite 100-G, Albuquerque, NM 87112, USA",NM,"Albuquerque, NM",4.9,44
Strong Law Accident & Injury Attorneys,,(505) 465-8341,,https://www.stronglawattorneys.com/services/albuquerque-personal-injury-lawyers?utm_source=gbp&utm_medium=organic&utm_campaign=albuquerque-nm,"500 Marquette Ave NW Ste 1200 7317, Albuquerque, NM 87102, USA",NM,"Albuquerque, NM",5,2
"Orlando C. Martinez Law, LLC",,(505) 510-4269,,https://ocmlawnm.com/,"1420 Carlisle Blvd NE Ste 205, Albuquerque, NM 87110, USA",NM,"Albuquerque, NM",4.9,45
"The Law Firm of David C Chavez, LLC",,(505) 865-9696,,https://davidcchavez.com/,"651 NM-314, Los Lunas, NM 87031, USA",NM,"Albuquerque, NM",4.9,295
"Attorney Dean Boyd, PLLC",,(505) 545-5555,,https://deanboyd.com/,"500 Marquette Ave NW Ste 1200, Albuquerque, NM 87102, USA",NM,"Albuquerque, NM",4.7,61
Dominguez Law Firm LLC,,(505) 317-9837,,https://www.thedominguezlawfirm.com/?utm_source=google&utm_medium=organic&utm_campaign=gmb,"2025 Rio Grande Blvd NW, Albuquerque, NM 87104, USA",NM,"Albuquerque, NM",4.3,50
"Law Office of Adam Oakey, LLC",,(505) 433-4953,,https://oakeylawoffice.com/,"500 4th St NW #405, Albuquerque, NM 87102, USA",NM,"Albuquerque, NM",5,549
Shapiro Law Team,,(505) 207-5190,,https://shapirolawteam.com/?utm_source=gmb&utm_medium=local&utm_campaign=newmexico,"6100 Indian School Rd NE #201, Albuquerque, NM 87110, USA",NM,"Albuquerque, NM",4.8,13
El Gringo Law,,(505) 588-6994,,https://elgringolaw.com/,"1448 Bridge Blvd SW, Albuquerque, NM 87105, USA",NM,"Albuquerque, NM",4.9,59
Zinda Law Group,,(505) 295-5342,,https://www.zdfirm.com/personal-injury-lawyer/new-mexico/albuquerque/?utm_source=google&utm_medium=organic&utm_campaign=gbp-listing-albuquerque,"200 Broadway Blvd NE Ste A-3, Albuquerque, NM 87102, USA",NM,"Albuquerque, NM",4.9,52
The Law Offices of the Saints/Las Oficinas Legales de los Santos,,(505) 257-1111,,http://www.thesaintslaw.com/,"3501 San Mateo Blvd NE, Albuquerque, NM 87110, USA",NM,"Albuquerque, NM",5,130
Olson Personal Injury Lawyers,,(505) 391-8513,,https://olsonlawfirm.com/albuquerque/?utm_source=google&utm_medium=gbp&utm_campaign=albuquerque,"131 Madison St NE Ste 105, Albuquerque, NM 87108, USA",NM,"Albuquerque, NM",5,28
Law Office of Brent M. Ferrel,,(505) 503-6330,,http://bmfnmlaw.com/,"8501 Candelaria Rd NE Ste F2, Albuquerque, NM 87111, USA",NM,"Albuquerque, NM",5,28
David Rhee Injury Law,,(505) 589-7008,,https://davidrheelaw.com/,"912 6th St NW, Albuquerque, NM 87102, USA",NM,"Albuquerque, NM",5,49
Parnall & Adams Law,,(505) 600-1417,,https://parnalladams.com/,"2116 Vista Oeste NW Suite 403, Albuquerque, NM 87120, USA",NM,"Albuquerque, NM",4.9,74
"Valle, O'Cleireachain, Zamora & Harris",,(505) 888-4357,,https://www.carterlawfirm.com/,"1805 Rio Grande Blvd NW #2, Albuquerque, NM 87104, USA",NM,"Albuquerque, NM",4.5,31
"Pizzonia Law, LLC",,(505) 445-2109,,https://www.pizzonialaw.com/?npcmp=dir:local:4291932:87109,"5720 Osuna Rd NE, Albuquerque, NM 87109, USA",NM,"Albuquerque, NM",4.4,50
Morgan & Morgan,,(505) 737-6363,,https://www.forthepeople.com/office-locations/new-mexico/albuquerque/?utm_source=GMB&utm_medium=local&utm_campaign=AlbuquerqueNMGMB,"500 Marquette Ave. NE Ste 1251, Albuquerque, NM 87108, USA",NM,"Albuquerque, NM",4.8,207
Buckingham & Vega Law Firm,,(505) 388-0066,,https://www.medmal-law.com/,"2125 Wyoming Blvd NE Ste 100, Albuquerque, NM 87112, USA",NM,"Albuquerque, NM",5,26
McGinn Montoya Love Curry & Sievers PA,,(505) 581-5389,,https://www.mcginnlaw.com/?utm_source=google&utm_medium=organic&utm_campaign=gmb,"201 Broadway Blvd SE, Albuquerque, NM 87102, USA",NM,"Albuquerque, NM",4.8,24
Nicolet Law Accident & Injury Lawyers,,(701) 419-0223,,https://nicoletlaw.com/fargo-personal-injury-lawyer/?utm_source=google&utm_medium=organic&utm_campaign=gbp_fargo,"1 2nd St N Ste 228, Fargo, ND 58102, USA",ND,"Fargo, ND",5,327
Goldberg & Loren,,(701) 291-7115,,https://goldbergloren.com/locations/fargo-north-dakota/?utm_source=GMB&utm_medium=organic&utm_campaign=GoogleMyBusiness,"3523 45th St S, Fargo, ND 58104, USA",ND,"Fargo, ND",5,72
Larson Law Injury & Accident Lawyers,,(701) 929-4140,,https://ndakotalaw.com/,"3220 18th St S #8C, Fargo, ND 58104, USA",ND,"Fargo, ND",5,16
Maring Williams Law Office,,(701) 557-8449,,https://www.maringlaw.com/fargo-personal-injury-lawyer/,"5201 42nd St S Suite 200, Fargo, ND 58104, USA",ND,"Fargo, ND",4.9,48
Monge & Associates Injury and Accident Attorneys,,(701) 660-1698,,https://www.becauseyouwanttowin.com/fargo-personal-injury-lawyer/,"118 Broadway N Ste 505, Fargo, ND 58102, USA",ND,"Fargo, ND",5,52
SW&L Attorneys,,(701) 297-2890,,https://www.swlattorneys.com/,"4627 44th Ave S ste 108, Fargo, ND 58104, USA",ND,"Fargo, ND",4.9,708
"Sand Law, PLLC",,(701) 609-1510,,https://www.sandlawnd.com/,"320 5th St N #202, Fargo, ND 58102, USA",ND,"Fargo, ND",4.9,168
Ruth Law Firm,,(701) 638-9261,,https://www.ruthlawfargo.com/?npcmp=dir:local:1585328:58103,"4340 18th Ave S Ste 110, Fargo, ND 58103, USA",ND,"Fargo, ND",5,19
Schneider Law Firm,,(701) 235-4481,,https://schneiderlawfirm.com/?utm_source=GMB_listing&utm_medium=organic&utm_campaign=Fargo,"815 3rd Ave S, Fargo, ND 58103, USA",ND,"Fargo, ND",4.7,177
Lowe Law Group,,(701) 963-3108,,https://www.lowelawgroup.com/fargo/?utm_source=GMB&utm_medium=organic&utm_campaign=fargo,"222 N Broadway Dr Ste. B102, Fargo, ND 58102, USA",ND,"Fargo, ND",4.9,43
David Bossart Law Firm,,(701) 205-4773,,https://www.bossartlaw.com/,"Professional Building, 1220 Main Ave #123, Fargo, ND 58103, USA",ND,"Fargo, ND",5,2
"Reitan Law Office, PLLC",,(701) 581-7854,,https://www.reitanlawoffice.com/?npcmp=dir:local:1760710:58102,"Railyard Offices, Building PMB 29, 1630 1st Ave N Ste B, Fargo, ND 58102, USA",ND,"Fargo, ND",5,27
Andy & Penland Car Accident Lawyers Group,,,,,"1410 9th St E, West Fargo, ND 58078, USA",ND,"Fargo, ND",,
Morgan & Morgan,,(701) 929-2900,,https://www.forthepeople.com/office-locations/north-dakota/fargo/?utm_source=GMB&utm_medium=local&utm_campaign=FargoNDGMB,"3523 45th St S Ste 108, Fargo, ND 58104, USA",ND,"Fargo, ND",4.7,89
Vogel Law Firm,,(701) 895-2477,,https://www.vogellaw.com/office-locations/fargo/?utm_source=google&utm_medium=organic&utm_campaign=gmb_website&utm_content=fargo,"218 Northern Pacific Ave, Fargo, ND 58102, USA",ND,"Fargo, ND",4.2,77
Aaland Law Firm,,(701) 232-7944,,https://www.aalandlaw.com/,"415 11th St S, Fargo, ND 58103, USA",ND,"Fargo, ND",4.7,148
David L. Marquard,,(701) 380-2002,,https://www.marquardlaw.com/attorney-profiles/david-l-marquard/,"1711 Gold Dr S #200, Fargo, ND 58103, USA",ND,"Fargo, ND",5,3
"Haugen, Moeckel & Bossart",,(701) 237-0100,,https://haugenandmoeckel.com/?utm_source=gbp&utm_medium=organic&utm_campaign=google+business+profile,"1123 5th Ave S Lower Level, Fargo, ND 58103, USA",ND,"Fargo, ND",4.7,28
O'Keeffe O'Brien Lyson Attorneys,,(701) 235-8000,,http://www.okeeffeattorneys.com/,"720 Main Ave, Fargo, ND 58103, USA",ND,"Fargo, ND",4.1,98
Wynne Law,,(855) 469-9663,,http://wynne.law/,"26 Roberts St N Ste b-109-1, Fargo, ND 58102, USA",ND,"Fargo, ND",4.9,48
Penn Kestner & McEwen - ND Truck Accident Lawyers,,(701) 895-2865,,https://www.thetruckinglawyers.com/north-dakota-truck-accident-lawyers/,"3101 Broadway N Ste c, Fargo, ND 58102, USA",ND,"Fargo, ND",,
Larson Law Injury & Accident Lawyers,,(701) 484-4878,,https://ndakotalaw.com/?utm_source=gmb&utm_medium=organic&utm_campaign=GMB-Minot,"1020 N Broadway, Minot, ND 58703, USA",ND,"Fargo, ND",4.8,76
"Schwab, Thompson & Frisk",,(701) 365-8088,,https://stf.law/,"820 34th Ave E #200, West Fargo, ND 58078, USA",ND,"Fargo, ND",4.8,79
Johnson Mottinger Greenwood Law Firm,,(701) 235-7501,,https://jrmlawfirm.com/,"15 9th St S, Fargo, ND 58103, USA",ND,"Fargo, ND",4.6,12
Serkland Law Firm,,(701) 232-8957,,http://www.serklandlaw.com/,"10 Roberts St N, Fargo, ND 58102, USA",ND,"Fargo, ND",4.5,8
"Al Baker, Esq",,(701) 630-1846,,,"415 11th St S, Fargo, ND 58103, USA",ND,"Fargo, ND",5,2
"Rosenquist Law Office | Fargo, ND",,(701) 203-0112,,https://rosenquistlawoffice.com/,"3523 45th St S suit 100, Fargo, ND 58104, USA",ND,"Fargo, ND",4.8,19
Conmy Feste Ltd.,,(701) 353-0454,,https://www.conmylaw.com/?npcmp=dir:local:2494629:58103,"3369 45th St S South, Fargo, ND 58104, USA",ND,"Fargo, ND",4.3,16
H. Patrick Weir Jr.,,(701) 237-6983,,http://www.vogellaw.com/professionals/h-patrick-weir-jr-/,"218 Northern Pacific Ave, Fargo, ND 58102, USA",ND,"Fargo, ND",,
Fremstad Law,,(701) 407-8326,,http://www.fremstadlaw.com/,"3003 32nd Ave S, Fargo, ND 58103, USA",ND,"Fargo, ND",4.3,78
Nilson Brand Law,,(701) 786-6040,,https://www.nilsonbrandlaw.com/?utm_source=google-local&utm_medium=organic&utm_campaign=4277,"5141 44th St S, Fargo, ND 58104, USA",ND,"Fargo, ND",4.8,36
Wilking Law Firm,,(701) 356-6823,,http://www.wilkinglaw.com/,"3003 32nd Ave S, Fargo, ND 58103, USA",ND,"Fargo, ND",4.5,97
Nicolet Law Accident & Injury Lawyers,,(701) 419-1051,,https://nicoletlaw.com/minot-personal-injury-lawyers/?utm_source=google&utm_medium=organic&utm_campaign=gbp_minot,"21 Main St S Ste 205, Minot, ND 58701, USA",ND,"Fargo, ND",5,35
"Ficek Law, PC",,(701) 241-8525,,https://www.ficeklaw.com/,"4650 Amber Valley Pkwy S #2, Fargo, ND 58104, USA",ND,"Fargo, ND",4.7,118
Larson Law Injury & Accident Lawyers,,(701) 401-5098,,https://ndakotalaw.com/bismarck/?utm_source=gmb&utm_medium=organic&utm_campaign=GMB-Bismarck,"3801 Lockport St #2, Bismarck, ND 58503, USA",ND,"Fargo, ND",4.9,16
Nicolet Law Accident & Injury Lawyers,,(701) 419-0905,,https://nicoletlaw.com/bismarck-personal-injury-lawyer/?utm_source=google&utm_medium=organic&utm_campaign=gbp_bismarck,"1925 Lovett Ave Ste 1, Bismarck, ND 58504, USA",ND,"Fargo, ND",4.9,33
Nicolet Law Accident & Injury Lawyers,,(701) 419-0037,,https://nicoletlaw.com/williston-personal-injury-lawyer/?utm_source=google&utm_medium=organic&utm_campaign=gbp_williston,"125 Main St Ste 216, Williston, ND 58801, USA",ND,"Fargo, ND",5,34
Boechler PC,,(701) 237-3071,,,"802 1st Ave N, Fargo, ND 58102, USA",ND,"Fargo, ND",,
GB Law,,(614) 222-4444,,https://www.protectingohio.com/,"471 E Broad St Ste 1600, Columbus, OH 43215, USA",OH,"Columbus, OH",4.9,664
"Schiff & Associates Co., LPA",,(614) 350-6245,,https://www.scottschiff.com/?utm_campaign=gmb,"115 W Main St #100, Columbus, OH 43215, USA",OH,"Columbus, OH",4.7,746
"Kisling, Nestico & Redick",,(614) 908-1470,,https://www.knrlegal.com/columbus/?utm_source=google&utm_medium=maps&utm_campaign=columbus&st-t=columbus,"1105 Schrock Rd Ste 600, Columbus, OH 43229, USA",OH,"Columbus, OH",4.7,1618
"Columbus Personal Injury Attorney at Law, Brandon J. Broderick",,(866) 860-1613,,https://www.brandonjbroderick.com/ohio/personal-injury-lawyer-columbus?utm_campaign=gmb,"585 S Front St #230, Columbus, OH 43215, USA",OH,"Columbus, OH",5,52
The Fitch Law Firm,,(614) 810-7280,,https://www.johnfitch.com/?utm_source=google&utm_medium=organic&utm_campaign=gbp-listing-columbus,"621 E Town St, Columbus, OH 43215, USA",OH,"Columbus, OH",4.9,218
Malek & Malek Law Firm,,(614) 444-7440,,https://www.maleklawfirm.com/,"1227 S High St, Columbus, OH 43206, USA",OH,"Columbus, OH",4.9,769
McCormick Law Firm,,(380) 900-8888,,https://www.ohio.law/,"4449 Easton Way 2nd Floor #238, Columbus, OH 43219, USA",OH,"Columbus, OH",4.7,448
The Jones Firm - Car Accident Lawyer & Personal Injury Attorney,,(614) 379-6185,,https://www.jonesfirmohio.com/?utm_campaign=gmb,"1520 Old Henderson Rd Ste 104, Columbus, OH 43220, USA",OH,"Columbus, OH",4.9,71
"Kisling, Nestico & Redick",,(614) 802-6988,,https://www.knrlegal.com/columbus/?utm_source=google&utm_medium=maps&utm_campaign=columbus&st-t=downtowncbus,"88 E Broad St Ste 1410, Columbus, OH 43215, USA",OH,"Columbus, OH",4.9,289
Erney Law,,(614) 258-6100,,https://ohioinjurylaw.com/,"1654 E Broad St, Columbus, OH 43203, USA",OH,"Columbus, OH",5,77
Cooper Elliott,,(614) 877-8265,,https://cooperelliott.com/columbus-oh/personal-injury-lawyer/?utm_campaign=gmb&utm_medium=organic&utm_source=google,"305 W Nationwide Blvd, Columbus, OH 43215, USA",OH,"Columbus, OH",4.7,242
Slater & Zurz LLP,,(614) 963-3223,,https://slaterzurz.com/?utm_campaign=gmb&utm_medium=organic&utm_source=google&utm_term=columbus,"21 E State St #200, Columbus, OH 43215, USA",OH,"Columbus, OH",4.8,117
Kurgis & Associates,,(614) 464-1610,,https://www.kevinkurgis.com/,"100 S 4th St Ste 300, Columbus, OH 43215, USA",OH,"Columbus, OH",4.6,991
"Soroka & Associates, LLC",,(614) 768-3733,,https://www.sorokalegal.com/,"503 S Front St #205, Columbus, OH 43215, USA",OH,"Columbus, OH",4.9,277
Colombo Law Truck Accident & Personal Injury Lawyers,,(614) 362-7000,,https://www.colombolaw.com/?utm_source=GBP&utm_medium=organic&utm_campaign=ColumbusTownsfairWay,"4016 Townsfair Way #210, Columbus, OH 43219, USA",OH,"Columbus, OH",4.8,158
"Heit Law, LLC",,(614) 898-5300,,http://www.heitlawllc.com/,"2600 Corporate Exchange Dr #109, Columbus, OH 43231, USA",OH,"Columbus, OH",5,48
The Baker Law Group,,(614) 228-1882,,http://bakerlawgroup.net/,"89 E Nationwide Blvd 2nd floor, Columbus, OH 43215, USA",OH,"Columbus, OH",5,46
Ohio Injury Attorneys,,(614) 423-0007,,https://www.theohioinjuryattorneys.com/,"7965 N High St #350, Columbus, OH 43235, USA",OH,"Columbus, OH",5,15
Gervelis Law Firm,,(740) 520-4414,,https://www.gervelislaw.com/columbus-oh/?utm_source=google&utm_medium=organic&utm_campaign=gbp-columbus,"1335 Dublin Rd #122D, Columbus, OH 43215, USA",OH,"Columbus, OH",4.8,74
Bressman Law,,(614) 538-1116,,http://www.bressmanlaw.com/,"2727 Tuller Pkwy Ste 100, Dublin, OH 43017, USA",OH,"Columbus, OH",4.9,325
Rinehardt Injury Attorneys,,(614) 686-2020,,https://www.rinehardtlawfirm.com/rinehardt-injury-attorneys-columbus-oh/?utm_source=google&utm_medium=organic&utm_campaign=gbp,"8351 N High St Ste 251, Columbus, OH 43235, USA",OH,"Columbus, OH",5,89
"The Donahey Law Firm, LLC",,(614) 224-8166,,https://www.donaheylaw.com/,"471 E Broad St #1520, Columbus, OH 43215, USA",OH,"Columbus, OH",4.5,136
Isaacs & Isaacs Personal Injury Lawyers,,(614) 686-2155,,https://wewin.com/columbus-oh-personal-injury-lawyer/?utm_source=google&utm_medium=organic&utm_campaign=gmb-listing-Columbus,"4449 Easton Way Ste 2014, Columbus, OH 43219, USA",OH,"Columbus, OH",4.9,444
Buckeye Law Group,,(614) 482-3793,,https://www.buckeyeaccidentattorneys.com/locations/columbus-law-office?utm_source=google&utm_medium=organic&utm_campaign=gbp,"20 E Broad St Suite 300, Columbus, OH 43215, USA",OH,"Columbus, OH",4.7,261
Mani Ellis & Layne Accident & Injury Lawyers Columbus,,(614) 810-8061,,https://www.yourwvinjuryattorneys.com/columbus-personal-injury-lawyer/?utm_source=google&utm_medium=organic&utm_campaign=gmb-[Columbus],"20 E Broad St Ste 1000, Columbus, OH 43215, USA",OH,"Columbus, OH",4.7,25
Morgan & Morgan,,(614) 927-6770,,https://www.forthepeople.com/office-locations/ohio/columbus/?utm_source=GMB&utm_medium=local&utm_campaign=ColumbusOHGMB,"21 E State St #200, Columbus, OH 43215, USA",OH,"Columbus, OH",4.7,933
SELPH LAW,,(614) 453-0971,,http://www.selphlaw.com/,"6047 Frantz Rd #101, Dublin, OH 43017, USA",OH,"Columbus, OH",4.8,107
Manner Law Firm,,(614) 339-3339,,http://mannerlawfirm.com/,"2121 Bethel Rd #E, Columbus, OH 43220, USA",OH,"Columbus, OH",4.8,46
Brenner Law,,(614) 647-0400,,https://insurancelawyerohio.com/,"555 Metro Pl N First Floor, Dublin, OH 43017, USA",OH,"Columbus, OH",5,95
Oliver Law Office - Columbus Personal Injury & Wrongful Death Trial Lawyers,,(614) 220-9100,,https://www.jamioliver.com/columbus-personal-injury-lawyer/?utm_source=GMB&_Columbus_medium=organic&utm_campaign=GoogleMyBusiness,"140 E Town St Unit 1100, Columbus, OH 43215, USA",OH,"Columbus, OH",5,40
Monge & Associates,,(380) 230-4537,,https://www.becauseyouwanttowin.com/columbus-ohio-personal-injury-lawyer/,"35 E Gay St Ste 202, Columbus, OH 43215, USA",OH,"Columbus, OH",4.9,70
Oliver Law Office - Personal Injury & Wrongful Death Trial Lawyers,,(614) 220-9100,,https://www.jamioliver.com/dublin-personal-injury-lawyer/?utm_source=GMB&_Dublin_medium=organic&utm_campaign=GoogleMyBusiness,"7240 Muirfield Dr #120, Dublin, OH 43017, USA",OH,"Columbus, OH",4.9,134
Plevin & Gallucci,,(614) 908-2998,,https://www.plevinandgallucci.com/columbus/workers-compensation-lawyers/?utm_source=google&utm_medium=organic&utm_campaign=columbusGBP,"2323 W 5th Ave #240, Columbus, OH 43204, USA",OH,"Columbus, OH",4,84
Pencheff and Fraley Injury and Accident Attorneys,,(614) 714-5005,,https://www.pencheffandfraley.com/,"4151 Executive Pkwy Ste 355, Westerville, OH 43081, USA",OH,"Columbus, OH",4.9,108
Leeseberg Tuttle,,(614) 221-2223,,https://www.leeseberglaw.com/?npcmp=dir:local:2243993:43215,"175 S 3rd St PH One, Columbus, OH 43215, USA",OH,"Columbus, OH",4.5,51
Rourke & Blumenthal,,(614) 321-3212,,https://www.randbllp.com/,"495 S High St #450, Columbus, OH 43215, USA",OH,"Columbus, OH",4.8,53
Elk + Elk - Columbus,,(614) 662-4093,,https://www.elkandelk.com/columbus/?utm_source=google_organic&utm_medium=gmb_listing&utm_campaign=columbus_gmb,"5100 Parkcenter Ave #100, Dublin, OH 43017, USA",OH,"Columbus, OH",4.7,178
Knisley Law Offices,,(614) 486-9503,,https://www.ohiobwclawyers.com/,"1111 Dublin Rd, Columbus, OH 43215, USA",OH,"Columbus, OH",4.7,78
Walton and Brown LLP,,(614) 636-3476,,http://www.waltonbrownlaw.com/,"395 E Broad St Ste. 200, Columbus, OH 43215, USA",OH,"Columbus, OH",4.3,62
Buckeye Law Group,,(380) 257-5206,,https://www.buckeyeaccidentattorneys.com/locations/whitehall-law-office?utm_source=google&utm_medium=organic&utm_campaign=gbp,"5340 E Main St Ste 203, Whitehall, OH 43213, USA",OH,"Columbus, OH",4.8,22
Buckeye Law Group,,(220) 241-2166,,https://www.buckeyeaccidentattorneys.com/locations/columbus-law-office?utm_source=google&utm_medium=organic&utm_campaign=gbp,"75 E Wilson Bridge Rd Unit C6, Office 5, Worthington, OH 43085, USA",OH,"Columbus, OH",4.9,17
Colombo Law Truck Accident & Personal Injury Lawyers,,(614) 714-1636,,https://www.colombolaw.com/?utm_source=GBP&utm_medium=organic&utm_campaign=ColumbusBroadSt,"10 W Broad St Ste 2475, Columbus, OH 43215, USA",OH,"Columbus, OH",5,32
"Paulozzi, Alkire & Condeni Personal Injury Lawyers",,(614) 335-3000,,https://law-ohio.com/,"7965 N High St Suite #350-39, Columbus, OH 43235, USA",OH,"Columbus, OH",4.9,11
Monast Law Office,,(614) 334-4649,,https://www.monastlaw.com/?utm_source=google&utm_medium=local&utm_campaign=google_business_profile,"5000 Arlington Centre Blvd Bldg 7, Ste 7179, Columbus, OH 43220, USA",OH,"Columbus, OH",4.8,100
"The Kryder Law Group, LLC Accident and Injury Lawyers",,(614) 756-4670,,https://www.kryderlaw.com/columbus-injury/?utm_source=google_gbp&utm_medium=organic&utm_campaign=GBPColumbus,"7965 N High St Ste 350-43, Columbus, OH 43235, USA",OH,"Columbus, OH",5,4
Kafantaris Law Offices,,(614) 223-1444,,http://www.kafantaris.com/,"625 City Park Ave, Columbus, OH 43206, USA",OH,"Columbus, OH",4.9,65
Agee Clymer Mitchell & Portman,,(614) 221-3318,,https://www.ageeclymer.com/location/columbus-oh/?utm_medium=organic&utm_source=google&utm_campaign=gmb-listing&utm_content=columbus,"140 E Town St Unit 1100, Columbus, OH 43215, USA",OH,"Columbus, OH",4.8,134
"Van Eman Law, LLC",,(614) 224-8187,,https://www.injurymedmal.com/?npcmp=dir:local:2378073:43215,"9482 Wedgewood Blvd, Powell, OH 43065, USA",OH,"Columbus, OH",4.8,23
"Brian G. Miller Co., LLC",,(614) 221-4035,,https://www.bgmillerlaw.com/,"175 S 3rd St Office #200, Columbus, OH 43215, USA",OH,"Columbus, OH",5,23
"Crandall & Pera Law, Medical Malpractice / Personal Injury Lawyers",,(740) 971-2998,,https://www.injuryverdicts.com/columbus-personal-injury-lawyer/,"35 E Gay St #226, Columbus, OH 43215, USA",OH,"Columbus, OH",4.8,23
Bryan Garrett PLLC,,(405) 972-6960,,https://bgarrettlaw.com/,"210 Park Ave Ste 1810, Oklahoma City, OK 73102, USA",OK,"Oklahoma City, OK",5,308
Cunningham & Mears,,(405) 451-5125,,https://www.cunninghamandmears.com/?utm_source=gmb&utm_medium=organic&utm_campaign=OC,"5104 N Francis Ave Ste 102, Oklahoma City, OK 73118, USA",OK,"Oklahoma City, OK",5,689
Carr & Carr Injury Attorneys,,(405) 266-6698,,https://carrcarr.com/?utm_source=google&utm_medium=organic&utm_campaign=GBP_Oklahoma_City,"1350 SW 89th St, Oklahoma City, OK 73159, USA",OK,"Oklahoma City, OK",4.7,813
"Lawter & Associates, PLLC",,(405) 525-4131,,https://www.lawterlaw.com/oklahoma-city-lawyer/,"3313 N Classen Blvd, Oklahoma City, OK 73118, USA",OK,"Oklahoma City, OK",4.6,276
Abel Law Firm,,(405) 972-6069,,https://www.abellawfirm.com/oklahoma-city/?utm_source=gmb&utm_medium=organic&utm_campaign=oklahomacity,"900 NE 63rd St, Oklahoma City, OK 73105, USA",OK,"Oklahoma City, OK",4.9,252
Cain Law,,(405) 591-4733,,https://cainlaw-okc.com/oklahoma-city/?utm_source=local&utm_medium=organic&utm_campaign=oklahomacity,"9612 S Pennsylvania Ave, Oklahoma City, OK 73159, USA",OK,"Oklahoma City, OK",4.8,364
Laird Hammons Laird Personal Injury Lawyers Oklahoma City,,(405) 931-0355,,https://www.lhllaw.com/?utm_campaign=gmb&utm_medium=organic&utm_source=google,"1332 SW 89th St, Oklahoma City, OK 73159, USA",OK,"Oklahoma City, OK",4.7,142
McIntyre Law P.C.,,(405) 917-5200,,https://mcintyrelaw.com/?utm_source=google&utm_medium=organic_search&utm_campaign=rank_drop,"8601 S Western Ave, Oklahoma City, OK 73139, USA",OK,"Oklahoma City, OK",4.9,453
"Stipe & Belote, LLP",,(405) 507-7688,,https://www.stipeinjurylaw.com/?npcmp=dir:local:2356482:73114,"9400 Broadway Ext Ste 420, Oklahoma City, OK 73114, USA",OK,"Oklahoma City, OK",4.9,377
AP Injury Lawyers - Law Offices of Austin S. Pieratt Esq.,,(405) 336-3000,,https://apinjury.law/,"2248 NW 40th St, Oklahoma City, OK 73112, USA",OK,"Oklahoma City, OK",5,514
Dan Davis Law - Accident & Injury Lawyers,,(405) 235-4000,,https://dandavislaw.com/oklahoma-city-personal-injury-lawyer/?utm_source=google&utm_medium=organic&utm_campaign=gmb,"300 N Walnut Ave, Oklahoma City, OK 73104, USA",OK,"Oklahoma City, OK",4.6,735
Hasbrook & Hasbrook Personal Injury Lawyers,,(405) 328-6265,,https://oklahomalawyer.com/?utm_campaign=GoogleMyBusiness,"400 N Walker Ave #130, Oklahoma City, OK 73102, USA",OK,"Oklahoma City, OK",4.8,91
Edwards & Patterson Personal Injury Law Firm,,(918) 420-9887,,https://www.edwardspattersonlaw.com/oklahoma-city-ok/?utm_source=GBP+OKC,"3810 N Tulsa Ave, Oklahoma City, OK 73112, USA",OK,"Oklahoma City, OK",5,52
Ryan Bisher Ryan & Simons,,(405) 896-7115,,https://www.rbrlawfirm.com/?utm_source=local&utm_medium=google&utm_campaign=gmb,"4323 NW 63rd St Ste 110, Oklahoma City, OK 73116, USA",OK,"Oklahoma City, OK",4.7,386
OKC Personal Injury & Car Accident Lawyers - Polchinski & Smith Personal Injury Lawyers,,(405) 643-8118,,https://lawcowboys.com/,"1900 Northwest Expy Suite 710, Oklahoma City, OK 73118, USA",OK,"Oklahoma City, OK",5,62
Cunningham & Mears,,(405) 353-9943,,https://www.cunninghamandmears.com/?utm_source=gmb&utm_medium=organic&utm_campaign=westgate,"9428 Westgate Rd Ste 102B, Oklahoma City, OK 73162, USA",OK,"Oklahoma City, OK",5,98
Monge & Associates Injury and Accident Attorneys,,(405) 931-0434,,https://www.becauseyouwanttowin.com/oklahoma-city-personal-injury-attorney/,"11212 N May Ave Ste 401-A, Oklahoma City, OK 73120, USA",OK,"Oklahoma City, OK",4.9,130
Warhawk Legal,,(405) 814-1643,,https://www.warhawklegal.com/?utm_source=google&utm_medium=organic&utm_campaign=gbp,"3721 N Classen Blvd, Oklahoma City, OK 73118, USA",OK,"Oklahoma City, OK",4.9,285
"McCormick Law Firm, Injury Attorneys",,(405) 444-8888,,https://www.theinjuryattorney.law/office_locations/oklahoma-citys-injury-lawyer/,"10601 S Western Ave, Oklahoma City, OK 73170, USA",OK,"Oklahoma City, OK",4.8,286
Fulmer Sill,,(405) 874-7609,,https://www.fulmersill.com/?utm_source=gmb&utm_medium=organic&utm_content=listing&utm_campaign=local,"1101 N Broadway Ave #102, Oklahoma City, OK 73103, USA",OK,"Oklahoma City, OK",4.9,146
Parrish DeVaughn Injury Lawyers,,(405) 259-1973,,https://parrishdevaughn.com/?utm_source=google&utm_medium=organic&utm_campaign=local,"3601 N Classen Blvd, Oklahoma City, OK 73118, USA",OK,"Oklahoma City, OK",4.5,845
"Martin, Jean, Jackson, Martin & Peach",,(405) 221-9699,,https://www.mjjlawfirm.com/oklahoma-city/?utm_source=GMB&utm_medium=organic&utm_campaign=Oklahoma_City,"13900 Portland Ave Ste 150, Oklahoma City, OK 73134, USA",OK,"Oklahoma City, OK",5,447
DM Injury Law Oklahoma City,,(405) 295-0622,,https://www.dmlawusa.com/oklahoma-city/?utm_campaign=gmb&utm_medium=organic&utm_source=okcgmb,"529 W Main St, Oklahoma City, OK 73102, USA",OK,"Oklahoma City, OK",4.7,133
AHG Legal,,(405) 444-5580,,https://ahglegal.com/,"620 N Robinson Ave Ste 203, Oklahoma City, OK 73102, USA",OK,"Oklahoma City, OK",5,14
Acuña Law Firm,,(405) 225-0703,,https://www.acunalawfirm.com/?utm_source=google-local&utm_medium=organic&utm_campaign=3863,"1900 Northwest Expy #930, Oklahoma City, OK 73118, USA",OK,"Oklahoma City, OK",4.9,158
"Ylla | Gosney, Attorneys at Law",,(405) 800-8080,,https://yglaw.com/,"500 N Meridian Ave Ste 204, Oklahoma City, OK 73107, USA",OK,"Oklahoma City, OK",5,110
"Johnson & Biscone, P.A.",,(405) 232-6490,,https://www.oklalegal.com/,"105 N Hudson Ave Ste 100, Oklahoma City, OK 73102, USA",OK,"Oklahoma City, OK",4.8,156
Milly Daniels Law,,(405) 768-2570,,https://www.millydanielslaw.com/,"1435 N Rockwell Ave, Oklahoma City, OK 73127, USA",OK,"Oklahoma City, OK",5,186
The Advocates Injury Attorneys,,(405) 554-5316,,https://www.theadvocates.com/oklahoma/,"924 NW 58th St Suite 205, Oklahoma City, OK 73118, USA",OK,"Oklahoma City, OK",5,7
"Ylla | Gosney, Attorneys at Law",,(405) 800-8080,,https://yglaw.com/,"1010 S Santa Fe Ave Ste 100, Moore, OK 73160, USA",OK,"Oklahoma City, OK",4.9,394
Self & Associates,,(405) 685-2111,,https://www.selflaw.net/,"7701 S Western Ave Ste 202, Oklahoma City, OK 73139, USA",OK,"Oklahoma City, OK",5,28
"Burch, George & Germany, P.C.",,(405) 239-7711,,http://www.burch-george.com/,"204 N Robinson Ave Ste 1500, Oklahoma City, OK 73102, USA",OK,"Oklahoma City, OK",4.8,24
Joe Carson,,(405) 397-1717,,http://warhawklegal.com/,"3721 N Classen Blvd, Oklahoma City, OK 73118, USA",OK,"Oklahoma City, OK",4.7,18
"Branum Law Firm, PLLC",,(800) 318-9950,,http://www.branumlawfirm.com/,"9600 S May Ave, Oklahoma City, OK 73159, USA",OK,"Oklahoma City, OK",4.9,63
Adler Markoff and Associates,,(405) 607-8757,,https://www.amalaw.com/?utm_source=GBP&utm_medium=GBP&utm_campaign=GBP_,"9211 Lake Hefner Pkwy #104, Oklahoma City, OK 73120, USA",OK,"Oklahoma City, OK",4.8,263
"Forbes & Renes, PLLC",,(405) 733-1990,,https://www.forbesandrenes.com/,"1800 S Midwest Blvd, Midwest City, OK 73110, USA",OK,"Oklahoma City, OK",4.9,237
Gowens Injury Law,,(405) 848-4444,,https://gowensinjurylaw.com/?utm_source=google&utm_medium=gbp&utm_campaign=gbp_listing&utm_content=website_button,"14624 Bogert Pkwy, Oklahoma City, OK 73134, USA",OK,"Oklahoma City, OK",4.9,86
Colbert Cooper Hill Attorneys,,(405) 347-8551,,https://www.getcolbert.com/,"415 NW 11th St, Oklahoma City, OK 73103, USA",OK,"Oklahoma City, OK",4.6,516
Cain Law,,(405) 883-4835,,https://cainlaw-okc.com/edmond/?utm_source=google&utm_medium=organic&utm_campaign=gbp_edmond,"829 E 33rd St, Edmond, OK 73013, USA",OK,"Oklahoma City, OK",4.9,32
The Law Office of Dakota C. Low,,(405) 601-8899,,https://dakotalow.com/?utm_source=google&utm_medium=organic&utm_campaign=gmb-listing,"925 W State Hwy 152, Mustang, OK 73064, USA",OK,"Oklahoma City, OK",5,24
Walsh & Franseen,,(405) 843-7600,,https://www.walshlawok.com/?utm_source=google&utm_medium=organic&utm_campaign=gbp,"200 E 10th Street Plaza Ste 150, Edmond, OK 73034, USA",OK,"Oklahoma City, OK",5,13
Daspit Law Firm,,(405) 901-1454,,https://www.daspitlaw.com/?utm_source=GMB&utm_medium=organic&utm_campaign=OKC,"1601 Northwest Expy #1710, Oklahoma City, OK 73118, USA",OK,"Oklahoma City, OK",4.5,47
Wandres Law - Oklahoma City Injury & Accident Attorneys,,(918) 716-5800,,https://www.injurylawyertulsa.com/,"3030 Northwest Expy 2nd Floor, Oklahoma City, OK 73118, USA",OK,"Oklahoma City, OK",5,4
McGuire Law Firm,,(405) 513-5658,,https://www.kentmcguirelaw.com/edmond/?utm_source=GMB%20edmond%20&utm_medium=organic&utm_campaign=Google%20Business,"200 E 10th Street Plaza, Edmond, OK 73034, USA",OK,"Oklahoma City, OK",4.6,32
"Todd Blasdel, PLLC - Attorney at Law",,(405) 876-7768,,http://www.blasdel-law.com/,"171 Stonebridge Blvd, Edmond, OK 73013, USA",OK,"Oklahoma City, OK",5,11
222 Injury Lawyers,,(918) 212-5518,,https://www.222injury.com/,"7301 Broadway Ext Suite 222, Oklahoma City, OK 73116, USA",OK,"Oklahoma City, OK",5,1
"Sherman A. Reed, P.C.",,(405) 361-5196,,https://personalinjuryattorneyokc.com/?utm_source=google-local&utm_medium=organic&utm_campaign=2537,"105 N Hudson Ave Ste 100, Oklahoma City, OK 73102, USA",OK,"Oklahoma City, OK",5,4
The Law Offices of James J. Pasquali,,(405) 605-8380,,https://pasqualilawfirm.com/?utm_source=google&utm_medium=organic&utm_campaign=gbp_main,"510 E Memorial Rd Ste C4, Oklahoma City, OK 73114, USA",OK,"Oklahoma City, OK",4.8,67
Morgan & Morgan,,(405) 253-7550,,https://www.forthepeople.com/office-locations/oklahoma/oklahoma-city/?utm_source=GMB&utm_medium=local&utm_campaign=OklahomaCityOKGMB,"101 Park Ave Ste 1350, Oklahoma City, OK 73102, USA",OK,"Oklahoma City, OK",4.7,440
Hicks Law Firm,,(405) 759-0515,,https://www.oklahomainjury.lawyer/,"1332 SW 89th St, Oklahoma City, OK 73159, USA",OK,"Oklahoma City, OK",5,7
Law Offices of Jon Friedman - Portland Car Accident & Injury Lawyers,,(503) 242-1440,,https://www.jonathanmfriedman.com/?utm_source=GMB&utm_medium=organic&utm_campaign=GoogleMyBusiness,"811 SW Naito Pkwy #610, Portland, OR 97204, USA",OR,"Portland, OR",5,161
Johnston Law Firm,,(503) 506-4102,,https://johnston-lawfirm.com/?utm_campaign=gmb&utm_source=gmb,"200 SW Market St #1900, Portland, OR 97201, USA",OR,"Portland, OR",4.9,155
Dawson Law Group: Car Accident & Injury Lawyers,,(503) 656-0400,,https://www.dawlaw.net/,"1020 SW Taylor St #445, Portland, OR 97205, USA",OR,"Portland, OR",5,102
Moseley Collins Law,,(503) 210-1990,,https://www.moseleycollins.com/portland-personal-injury-lawyers.html,"1012 SW King Ave Ste 104, Portland, OR 97205, USA",OR,"Portland, OR",5,1772
Portland Legal Group,,(503) 902-4260,,https://portlandlegalgroup.com/?utm_source=google&utm_medium=organic&utm_campaign=GMB,"9818 E Burnside St, Portland, OR 97216, USA",OR,"Portland, OR",5,510
Tillmann Law | Car Accident and Personal Injury Lawyers,,(503) 406-3883,,https://tillmannlaw.com/,"101 SW Main St #1905, Portland, OR 97204, USA",OR,"Portland, OR",4.8,91
Sears Injury Law,,(503) 446-5127,,https://searsinjurylaw.com/portland-personal-injury-lawyer/?utm_source=google&utm_medium=organic&utm_campaign=gbp,"7931 NE Halsey St #210, Portland, OR 97213, USA",OR,"Portland, OR",4.9,136
Rosenbaum Law Group,,(503) 288-8000,,https://www.rosenbaumlawgroup.com/,"1826 NE Broadway, Portland, OR 97232, USA",OR,"Portland, OR",4.9,56
Mayor Law: Car Accident & Wrongful Death Lawyer,,(503) 610-0005,,http://www.mayorlaw.com/,"111 SW 5th Ave Ste 3150, Portland, OR 97204, USA",OR,"Portland, OR",4.9,80
Goldberg & Loren,,(971) 339-8080,,https://goldbergloren.com/locations/portland-oregon/?utm_source=GMB&utm_medium=organic&utm_campaign=GoogleMyBusiness,"6500 S Macadam Ave Ste 380, Portland, OR 97239, USA",OR,"Portland, OR",4.6,483
"Kaplan Law, LLC",,(503) 226-3844,,https://www.mdkaplanlaw.com/?utm_source=google&utm_medium=local,"50 SW Pine St #302, Portland, OR 97204, USA",OR,"Portland, OR",4.7,50
DuBois Law Group - PDX Injury Law,,(503) 222-4411,,https://pdxinjurylaw.com/?UTM_source=GMB_listing&UTM_medium=organic,"1553 SE Tolman St, Portland, OR 97202, USA",OR,"Portland, OR",4.8,65
Elzinga & Associates LLC,,(503) 222-2033,,http://www.elzinga-law.com/,"1020 SW Taylor St Ste 888, Portland, OR 97205, USA",OR,"Portland, OR",5,139
"Michael A. Colbach, Attorney At Law, PC",,(503) 243-1900,,https://www.colbachlaw.com/,"434 NW 19th Ave, Portland, OR 97209, USA",OR,"Portland, OR",4.8,42
Rizk Law,,(503) 245-5677,,https://www.rizklaw.com/who-we-are/,"434 SW Iowa St, Portland, OR 97239, USA",OR,"Portland, OR",4.7,83
Bridge City Law Injury Accident & Injury Lawyers,,(503) 274-0404,,https://bridgecitylawfirm.com/,"610 SW Alder St Ste 600, Portland, OR 97205, USA",OR,"Portland, OR",4.9,245
Law Office of Chad Stavley,,(503) 546-8812,,https://www.stavleylaw.com/,"434 NW 19th Ave, Portland, OR 97209, USA",OR,"Portland, OR",5,95
ELG Injury Lawyers - Portland,,(503) 461-5256,,https://elginjurylaw.com/?utm_source=GBP+portland,"1111 NE Flanders St #201, Portland, OR 97232, USA",OR,"Portland, OR",4.9,104
Hooton & Chen LLP,,(503) 644-8686,,https://hclawllp.com/,"4225 SW Huber St #440, Portland, OR 97219, USA",OR,"Portland, OR",5,162
Rob Kline Personal Injury Lawyer,,(503) 907-9215,,https://klinelawpc.com/?utm_source=gbp&utm_medium=organic&utm_campaign=gbp-website-portland,"520 SW 6th Ave #1200, Portland, OR 97204, USA",OR,"Portland, OR",4.9,56
The Advocates Injury Attorneys,,(503) 966-3172,,https://www.advocateslaw.com/?utm_source=google&utm_medium=local&utm_campaign=gmb-portland,"400 SW 6th Ave #610, Portland, OR 97204, USA",OR,"Portland, OR",4.9,127
Parke Gordon Law,,(971) 373-4878,,https://www.parkegordon.com/oregon/portland/law-office,"1717 NE 42nd Ave Ste 2104, Portland, OR 97213, USA",OR,"Portland, OR",5,13
"Christopher T. Hill, PC",,(503) 227-4330,,https://www.portlandinjurylaw.com/,"300 SE 80th Ave, Portland, OR 97215, USA",OR,"Portland, OR",4.7,13
D'Amore Law Group,,(971) 715-0320,,https://damorelaw.com/portland-personal-injury-lawyers/?utm_campaign=portland&utm_medium=organic&utm_source=gmb,"1050 SW 6th Ave #1100, Portland, OR 97204, USA",OR,"Portland, OR",4.9,57
Herron Law,,(503) 367-0829,,https://www.portlandinjuryfirm.com/,"5285 Meadows Rd #204, Lake Oswego, OR 97035, USA",OR,"Portland, OR",5,45
Lowe Law Group,,(503) 610-4423,,https://www.lowelawgroup.com/portland/?utm_source=GMB&utm_medium=organic&utm_campaign=portland,"9221 SW Barbur Blvd Unit 105, Portland, OR 97219, USA",OR,"Portland, OR",4.9,181
Sheldon Aronson,,(503) 224-2411,,http://www.sheldonaronson.com/,"5603 S Hood Ave, Portland, OR 97239, USA",OR,"Portland, OR",5,84
"Law Office of Danny Kim, PC",,(971) 269-9306,,http://www.dhklawoffice.com/,"4560 SW 110th Ave #200, Beaverton, OR 97005, USA",OR,"Portland, OR",5,98
Schauermann Thayer,,(360) 695-4244,,https://www.stlaw.com/,"1700 E 4th Plain Blvd, Vancouver, WA 98661, USA",OR,"Portland, OR",4.9,196
"The Law Office of Steve Seal, LLC",,(503) 577-0137,,http://www.steveseallaw.com/,"300 SE 80th Ave, Portland, OR 97215, USA",OR,"Portland, OR",4.9,50
"Levin and Levine, LLP",,(503) 946-8708,,http://www.levinandlevine.com/,"4380 S Macadam Ave #230, Portland, OR 97239, USA",OR,"Portland, OR",5,119
"Portland Car Accident Lawyers, Leahy Cox",,(503) 987-3780,,https://emeraldlaw.com/,"80 SE Madison St #240, Portland, OR 97214, USA",OR,"Portland, OR",5,1
"Aldrich & Brunot, LLC",,(503) 536-1737,,https://aldrichbrunot.com/,"22 NW 23rd Pl #203, Portland, OR 97210, USA",OR,"Portland, OR",5,39
Morgan & Morgan,,(503) 889-2660,,https://www.forthepeople.com/office-locations/oregon/portland/?utm_source=GMB&utm_medium=local&utm_campaign=PortlandORGMB,"1050 SW 6th Ave Office 36, Portland, OR 97204, USA",OR,"Portland, OR",4.7,516
Law Offices of Timothy Grabe,,(971) 645-7176,,https://www.timgrabeattorney.com/,"909 SW St Clair Ave Ste 1C, Portland, OR 97205, USA",OR,"Portland, OR",4.9,16
Monge & Associates Injury and Accident Attorneys,,(503) 476-9679,,https://www.becauseyouwanttowin.com/portland-oregon-personal-injury-lawyer/,"80 SE Madison St Ste #239, Portland, OR 97214, USA",OR,"Portland, OR",4.9,12
"Tim Jones, Attorney at Law",,(503) 374-1414,,https://timjonespc.com/,"101 SW Main St Unit 910, Portland, OR 97204, USA",OR,"Portland, OR",4.9,27
"Thomas, Coon, Newton & Frost",,(503) 228-5222,,https://www.tcnf.legal/,"820 SW 2nd Ave Ste 200, Portland, OR 97204, USA",OR,"Portland, OR",4.9,177
"Dr. Aaron DeShaw, Esq., P.C.",,(503) 832-5769,,https://www.deshawlaw.com/?utm_campaign=gmb,"2350 NW York St, Portland, OR 97210, USA",OR,"Portland, OR",5,9
Merkel & Conner | Personal Injury and Estate Planning | Portland Car Accident Lawyers,,(503) 222-0056,,http://www.merkelandconner.com/,"Previously Chase Bank Building, 2121 SW 4th Ave Ste 303, Portland, OR 97201, USA",OR,"Portland, OR",4.7,33
"Johnson Law, P.C.",,(971) 205-3266,,https://johnsonlaw.com/,"1323 NE Orenco Station Pkwy Ste. 210, Hillsboro, OR 97124, USA",OR,"Portland, OR",4.9,142
KB Law LLC,,(503) 206-8122,,http://www.kblawpdx.com/,"1717 NE 42nd Ave #3210, Portland, OR 97213, USA",OR,"Portland, OR",5,19
Etengoff Pak Law Group - Vancouver Personal Injury Attorney,,(360) 342-2151,,https://www.vancouverwainjurylawyer.com/?utm_source=local&utm_medium=organic&utm_campaign=gmb,"605 E McLoughlin Blvd Ste. 206, Vancouver, WA 98663, USA",OR,"Portland, OR",4.9,127
Forum Law Group LLC,,(503) 445-2100,,http://www.forumlawgroup.com/,"1205 NW 25th Ave, Portland, OR 97210, USA",OR,"Portland, OR",5,38
Pacific Injury Law Firm,,(971) 277-3811,,https://pacificinjurylawfirm.com/,"519 SW Park Ave #503, Portland, OR 97205, USA",OR,"Portland, OR",5,4
Eder Sturm Eder,,(503) 227-4601,,https://www.edersturm.com/,"278 SW Arthur St, Portland, OR 97201, USA",OR,"Portland, OR",4.9,147
"Wm. Keith Dozier, Trial Attorney",,(503) 594-0333,,https://www.wkd-law.com/?utm_source=google_business_profile&utm_medium=search,"385 1st St Ste 217, Lake Oswego, OR 97034, USA",OR,"Portland, OR",5,20
"The Law Office of Randall J. Wolfe, P.C.",,(503) 598-3500,,http://www.attorneywolfe.com/,"4000 Kruse Way Pl #3, Lake Oswego, OR 97035, USA",OR,"Portland, OR",5,76
"Neal Weingart, Attorney at Law",,(503) 379-9933,,http://www.pdxpersonalinjurycases.com/,"820 SW 2nd Ave Ste 200, Portland, OR 97204, USA",OR,"Portland, OR",5,14
"Dwyer Williams Cherkoss Attorneys, PC",,(503) 688-5005,,https://www.roydwyer.com/,"111 SW Columbia St #710, Portland, OR 97201, USA",OR,"Portland, OR",4.9,33
"Gemma Law Associates, INC",,(401) 307-5587,,https://www.gemmalaw.com/?utm_source=google&utm_medium=organic&utm_campaign=gbp-listing-providence,"231 Reservoir Ave, Providence, RI 02907, USA",RI,"Providence, RI",4.9,519
"The Bottaro Law Firm, LLC",,(401) 777-7777,,https://bottarolaw.com/,"756 Eddy St, Providence, RI 02903, USA",RI,"Providence, RI",4.9,1319
"Law Offices of Ronald J. Resmini, Accident & Injury Lawyers, Ltd.",,(401) 903-3017,,https://www.resminilawoffices.com/?utm_source=GMB&utm_medium=organic&utm_campaign=Providence,"365 Eddy St 2nd Floor, Providence, RI 02903, USA",RI,"Providence, RI",5,353
"Marasco & Nesselbush, LLP",,(401) 593-6306,,https://www.m-n-law.com/providence/?utm_source=google&utm_medium=organic&utm_campaign=gbp-providence,"685 Westminster St, Providence, RI 02903, USA",RI,"Providence, RI",4.8,553
Louis W. Grande Injury Lawyer,,(401) 237-7380,,https://louisgrande.com/,"395 Smith St, Providence, RI 02908, USA",RI,"Providence, RI",5,216
"d'Oliveira & Associates, p.c.",,(401) 831-8600,,https://www.good-legal-advice.com/rhode-island/providence/car-accident-lawyer/,"390 Broadway, Providence, RI 02909, USA",RI,"Providence, RI",4.9,136
Law Offices of Lawrence J. Signore,,(401) 273-3000,,https://www.therhodelawyer.com/,"128 Dorrance St Ste 530, Providence, RI 02903, USA",RI,"Providence, RI",5,243
"Tapalian Law-David C. Tapalian, Esq.",,(401) 573-1647,,https://www.tapinjury.com/,"350 S Main St F2, Providence, RI 02903, USA",RI,"Providence, RI",4.9,371
Rob Levine Law,,(401) 424-5241,,https://www.roblevine.com/providence/personal-injury-attorney/?utm_source=google&utm_medium=organic&utm_campaign=gbp-providence,"130 Westminster St #114, Providence, RI 02903, USA",RI,"Providence, RI",4.7,4651
Morgan & Morgan,,(401) 824-7855,,https://www.forthepeople.com/office-locations/rhode-island/providence/?utm_source=GMB&utm_medium=local&utm_campaign=ProvidenceRIGMB,"56 Exchange Ter Ste 500, Providence, RI 02903, USA",RI,"Providence, RI",4.8,490
"d'Oliveira & Associates, p.c.",,(401) 431-1990,,https://www.good-legal-advice.com/rhode-island/east-providence/,"2540 Pawtucket Ave, East Providence, RI 02914, USA",RI,"Providence, RI",4.8,180
"The Bottaro Law Firm, LLC",,(401) 777-7777,,https://bottarolaw.com/east-providence/?utm_source=google&utm_medium=local&utm_campaign=eastprovidence,"2464 Pawtucket Ave, East Providence, RI 02914, USA",RI,"Providence, RI",5,111
Simone & Simone LLP,,(401) 321-2020,,https://smlawri.com/,"128 Dorrance St Ste 530, Providence, RI 02903, USA",RI,"Providence, RI",5,83
"Mandell, Boisclair & Mandell, Ltd",,(401) 273-8330,,https://www.mbmjustice.com/?utm_source=GMB&utm_medium=organic&utm_campaign=Providence,"1 Park Row 2nd floor, Providence, RI 02903, USA",RI,"Providence, RI",4.9,63
Law Offices of Michael F. Campopiano,,(401) 288-3888,,https://mfclaw.com/,"21 Douglas Ave, Providence, RI 02908, USA",RI,"Providence, RI",5,150
"Weber, Bednarz, Randell & Young, LLP",,(401) 296-3516,,https://www.wbrylaw.com/,"478A Broadway, Providence, RI 02909, USA",RI,"Providence, RI",5,115
ACE Injury Attorneys,,(888) 333-9833,,https://www.aceinjury.com/,"10 Dorrance St Ste 500, Providence, RI 02903, USA",RI,"Providence, RI",5,65
"d'Oliveira & Associates, p.c.",,(401) 365-6001,,https://www.good-legal-advice.com/rhode-island/pawtucket/,"267 Newport Ave, Pawtucket, RI 02861, USA",RI,"Providence, RI",4.9,306
"Marasco & Nesselbush, LLP",,(401) 593-9220,,https://www.m-n-law.com/east-providence/?utm_source=google&utm_medium=organic&utm_campaign=gbp-eastprovidence,"2224 Pawtucket Ave, East Providence, RI 02914, USA",RI,"Providence, RI",5,124
Mike Lombardi Injury Lawyers,,(401) 900-0000,,https://www.lombardilawoffice.com/,"First Floor, 1011 Smith St Ste 1, Providence, RI 02908, USA",RI,"Providence, RI",4.9,166
"d'Oliveira & Associates, p.c.",,(401) 275-2039,,https://www.good-legal-advice.com/rhode-island/cranston/,"751 Reservoir Ave, Cranston, RI 02910, USA",RI,"Providence, RI",5,115
"Orabona Law Offices, P.C.",,(401) 272-0800,,http://www.orabonalaw.com/,"129 Dorrance St, Providence, RI 02903, USA",RI,"Providence, RI",5,793
"d'Oliveira & Associates, p.c.",,(401) 490-6907,,https://www.good-legal-advice.com/rhode-island/warwick/,"120 Lavan St Ste 1, Warwick, RI 02888, USA",RI,"Providence, RI",5,197
Kevin P Landry Law Offices,,(401) 751-0101,,http://klandrylaw.com/law-office-locations/personal-injury-lawyer-providence-ri/,"717 Allens Ave #102, Providence, RI 02905, USA",RI,"Providence, RI",5,33
Law Office of Stephen J. Dennis,,(401) 453-1355,,https://stephenjdennis.com/,"127 Dorrance St, Providence, RI 02903, USA",RI,"Providence, RI",4.5,102
"The Bottaro Law Firm, LLC",,(401) 777-7777,,https://bottarolaw.com/pawtucket/?utm_source=google&utm_medium=local&utm_campaign=pawtucket,"1155 Newport Ave, Pawtucket, RI 02861, USA",RI,"Providence, RI",4.9,148
"The Bottaro Law Firm, LLC",,(401) 777-7777,,https://bottarolaw.com/warwick/?utm_source=google&utm_medium=local&utm_campaign=warwickgmb,"1550 Post Rd Suite A, Warwick, RI 02888, USA",RI,"Providence, RI",4.9,135
D'Amico.Burchfield LLP,,(401) 454-1212,,http://www.dblawri.com/,"536 Atwells Ave Ste 1, Providence, RI 02909, USA",RI,"Providence, RI",4.9,128
"Kirshenbaum & Kirshenbaum, Attorneys at Law, Inc",,(401) 946-3200,,https://www.kirshenbaumri.com/,"117 Metro Center Blvd 1003 Ste 1003, Warwick, RI 02886, USA",RI,"Providence, RI",4.9,190
The Law Office Of Mark B. Morse LLC,,(401) 831-0555,,https://www.morselawoffice.com/,"420 Angell St Ste 2, Providence, RI 02906, USA",RI,"Providence, RI",4.6,19
Ciccone Coughlin Law Associates,,(401) 351-7800,,http://www.cicconelaw.com/,"999 Westminster St, Providence, RI 02903, USA",RI,"Providence, RI",5,47
Monge & Associates Injury and Accident Attorneys,,(401) 420-5728,,https://www.becauseyouwanttowin.com/providence-personal-injury-lawyer/,"245 Waterman St Ste 202a, Providence, RI 02906, USA",RI,"Providence, RI",5,17
"d'Oliveira & Associates, p.c.",,(401) 490-3549,,https://www.good-legal-advice.com/rhode-island/johnston/,"1395 Atwood Ave Ste 209F, Johnston, RI 02919, USA",RI,"Providence, RI",5,39
"Robert V. Russo Law Offices, LLC",,(401) 237-0330,,https://www.robertrussolawoffice.com/,"1011 Smith St Suite 2, Providence, RI 02908, USA",RI,"Providence, RI",4.6,52
"Decof, Mega & Quinn, P.C.",,(401) 200-4059,,https://www.decof.com/,"1 Smith St, Providence, RI 02903, USA",RI,"Providence, RI",5,46
Ricci Law Associates,,(401) 454-1405,,http://riccilawri.com/,"1650 Smith St, North Providence, RI 02911, USA",RI,"Providence, RI",4.8,58
Joseph J Voccola & Associates,,(401) 751-3900,,http://www.voccolalaw.com/,"454 Broadway, Providence, RI 02909, USA",RI,"Providence, RI",4.2,131
"Kiernan, Plunkett & Redihan, LLP",,(401) 831-2900,,https://www.kprlaw.com/?utm_source=gbp&utm_medium=organic&utm_campaign=gbp-listing&utm_content=providence,"146 Westminster St 5th Floor, Providence, RI 02903, USA",RI,"Providence, RI",4.6,22
Karns & Kerrison,,(401) 841-5300,,https://www.karnskerrisonlaw.com/?utm_source=GMB&utm_medium=organic&utm_campaign=Providence,"128 Dorrance St Suite 250, Providence, RI 02903, USA",RI,"Providence, RI",4.7,38
Petrarca & Petrarca Law Office,,(401) 273-1111,,https://petrarcalaw.com/,"330 Silver Spring St, Providence, RI 02904, USA",RI,"Providence, RI",4.6,20
"Audette, Audette & Violette, LLC",,(401) 490-0220,,https://www.aavlawfirm.com/,"35 Highland Ave, East Providence, RI 02914, USA",RI,"Providence, RI",4.8,57
Martinous Law Associates,,(401) 277-2900,,http://martinouslaw.com/,"999 Westminster St, Providence, RI 02903, USA",RI,"Providence, RI",4.7,60
Tapalian Law,,(401) 552-5000,,https://www.tapinjury.com/,"3 Williams St, Providence, RI 02903, USA",RI,"Providence, RI",5,6
Cicilline Law Offices,,(401) 273-5600,,,"381 Atwells Ave, Providence, RI 02909, USA",RI,"Providence, RI",4.9,335
"The Law Office of David Morowitz, Ltd.",,(401) 274-5556,,http://www.morowitzlaw.com/,"35 Highland Ave, East Providence, RI 02914, USA",RI,"Providence, RI",5,10
John N Calvino Law Associates,,(401) 785-9400,,https://www.calvinolaw.com/,"373 Elmwood Ave, Providence, RI 02907, USA",RI,"Providence, RI",4.4,97
"Pacia & Pacia, LLP",,(401) 781-1492,,https://pacia-law.com/,"50 Power Rd, Pawtucket, RI 02860, USA",RI,"Providence, RI",5,173
"ODU Law Firm, LLC",,(401) 209-2029,,http://www.odulawfirm.com/,"888 Reservoir Ave 2nd FL, Cranston, RI 02910, USA",RI,"Providence, RI",4.9,64
Keches Law Group,,(401) 337-7070,,https://kecheslaw.com/,"101 Dyer St, Providence, RI 02903, USA",RI,"Providence, RI",4.4,11
401 ABOGADO,,(401) 226-4236,,https://www.401abogado.com/,"395 Smith St, Providence, RI 02908, USA",RI,"Providence, RI",5,18
The Stanley Law Group,,(803) 799-4700,,https://www.thestanleylawgroup.com/,"1418 Park St, Columbia, SC 29201, USA",SC,"Columbia, SC",4.9,780
Jeffcoat Injury and Car Accident Lawyers,,(803) 373-1668,,https://scinjurylawfirm.com/?utm_source=GMBlisting&utm_medium=organic&utm_campaign=columbia,"1333 Main St #510, Columbia, SC 29201, USA",SC,"Columbia, SC",5,2488
"Goings Law Firm, LLC",,(803) 855-1046,,https://www.goingslawfirm.com/?utm_source=GMB&utm_medium=organic&utm_campaign=Columbia,"1510 Calhoun St, Columbia, SC 29201, USA",SC,"Columbia, SC",5,805
"Cavanaugh & Thickens, LLC",,(803) 888-2200,,https://www.ctlawsc.com/columbia/personal-injury/,"1717 Marion St, Columbia, SC 29201, USA",SC,"Columbia, SC",4.9,375
The Louthian Law Firm,,(803) 712-4771,,https://louthianlaw.com/columbia-south-carolina-car-accident-lawyer-personal-injury-attorney-near-you/?utm_source=GMB&utm_medium=organic&utm_campaign=Columbia,"1513 Hampton St, Columbia, SC 29201, USA",SC,"Columbia, SC",4.9,217
"Law Office of Kenneth E. Berger, LLC",,(803) 790-2800,,http://www.bergerlawsc.com/,"5205 Forest Dr, Columbia, SC 29206, USA",SC,"Columbia, SC",5,173
"Lee Injury Law, LLC",,(803) 855-1012,,https://leeinjury.com/,"1417 Calhoun St, Columbia, SC 29201, USA",SC,"Columbia, SC",4.9,148
Marc Brown Law Firm,,(803) 848-0008,,https://www.marcbrownlawfirm.com/?utm_source=google&utm_medium=organic&utm_campaign=gbp,"1530 Richland St, Columbia, SC 29201, USA",SC,"Columbia, SC",4.9,267
Joye Law Firm Injury Lawyers,,(803) 618-4189,,http://www.joyelawfirm.com/columbia/,"1333 Main St #260, Columbia, SC 29201, USA",SC,"Columbia, SC",4.9,532
"Woron & Dhillon - Columbia, SC Car Accident & Personal Injury Lawyers",,(803) 676-1900,,https://www.wdinjurylaw.com/,"1328 Richland St, Columbia, SC 29201, USA",SC,"Columbia, SC",5,111
"McWhirter, Bellinger & Associates, P.A. Attorneys at Law",,(803) 408-7137,,https://www.mcwhirterlaw.com/columbia-sc-office/?utm_source=google&utm_medium=organic&utm_campaign=gbp-listing-columbia,"1807 Hampton St, Columbia, SC 29201, USA",SC,"Columbia, SC",4.8,708
Burriss Ridgeway Injury Lawyers,,(803) 451-4000,,https://burrisslaw.com/?utm_source=GMB&utm_medium=Organic,"820 Gracern Rd, Columbia, SC 29210, USA",SC,"Columbia, SC",4.9,526
The Thumbs Up Guys - Personal Injury Attorneys,,(803) 219-4449,,https://mdswlegal.com/columbia-personal-injury-lawyer/?utm_source=google&utm_medium=organic&utm_campaign=gbp-listing-columbia,"914 Richland St Bldg C, Columbia, SC 29201, USA",SC,"Columbia, SC",4.8,183
Stewart Law Offices - Injury & Car Accident Lawyers,,(803) 743-4200,,https://www.stewartlawoffices.net/columbia-personal-injury-lawyer/?utm_source=google&utm_medium=organic&utm_campaign=gbp_columbia,"10 Calendar Ct #100, Columbia, SC 29206, USA",SC,"Columbia, SC",4.9,205
Law Offices of S. Chris Davis,,(803) 779-2000,,https://lawofficesofschrisdavis.com/,"1720 Main St UNIT 102, Columbia, SC 29201, USA",SC,"Columbia, SC",5,268
The Solomon Law Group,,(803) 391-3120,,https://solomonlawsc.com/,"3501 N Main St, Columbia, SC 29203, USA",SC,"Columbia, SC",4.9,254
Best And Flatt PA,,(803) 252-1800,,http://www.bestandflatt.com/,"3016 Millwood Ave, Columbia, SC 29205, USA",SC,"Columbia, SC",5,116
"Rikard & Protopapas, LLC",,(803) 721-3057,,https://rplegalgroup.com/?utm_source=google&utm_medium=organic&utm_campaign=gmb_listing_columbia,"2110 N Beltline Blvd, Columbia, SC 29204, USA",SC,"Columbia, SC",4.8,181
Jamie Casino Injury Attorneys,,(803) 373-0375,,https://jamiecasinoinjuryattorneys.com/columbia-personal-injury-lawyer/?utm_source=google&utm_medium=organic&utm_campaign%20%20=gmb-Columbia,"1507 Richland St, Columbia, SC 29201, USA",SC,"Columbia, SC",5,180
George Sink Injury Lawyers,,(803) 999-2993,,https://www.sinklaw.com/columbia/?utm_source=google&utm_medium=columbia-sc,"1440 Broad River Rd, Columbia, SC 29210, USA",SC,"Columbia, SC",4.6,785
"Price Benowitz Accident Injury Lawyers, LLP",,(803) 381-9750,,https://pricebenowitz.com/columbia-injury/?utm_source=GBP&utm_medium=GBP&utm_campaign=GBP_Columbia&utm_id=GBP_Columbia,"1614 Taylor St Ste d-2, Columbia, SC 29201, USA",SC,"Columbia, SC",4.9,62
Jeffcoat Injury and Car Accident Lawyers,,(803) 373-1302,,https://scinjurylawfirm.com/lexington-personal-injury-lawyer/?utm_source=google&utm_medium=organic&utm_campaign=lexington,"5465 Sunset Blvd Suite B, Lexington, SC 29072, USA",SC,"Columbia, SC",4.9,146
"Popowski & Shirley, P.A.",,(803) 799-2100,,https://popowskishirleyattorneys.com/,"1430 Blanding St, Columbia, SC 29201, USA",SC,"Columbia, SC",4.9,129
"TED Law Accident and Injury Law Firm, LLC",,(803) 525-2566,,https://www.tedlaw.com/columbia-car-accident-lawyer/columbia-personal-injury-lawyer/,"1313 Elmwood Ave, Columbia, SC 29201, USA",SC,"Columbia, SC",5,8
"Dayson Shalabi Burkett Law Firm, LLC (DSB Law)",,(803) 973-0304,,https://dsblawfirm.com/columbia-office/?utm_source=google&utm_medium=organic&utm_campaign=gmb_listing_columbia,"1913 Bull St, Columbia, SC 29201, USA",SC,"Columbia, SC",4.9,135
"Proffitt & Cox, LLP",,(803) 834-7097,,https://www.proffittcox.com/,"140 Wildewood Park Dr # A, Columbia, SC 29223, USA",SC,"Columbia, SC",4.8,75
"Lourie Law Firm, LLC",,(803) 799-9805,,https://www.lourielawfirm.com/,"1450 Harden Street Extension, Columbia, SC 29201, USA",SC,"Columbia, SC",5,76
"Smith Born Leventis Taylor & Vega, LLC",,(803) 599-2207,,https://www.sbltv.law/,"2801 Devine St #300, Columbia, SC 29205, USA",SC,"Columbia, SC",5,247
Hewett Diamaduros Law Firm,,(803) 592-6759,,https://hdlawsc.com/?utm_source=google&utm_medium=Organic&utm_campaign=GMB,"2010 Gadsden St, Columbia, SC 29201, USA",SC,"Columbia, SC",5,104
Samuels Reynolds Law Firm,,(803) 779-4000,,https://www.samuelsreynolds.com/,"1320 Richland St, Columbia, SC 29201, USA",SC,"Columbia, SC",4.9,133
"Mike Kelly Law Group, LLC",,(803) 726-0123,,http://www.mklawgroup.com/?utm_source=GMBlisting&utm_medium=organic,"1523 Huger St Ste a, Columbia, SC 29201, USA",SC,"Columbia, SC",4.9,176
"Law Office of Nicholas G. Callas, P.A.",,(803) 369-3968,,https://scdisabilitylawyer.com/,"1901 Gadsden St Ste B, Columbia, SC 29201, USA",SC,"Columbia, SC",5,419
Kassel Mcvey,,(803) 256-4242,,https://www.kasselmcvey.com/,"1330 Laurel St, Columbia, SC 29201, USA",SC,"Columbia, SC",5,47
Attorneys Lee Eadon Isgett Popwell & Owens,,(803) 799-9811,,https://www.leiplaw.com/,"1314 Lincoln St #1, Columbia, SC 29201, USA",SC,"Columbia, SC",4.8,81
Strom Law Firm,,(803) 252-4800,,https://stromlaw.com/,"6923 N Trenholm Rd, Columbia, SC 29206, USA",SC,"Columbia, SC",4.6,260
Jessica Corley Law Firm,,(803) 310-5377,,https://www.jessicacorley.com/,"1022 State St Bldg 1, Cayce, SC 29033, USA",SC,"Columbia, SC",5,39
CEO Lawyer Personal Injury Law Firm,,(803) 233-3676,,https://ceolawyer.com/columbia-personal-injury/?utm_source=google&utm_medium=GBP&utm_campaign=ColumbiaGBP&utm_content=website,"100 Ashland Park Ln Ste J, Columbia, SC 29210, USA",SC,"Columbia, SC",4.9,37
The Wilson PC,,(803) 284-8457,,https://www.thewilsonpc.com/areas-we-serve/columbia-sc/workers-compensation-lawyer/?utm_source=google&utm_medium=organic&utm_campaign=gbp&utm_content=columbia,"1320 Main St Suite 300, Columbia, SC 29201, USA",SC,"Columbia, SC",5,13
"Law Office of Joshua P. Golson, LLC",,(803) 284-8573,,https://www.joshgolsonlaw.com/?utm_source=Organic&utm_medium=GBP&utm_campaign=columbia-sc,"1727 Hampton St, Columbia, SC 29201, USA",SC,"Columbia, SC",4.9,27
Anastopoulo Law Firm,,(803) 525-5286,,http://www.akimlawfirm.com/,"Barringer Building, 1350 Main St, Columbia, SC 29201, USA",SC,"Columbia, SC",4.7,320
John Mobley Law Firm,,(803) 933-0010,,https://johnmobley.com/,"925 Calhoun St, Columbia, SC 29201, USA",SC,"Columbia, SC",4.7,94
Brown Law Firm,,(803) 888-5000,,http://brownlf.com/,"2000 Park St #100, Columbia, SC 29201, USA",SC,"Columbia, SC",4.9,44
"Whetstone Perkins & Fulda, LLC",,(803) 805-7434,,https://attorneyssc.com/?utm_source=GBP&utm_medium=GBP&utm_campaign=GBP_,"1620 Gervais St, Columbia, SC 29201, USA",SC,"Columbia, SC",5,37
Shelly Leeke Law Firm,,(803) 281-6054,,https://www.leekelaw.com/personal-injury-lawyer/south-carolina/columbia/?utm_source=google&utm_medium=organic&utm_campaign=gbp-listing-columbia,"1111 Laurel St, Columbia, SC 29201, USA",SC,"Columbia, SC",4.4,179
MBJ Nursing Home Abuse & Medical Malpractice Lawyers Columbia,,(803) 866-5707,,https://www.mannblake.com/?utm_source=GMB&utm_medium=organic&utm_campaign=columbia,"1619 Sumter St, Columbia, SC 29201, USA",SC,"Columbia, SC",5,58
"Simmons Law Firm, LLC - Columbia Injury Lawyers",,(803) 779-4600,,https://www.simmonslawfirm.com/,"1711 Pickens St, Columbia, SC 29201, USA",SC,"Columbia, SC",4.6,16
"Dessausure Law Firm, P.A.",,(803) 771-0042,,https://www.dessausurelaw.com/?npcmp=dir:local:3232845:29201,"1928 Barnwell St, Columbia, SC 29201, USA",SC,"Columbia, SC",4.4,29
"Derrick Law Firm Injury Lawyers, PC",,(843) 488-5102,,https://www.derricklawfirm.com/?utm_source=google&utm_medium=GMB&utm_campaign=GMB_Listings,"1500 Richland St Ste A, Columbia, SC 29201, USA",SC,"Columbia, SC",5,38
The Deyaska Spencer Law Firm,,(803) 764-3639,,https://deyaskalaw.com/,"1522 Lady St, Columbia, SC 29201, USA",SC,"Columbia, SC",4.9,88
"HawkLaw, P.A.",,(803) 887-2492,,https://www.hawklawfirm.com/locations/columbia/?utm_source=google&utm_medium=organic&utm_campaign=gbp,"140 Stoneridge Dr Ste 430, Columbia, SC 29210, USA",SC,"Columbia, SC",4.7,106
King Law Firm,,(605) 332-4000,,https://www.davidkinglawfirm.com/,"101 N Phillips Ave Ste 602, Sioux Falls, SD 57104, USA",SD,"Sioux Falls, SD",4.9,167
Janklow Abdallah Law Firm,,(605) 338-4304,,http://janklowabdallah.com/,"101 S Main Ave #100, Sioux Falls, SD 57104, USA",SD,"Sioux Falls, SD",4.9,151
Merkle Law Firm,,(605) 339-1420,,https://www.merklelaw.com/,"5032 S Bur Oak Pl Unit 220, Sioux Falls, SD 57108, USA",SD,"Sioux Falls, SD",5,71
Hoy Law,,(605) 334-8900,,https://www.hoylaw.com/,"4900 S Minnesota Ave Ste 200, Sioux Falls, SD 57108, USA",SD,"Sioux Falls, SD",4.7,98
Lowe Law Group,,(605) 597-7976,,https://www.lowelawgroup.com/sioux-falls/?utm_source=GMB&utm_medium=organic&utm_campaign=siouxfalls,"4809 W 41st St #100, Sioux Falls, SD 57106, USA",SD,"Sioux Falls, SD",4.9,109
Even Law Firm,,(605) 339-6080,,https://www.siouxfallspersonalinjurylawfirm.com/,"100 S Spring Ave #100, Sioux Falls, SD 57104, USA",SD,"Sioux Falls, SD",5,22
"Alvine Law Firm, LLP",,(605) 275-0808,,https://www.alvinelaw.com/?npcmp=dir:local:5063376:57104,"809 W 10th St, Sioux Falls, SD 57104, USA",SD,"Sioux Falls, SD",4.4,74
HPS Law Firm,,(605) 252-9277,,https://www.hpslawfirm.com/?npcmp=dir:local:4901745:57108,"101 W 69th St Ste 105A, Sioux Falls, SD 57108, USA",SD,"Sioux Falls, SD",4.8,50
The Accident Guys,,(605) 600-5831,,https://calltheaccidentguys.com/sioux-falls?utm_source=google&utm_medium=organic&utm_campaign=googlemybusiness,"108 E 38th St #100, Sioux Falls, SD 57105, USA",SD,"Sioux Falls, SD",5,2
Christensen Law Office PC,,(605) 335-1778,,http://www.siouxfallslaw.com/,"431 N Phillips Ave, Sioux Falls, SD 57104, USA",SD,"Sioux Falls, SD",4.6,53
Monge & Associates Injury and Accident Attorneys,,(605) 777-0963,,https://www.becauseyouwanttowin.com/sioux-falls-personal-injury-lawyer/,"927 E 8th St Ste 104, Sioux Falls, SD 57103, USA",SD,"Sioux Falls, SD",5,8
"Northern Plains Justice, LLP",,(605) 644-5003,,https://northernplainsjustice.com/?utm_source=google&utm_medium=organic&utm_campaign=gbp_main,"4301 W 57th St Unit 121, Sioux Falls, SD 57108, USA",SD,"Sioux Falls, SD",4.7,21
Morgan & Morgan,,(605) 906-6555,,https://www.forthepeople.com/office-locations/south-dakota/sioux-falls/?utm_source=GMB&utm_medium=local&utm_campaign=SiouxFallsSDGMB,"101 S Reid St Suite 307, Sioux Falls, SD 57103, USA",SD,"Sioux Falls, SD",4.8,142
Johnson Janklow Abdallah,,(605) 338-4304,,https://janklowabdallah.com/,"101 S Main Ave #100, Sioux Falls, SD 57104, USA",SD,"Sioux Falls, SD",5,20
"Radke Law Office, P.C.",,(605) 575-2603,,http://radkelaw.com/,"3500 S 1st Ave Cir Unit 201, Sioux Falls, SD 57105, USA",SD,"Sioux Falls, SD",4.1,17
"Nasser Law Firm, P.C.",,(605) 335-0001,,https://www.nasserlaw.com/,"204 S Main Ave, Sioux Falls, SD 57104, USA",SD,"Sioux Falls, SD",4.9,7
Scott Abdallah Law,,(605) 338-4304,,http://janklowabdallah.com/,"101 S Main Ave #100, Sioux Falls, SD 57104, USA",SD,"Sioux Falls, SD",5,8
"Myers Billion, LLP",,(605) 336-3700,,http://www.myersbillion.com/,"230 S Phillips Ave #300, Sioux Falls, SD 57104, USA",SD,"Sioux Falls, SD",4.9,72
Ryan Duffy Law,,(605) 271-1819,,https://www.ryanduffylaw.com/?utm_source=GMBHomepage&utm_medium=organic,"524 N Main Ave Unit 110, Sioux Falls, SD 57104, USA",SD,"Sioux Falls, SD",5,161
Russ Janklow Law,,(605) 338-4304,,https://janklowabdallah.com/our-attorneys/russ-janklow,"101 S Main Ave #100, Sioux Falls, SD 57104, USA",SD,"Sioux Falls, SD",5,6
"Peterson Law Office, P.C.",,(605) 331-1031,,http://johnpetersonlaw.com/,"6201 E Silver Maple Cir #102, Sioux Falls, SD 57110, USA",SD,"Sioux Falls, SD",5,3
"Boyce Law Firm, LLP",,(605) 336-2424,,https://boycelaw.com/,"300 S Main Ave, Sioux Falls, SD 57104, USA",SD,"Sioux Falls, SD",4.2,21
"Beck Law, Prof., LLC",,(605) 303-8766,,https://www.becklawsd.com/,"221 S Phillips Ave Unit 204, Sioux Falls, SD 57104, USA",SD,"Sioux Falls, SD",4.8,4
Brett Waltner - Attorney at Myers Billion LLP,,(605) 271-3404,,https://www.facebook.com/brettwaltnermyersbillion/,"230 S Phillips Ave #300, Sioux Falls, SD 57104, USA",SD,"Sioux Falls, SD",5,36
"Hagen, Wilka & Archer, LLP",,(605) 334-0005,,http://www.hwalaw.com/,"600 S Main Ave, Sioux Falls, SD 57104, USA",SD,"Sioux Falls, SD",4.4,7
Hughes Law Office,,(605) 339-3939,,https://www.hugheslawyers.com/,"101 E 38th St, Sioux Falls, SD 57105, USA",SD,"Sioux Falls, SD",4.8,21
Thomas A Blake Law Office,,(605) 336-1216,,https://thomasblakelaw.com/,"505 W 9th St Ste 202, Sioux Falls, SD 57104, USA",SD,"Sioux Falls, SD",5,101
"Cutler Law Firm, LLP",,(605) 335-4950,,http://www.cutlerlawfirm.com/,"140 N Phillips Ave 4th floor, Sioux Falls, SD 57104, USA",SD,"Sioux Falls, SD",4.1,26
"Fuller, Williamson, Nelsen & Preheim Law Firm",,(605) 333-0003,,https://www.fullerandwilliamson.com/?utm_source=googlemybusiness&utm_medium=organic&utm_campaign=Google+My+Business,"7521 S Louise Ave, Sioux Falls, SD 57108, USA",SD,"Sioux Falls, SD",4.6,9
Walter Law Office,,(605) 450-6182,,https://www.walterlawoffice.com/?npcmp=dir:local:5305769:57104,"335 N Main Ave #230, Sioux Falls, SD 57104, USA",SD,"Sioux Falls, SD",5,185
"The Duncan Law Firm, LLP",,(605) 361-9840,,http://www.ddlawsd.com/,"515 W Landscape Pl Ste 101, Sioux Falls, SD 57108, USA",SD,"Sioux Falls, SD",5,16
Attorney Jeffrey A. Cole,,(605) 250-3983,,https://northernplainsjustice.com/,"4301 W 57th St Unit 121, Sioux Falls, SD 57108, USA",SD,"Sioux Falls, SD",,
Even Law Firm: James R. Even,,(605) 339-6080,,http://www.siouxfallspersonalinjurylawfirm.com/,"100 S Spring Ave #100, Sioux Falls, SD 57104, USA",SD,"Sioux Falls, SD",5,3
Cadwell Law Firm,,(605) 336-0828,,http://www.cadlaw.com/,"200 E 10th St Ste 200, Sioux Falls, SD 57104, USA",SD,"Sioux Falls, SD",4.3,6
"Lynn, Jackson, Shultz & Lebrun, P.C.",,(605) 332-5999,,https://www.lynnjackson.com/,"110 N Minnesota Ave #400, Sioux Falls, SD 57104, USA",SD,"Sioux Falls, SD",4.7,32
"Ronke Law, PLLC",,(605) 250-9988,,http://www.ronkelaw.com/?utm_source=GMB&utm_medium=organic&utm_campaign=siouxfalls,"3130 W 57th St Ste 111, Sioux Falls, SD 57108, USA",SD,"Sioux Falls, SD",4.9,223
"Arends Law, P.C.",,(605) 231-8282,,http://arendslaw.com/,"6901 S Lyncrest Pl Unit 102, Sioux Falls, SD 57108, USA",SD,"Sioux Falls, SD",4.6,22
Brende & Meadors LLP,,(605) 333-0070,,http://www.bsmllp.com/,"2900 S Phillips Ave Unit 100, Sioux Falls, SD 57105, USA",SD,"Sioux Falls, SD",4.9,22
"Tschetter & Adams Law Office, PC",,(605) 367-1013,,http://tschetteradams.com/,"5919 S Remington Pl Ste 100, Sioux Falls, SD 57108, USA",SD,"Sioux Falls, SD",4.2,26
Meierhenry Sargent LLP,,(605) 336-3075,,http://www.meierhenrylaw.com/,"315 S Phillips Ave, Sioux Falls, SD 57104, USA",SD,"Sioux Falls, SD",5,10
De Castro Law Office,,(605) 251-6787,,http://decastrolawoffice.com/,"224 N Phillips Ave, Sioux Falls, SD 57104, USA",SD,"Sioux Falls, SD",4.1,18
James A Billion Attorney,,(605) 339-2810,,,"3409 W 47th St Unit 104, Sioux Falls, SD 57106, USA",SD,"Sioux Falls, SD",5,2
"Goosmann Law Firm, PLC",,(605) 316-3569,,https://www.goosmannlaw.com/,"2101 W 69th St Ste 200, Sioux Falls, SD 57108, USA",SD,"Sioux Falls, SD",4.1,39
"Woods, Fuller, Shultz & Smith, P.C.",,(605) 336-3890,,http://www.woodsfuller.com/,"300 S Phillips Ave Unit 300, Sioux Falls, SD 57104, USA",SD,"Sioux Falls, SD",4.1,16
"Alvine Law Firm, LLP",,(605) 292-0809,,https://alvinelaw.com/,"519 N Main St, Mitchell, SD 57301, USA",SD,"Sioux Falls, SD",4.3,23
"Thomas J. Von Wald, Attorney",,(605) 336-2424,,http://www.boycelaw.com/,"Boyce Law Firm, 300 S Main Ave, Sioux Falls, SD 57104, USA",SD,"Sioux Falls, SD",,
O'Leary Law Office,,(605) 334-4506,,https://www.olearylawoffice.com/,"3500 S Phillips Ave #118, Sioux Falls, SD 57105, USA",SD,"Sioux Falls, SD",4.6,13
Carlin Law Office,,(712) 276-2646,,http://www.carlinlawoffice.com/contact/,"5728 Sunnybrook Dr, Sioux City, IA 51106, USA",SD,"Sioux Falls, SD",5,26
"Tim Bottaro, Attorney at Law",,(712) 252-3226,,https://siouxcitylawyers.com/attorneys/tim-bottaro/?utm_source=google&utm_medium=oragnic&utm_campaign=gbp,"613 Pierce St, Sioux City, IA 51101, USA",SD,"Sioux Falls, SD",5,18
"Angel Law, Prof. L.L.C.",,(605) 271-3216,,http://www.angellawsd.com/,"300 N Dakota Ave Unit 106, Sioux Falls, SD 57104, USA",SD,"Sioux Falls, SD",4.9,33
The Williams Firm: Car & Truck Accident Injury Lawyers,,(615) 492-3637,,http://www.lrwlawfirm.com/,"4400 Harding Pike Suite 402, Nashville, TN 37205, USA",TN,"Nashville, TN",5,85
Jeff Roberts & Associates: Car Accident & Injury Lawyers - Nashville Office,,(615) 422-4746,,https://www.jeffrobertsassociates.com/?UTM_source=GMB_listing&UTM_medium=organic,"213 Rep. John Lewis Way N Ste 300, Nashville, TN 37219, USA",TN,"Nashville, TN",5,178
Hughes & Coleman Injury Lawyers,,(615) 255-9100,,https://www.hughesandcoleman.com/personal-injury/nashville/?utm_source=google&utm_medium=organic&utm_campaign=GMB-NASH-TN,"446 James Robertson Pkwy #100, Nashville, TN 37219, USA",TN,"Nashville, TN",4.7,923
Ponce Law Tennessee Car & Truck Accident Injury Attorneys,,(615) 685-6117,,https://www.poncelaw.com/?utm_source=GBP&utm_medium=GBP&utm_campaign=GBP_NashvilleChurch&utm_id=GBP_NashvilleChurch,"401 Church St Suite 905, Nashville, TN 37219, USA",TN,"Nashville, TN",5,393
Labrum Law Firm,,(615) 265-0000,,https://labrumlawfirm.com/,"315 Deaderick St Ste 1525, Nashville, TN 37238, USA",TN,"Nashville, TN",4.9,370
NST Law Injury Attorneys,,(615) 558-5451,,https://www.nstlaw.com/nashville/?utm_source=google&utm_medium=organic&utm_campaign=gbp-nashville,"2323 21st Ave S #500, Nashville, TN 37212, USA",TN,"Nashville, TN",4.9,140
Bernheim Kelley Car Accident & Personal Injury Lawyers,,(615) 813-1111,,https://realjustice.com/?utm_source=GBP&utm_medium=organic&utm_campaign=nashville,"1 Music Cir N Ste 422, Nashville, TN 37203, USA",TN,"Nashville, TN",5,78
Woodard Injury Law - Nashville,,(615) 603-3172,,https://woodardinjurylaw.com/nashville-personal-injury-lawyer/?utm_source=google&utm_medium=organic&utm_campaign=gmblisting,"2323 21st Ave S #306, Nashville, TN 37212, USA",TN,"Nashville, TN",4.9,109
Meyers Personal Injury Law Nashville,,(615) 590-3045,,https://meyersinjurylaw.com/?utm_source=google&utm_medium=organic&utm_campaign=nashville-gbp,"1308 Rosa L Parks Blvd Ste 101, Nashville, TN 37208, USA",TN,"Nashville, TN",5,76
Ponce Law Tennessee Car & Truck Accident Injury Attorneys,,(615) 285-6813,,https://www.poncelaw.com/?utm_source=GBP&utm_medium=GBP&utm_campaign=GBP_Nashville&utm_id=GBP_Nashville,"1905 21st Ave S, Nashville, TN 37212, USA",TN,"Nashville, TN",5,363
Selvidge Injury Law - Nashville Car Accident Lawyers,,(615) 492-8446,,https://selvidgeinjurylaw.com/?utm_source=google&utm_medium=organic&utm_campaign=gmb-listing,"1321 Murfreesboro Pike #330, Nashville, TN 37217, USA",TN,"Nashville, TN",4.9,111
Matt Hardin Law: Car Accident & Injury Lawyers,,(615) 200-1111,,https://www.matthardinlaw.com/,"400, 207 23rd Ave N, Nashville, TN 37203, USA",TN,"Nashville, TN",4.9,96
"DevonLaw, PLLC",,(615) 623-0232,,https://www.devonlawtn.com/,"1101 Chapel Ave Ste 102, Nashville, TN 37206, USA",TN,"Nashville, TN",5,131
Bart Durham Injury Law,,(629) 318-0049,,https://bartdurham.com/?utm_campaign=gmb,"406 11th Ave N #200, Nashville, TN 37203, USA",TN,"Nashville, TN",4.7,570
Grissim & Waterman,,(615) 255-9999,,https://www.grissimandwaterman.com/,"325 Union St, Nashville, TN 37201, USA",TN,"Nashville, TN",4.8,211
Weir & Kestner Injury Lawyers,,(615) 240-5903,,https://www.wkjustice.com/nashville/,"3200 West End Ave Ste. 500, Nashville, TN 37203, USA",TN,"Nashville, TN",5,39
Witherington Injury Law,,(615) 697-6503,,https://www.wlawfirm.com/?utm_source=GMB&utm_medium=organic&utm_campaign=nashville,"51 Century Blvd #125, Nashville, TN 37214, USA",TN,"Nashville, TN",4.9,126
"Minner Vines Injury Lawyers, PLLC Nashville",,(615) 551-3457,,https://www.mvmlaw.com/nashville-personal-injury-lawyer/?utm_source=gmb&utm_medium=organic&utm_campaign=nashville,"49 Music Square W #504, Nashville, TN 37203, USA",TN,"Nashville, TN",4.9,193
Queener Law,,(615) 933-9000,,https://queenerlaw.com/tennessee-accident-lawyer/,"213 Rep. John Lewis Way N Ste 200, Nashville, TN 37219, USA",TN,"Nashville, TN",4.6,118
"Steinger, Greene & Feiner",,(615) 590-3106,,https://www.injurylawyers.com/nashville/?y_source=1_MTQ5MjIyNjctNzE1LWxvY2F0aW9uLndlYnNpdGU%3D,"3102 West End Ave #1050, Nashville, TN 37203, USA",TN,"Nashville, TN",4.8,863
Morgan & Morgan,,(615) 490-0944,,https://www.forthepeople.com/office-locations/tennessee/nashville/?utm_source=GMB&utm_medium=local&utm_campaign=NashvilleTNGMB,"150 4th Ave N Ste 300, Nashville, TN 37219, USA",TN,"Nashville, TN",4.7,6056
Rocky McElhaney Law Firm: Car Accident & Injury Lawyers,,(615) 323-2053,,https://www.rockylawfirm.com/?utm_source=google&utm_medium=organic&utm_campaign=gmb_nashville_mainstream,"545 Mainstream Dr #405, Nashville, TN 37228, USA",TN,"Nashville, TN",4.8,421
Rocky McElhaney Law Firm: Car Accident & Injury Lawyers,,(615) 490-0424,,https://www.rockylawfirm.com/?utm_source=google&utm_medium=gmb&utm_campaign=nashville_main_st,"615 Main St B21, Nashville, TN 37206, USA",TN,"Nashville, TN",4.9,356
Reasonover Law Firm,,(615) 241-0405,,http://reasonoverlaw.com/,"2323 21st Ave S #306, Nashville, TN 37212, USA",TN,"Nashville, TN",4.8,86
Monge & Associates Injury and Accident Attorneys,,(615) 258-6108,,https://www.becauseyouwanttowin.com/nashville-tn-personal-injury-lawyer/,"205 Van Buren St Ste 104, Nashville, TN 37208, USA",TN,"Nashville, TN",4.9,176
Nashville Injury Attorneys,,(615) 592-4434,,http://nashvilleinjuryattorneys.com/?utm_campaign=nashville,"2190 Nolensville Pk B, Nashville, TN 37211, USA",TN,"Nashville, TN",5,10
"Bill Easterly & Associates, P.C.",,(615) 244-2222,,https://www.billeasterly.com/,"3017 Poston Ave, Nashville, TN 37203, USA",TN,"Nashville, TN",4.9,131
The Higgins Firm,,(615) 619-4864,,https://www.thehigginsfirm.com/?utm_source=google&utm_medium=local,"200 Hart St, Nashville, TN 37210, USA",TN,"Nashville, TN",4.7,332
DRS Law,,(615) 742-1775,,https://www.drslawfirm.com/,"1913 21st Ave S, Nashville, TN 37212, USA",TN,"Nashville, TN",4.7,83
Michael K Pence Attorney at Law,,(615) 470-2222,,https://personalinjurytn.com/,"4117 Gallatin Pike Suite 101, Nashville, TN 37216, USA",TN,"Nashville, TN",5,65
Woodard Injury Law - Madison,,(615) 205-3591,,https://woodardinjurylaw.com/service-area/madison-tn/,"607 W Due West Ave #95, Madison, TN 37115, USA",TN,"Nashville, TN",5,173
Howe.Law Injury & Accident Lawyers,,(404) 383-6204,,https://howe.law/nashville,"912 Harpeth Valley Pl, Nashville, TN 37221, USA",TN,"Nashville, TN",4.9,41
Ponce Law Tennessee Car & Truck Accident Injury Attorneys,,(615) 551-2685,,https://www.poncelaw.com/goodlettsville-injury/?utm_source=GBP&utm_medium=GBP&utm_campaign=GBP_Goodlettsville&utm_id=GBP_Goodlettsville,"400 Professional Park Dr, Goodlettsville, TN 37072, USA",TN,"Nashville, TN",4.7,719
Law Office of Stanley A. Davis,,(615) 866-3938,,https://standavislaw.com/,"5214 Maryland Way Ste 309, Brentwood, TN 37027, USA",TN,"Nashville, TN",5,658
Law Office of Eric Beasley,,(615) 859-2223,,https://www.tennesseeinjuryattorney.com/,"1000 Northchase Dr #307, Goodlettsville, TN 37072, USA",TN,"Nashville, TN",5,132
KP Injury Law,,(615) 709-5900,,https://injuredincarcrash.com/nashville-personal-injury-lawyer/?utm_source=gbp&utm_medium=organic&utm_campaign=gbp-website-goodletsville,"405 2 Mile Pike Ste B Unit 104, Goodlettsville, TN 37072, USA",TN,"Nashville, TN",4.9,287
"Stillman & Friedland Car, Truck, & Motorcycle Accident Attorneys",,(615) 270-1432,,https://jstillman.com/,"95 White Bridge Rd Ste 222, Nashville, TN 37205, USA",TN,"Nashville, TN",4.7,78
"Heit Law, LLC: Car Accident Attorney Nashville, TN",,(615) 962-3000,,https://www.heitlawllc.com/nashville/personal-injury-lawyer-nashville-tn/,"555 Marriott Dr Suite: 315, Nashville, TN 37214, USA",TN,"Nashville, TN",4.6,9
The Roth Firm,,(629) 262-0603,,https://www.rothlawyer.com/nashville/?utm_source=gbp&utm_medium=organic&utm_campaign=nashville,"402 Bna Dr Building 100 Suite 410, Nashville, TN 37217, USA",TN,"Nashville, TN",4.9,325
Rocky McElhaney Law Firm: Car Accident & Injury Lawyers,,(615) 606-7034,,https://www.rockylawfirm.com/?utm_source=google&utm_medium=organic&utm_campaign=gmb_nashville_music_row,"1102 17th Ave S Ste 301, Nashville, TN 37212, USA",TN,"Nashville, TN",5,95
Raybin & Weissman Personal Injury Lawyers,,(615) 256-6666,,https://www.nashvilletnlaw.com/?utm_source=GMB&utm_medium=organic&utm_campaign=nashville,"511 Union St #1100, Nashville, TN 37219, USA",TN,"Nashville, TN",4.9,134
Tennessee SledgeHammer,,(615) 219-0303,,https://www.hammerthem.com/,"275 Jackson Meadows Dr Ste 104, Hermitage, TN 37076, USA",TN,"Nashville, TN",4.8,98
Tennessee Accident Law Firm,,(615) 212-9866,,https://tennesseeaccident.law/,"222 2nd Ave S 17th floor, Nashville, TN 37201, USA",TN,"Nashville, TN",5,3
Kinnard Law,,(615) 933-2893,,https://www.kinnardlaw.com/?utm_source=GMB&utm_medium=organic&utm_campaign=nashville,"127 Woodmont Blvd, Nashville, TN 37205, USA",TN,"Nashville, TN",4.3,67
Cummings Law,,(615) 241-2000,,https://cummingsinjurylaw.com/?utm_source=google&utm_medium=organic-local&utm_campaign=Nashville,"4235 Hillsboro Pike #300, Nashville, TN 37215, USA",TN,"Nashville, TN",4.9,33
Tennessee Accident Law Firm,,(615) 212-9866,,https://tennesseeaccident.law/,"3401 Mallory Ln Ste 200, Franklin, TN 37067, USA",TN,"Nashville, TN",5,62
Hogan & Hogan,,(855) 464-2652,,http://hoganlegal.com/,"555 Marriott Dr Ste 315, Nashville, TN 37214, USA",TN,"Nashville, TN",5,98
Johnson Law Group,,(888) 890-8158,,https://www.johnsonlawgroup.com/,"1019 16th Ave S, Nashville, TN 37212, USA",TN,"Nashville, TN",5,10
Law Office of Eric Beasley,,(615) 845-5944,,https://www.tennesseeinjuryattorney.com/,"3354 Perimeter Hill Dr #114, Nashville, TN 37211, USA",TN,"Nashville, TN",5,43
Law Offices of Luvell L. Glanton,,(615) 244-4511,,https://www.glantonlaw.com/,"915 Jefferson St, Nashville, TN 37208, USA",TN,"Nashville, TN",4.4,94
Salt Lake Injury Law - Car Accident Attorney,,(385) 444-7545,,https://saltlakeinjury.com/,"3195 S Main St Ste 198, South Salt Lake, UT 84115, USA",UT,"Salt Lake City, UT",4.9,251
Craig Swapp & Associates,,(801) 405-3273,,https://www.craigswapp.com/locations/utah/salt-lake-city/?utm_source=google&utm_medium=organic&utm_campaign=gmb&utm_id=SLC&utm_content=main_button,"222 S Main St Ste 500, Salt Lake City, UT 84101, USA",UT,"Salt Lake City, UT",4.9,949
Parker & McConkie Personal Injury Lawyers Salt Lake City,,(385) 336-5261,,https://www.parkerandmcconkie.com/salt-lake-city-personal-injury-lawyer/?utm_medium=organic&utm_campaign=gmb-salt-lake-city,"466 S 500 E Ste 100, Salt Lake City, UT 84102, USA",UT,"Salt Lake City, UT",5,149
Robert J. DeBry & Associates,,(801) 888-8888,,http://www.robertdebry.com/,"35 W Broadway Suite 300, Salt Lake City, UT 84101, USA",UT,"Salt Lake City, UT",4.8,710
Monge & Associates Injury and Accident Attorneys,,(385) 406-2466,,https://www.becauseyouwanttowin.com/salt-lake-city-utah-personal-injury-lawyer/,"299 S Main St Ste 1348, Salt Lake City, UT 84111, USA",UT,"Salt Lake City, UT",4.9,160
Cutt Kendell & Olson,,(801) 901-3470,,https://www.ckolaw.com/,"215 State St Ste 900, Salt Lake City, UT 84111, USA",UT,"Salt Lake City, UT",4.9,198
McMinn Personal Injury Lawyers Salt Lake City,,(385) 432-8939,,https://www.mcminnlaw.com/salt-lake-city-personal-injury-lawyer/?utm_source=google&utm_medium=organic&utm_campaign=gmb-salt-lake-city,"650 S 500 W Ste 290, Salt Lake City, UT 84104, USA",UT,"Salt Lake City, UT",4.9,59
Siegfried & Jensen Personal Injury Attorneys,,(801) 845-2455,,https://siegfriedandjensen.com/salt-lake-city-ut/personal-injury-lawyer/?utm_source=google&utm_medium=organic&utm_campaign=gbp-listing-salt-lake-city,"5664 S Green St, Salt Lake City, UT 84123, USA",UT,"Salt Lake City, UT",4.8,2208
The Advocates Injury Attorneys,,(801) 348-6618,,http://www.utahadvocates.com/?utm_source=google&utm_medium=local&utm_campaign=gmb-murray,"737 E Winchester St, Salt Lake City, UT 84107, USA",UT,"Salt Lake City, UT",4.8,1315
Salt Lake City Personal Injury Lawyers Good Guys Injury Law,,(801) 683-5477,,https://christensenhymas.com/salt-lake-city-personal-injury-attorney/?utm_source=GBP&utm_medium=organic&utm_campaign=Salt_Lake_City,"522 E 100 S Ste 100A, Salt Lake City, UT 84101, USA",UT,"Salt Lake City, UT",5,172
Handy & Handy Attorneys At Law,,(801) 896-1694,,https://www.handylawutah.com/?utm_source=google&utm_medium=organic&utm_campaign=gbp,"2150 S 1300 E Ste 300, Salt Lake City, UT 84106, USA",UT,"Salt Lake City, UT",4.9,315
Swenson & Shelley Law - Salt Lake City Accident & Injury Lawyers,,(801) 447-5464,,https://www.swensonshelley.com/salt-lake-city-personal-injury-attorneys/?utm_source=local&utm_medium=organic&utm_campaign=gmb,"2150 1300 E #530, Salt Lake City, UT 84106, USA",UT,"Salt Lake City, UT",5,24
Valley Law,,(801) 810-9999,,https://valleylawutah.com/salt-lake-city-personal-injury/?utm_source=gbp&utm_medium=gbp&utm_campaign=slc,"5255 4015 W Ste. 207C, Salt Lake City, UT 84129, USA",UT,"Salt Lake City, UT",4.8,113
Cockayne Law,,(801) 268-2491,,https://cockaynelaw.com/,"6671 S Redwood Rd Ste 110, West Jordan, UT 84084, USA",UT,"Salt Lake City, UT",4.9,249
"Feller & Wendt, LLC - Personal Injury & Car Accident Lawyers",,(801) 845-4380,,https://www.fellerwendt.com/salt-lake-city-personal-injury-lawyer/?utm_source=google&utm_medium=organic&utm_campaign=gbp-saltlakecity,"4424 S 700 E #240, Millcreek, UT 84107, USA",UT,"Salt Lake City, UT",4.7,150
Siegfried & Jensen,,(801) 876-1050,,https://siegfriedandjensen.com/salt-lake-city-ut/personal-injury-lawyer/?utm_source=google&utm_medium=organic&utm_campaign=gbp-listing-salt-lake-city,"32 Exchange Pl #301, Salt Lake City, UT 84111, USA",UT,"Salt Lake City, UT",4.9,199
Lance Bingham Utah Personal Injury Lawyers - Salt Lake City Office,,(801) 383-2922,,http://www.lancebingham.com/?utm_source=google&utm_medium=organic-local&utm_campaign=Salt_Lake_City,"250 E 200 S #1050, Salt Lake City, UT 84111, USA",UT,"Salt Lake City, UT",4.9,146
Lowe Law Group,,(801) 905-8539,,https://www.lowelawgroup.com/salt-lake-city/?utm_source=GMB&utm_medium=organic&utm_campaign=saltlakecity,"1991 S 4650 W Suite 401, Salt Lake City, UT 84104, USA",UT,"Salt Lake City, UT",5,142
TJ Auto Law,,(801) 565-1515,,,"311 S State St Ste 240, Salt Lake City, UT 84111, USA",UT,"Salt Lake City, UT",4.8,80
Fielding Law Accident Attorneys,,(801) 666-2912,,https://www.fieldinglaw.com/personal-injury/taylorsville/,"4179 Riverboat Rd #150, Taylorsville, UT 84123, USA",UT,"Salt Lake City, UT",4.8,350
Steele Adams Hosman,,(801) 816-3999,,https://www.sahlegal.com/?utm_source=GMB&utm_medium=organic&utm_campaign=saltlakecity,"6713 S 1300 E, Salt Lake City, UT 84121, USA",UT,"Salt Lake City, UT",4.9,378
Salt Lake Catastrophic Injury Attorney | Chuck Conrad,,(801) 996-7109,,https://www.salt-lake-catastrophic-injury-attorney.com/?utm_source=gmb&utm_medium=organic,"95 S State St Suite 500, Salt Lake City, UT 84111, USA",UT,"Salt Lake City, UT",4.9,7
Rasmussen & Miner,,(801) 363-8500,,https://rasmussenandminer.com/,"1334 2nd Ave, Salt Lake City, UT 84103, USA",UT,"Salt Lake City, UT",4.7,63
BAM Personal Injury Lawyers - Murray Office,,(801) 970-9913,,https://baminjurylaw.com/utah-personal-injury-lawyer/,"310 E 4500 S #550, Murray, UT 84107, USA",UT,"Salt Lake City, UT",5,224
Parker & McConkie Personal Injury Lawyers Midvale,,(385) 595-5204,,https://www.parkerandmcconkie.com/midvale-personal-injury-lawyer/?utm_medium=organic&utm_campaign=gmb-midvale,"7090 Union Park Ave #160, Midvale, UT 84047, USA",UT,"Salt Lake City, UT",5,611
Porrazzo Rawlings Accident & Injury Law,,(801) 890-3699,,https://porrazzorawlingslaw.com/,"11576 State St Bldg 401, Draper, UT 84020, USA",UT,"Salt Lake City, UT",4.9,242
The Advocates Injury Attorneys,,(385) 336-5936,,https://www.utahadvocates.com/locations/salt-lake-city-downtown-ut/?utm_source=google&utm_medium=local&utm_campaign=gmb-downtownslc,"405 S Main St #355, Salt Lake City, UT 84111, USA",UT,"Salt Lake City, UT",4.9,76
Gosdis Law,,(385) 429-9960,,http://www.shanegosdis.com/,"5383 S 900 E #290, Salt Lake City, UT 84117, USA",UT,"Salt Lake City, UT",4.8,107
Dewsnup King Olsen Worel Havas,,(801) 533-0400,,https://www.dkow.com/,"201 S Main St #1200, Salt Lake City, UT 84111, USA",UT,"Salt Lake City, UT",4.8,23
ACCIDENTS & INJURIES LLC,,(801) 433-8418,,http://www.pideayuda.com/,"2195 W 5400 S Ste 105, Taylorsville, UT 84129, USA",UT,"Salt Lake City, UT",5,13
Craig Swapp & Associates,,(801) 761-0226,,https://www.craigswapp.com/locations-served-utah/west-valley-city/?utm_source=google&utm_medium=organic&utm_campaign=gmb&utm_id=WVC&utm_content=main_button,"2819 S 5600 W #155, West Valley City, UT 84120, USA",UT,"Salt Lake City, UT",5,324
"The Law Offices of Roberto Hernandez, PLLC",,(801) 590-3275,,https://hernandezinjurylaw.com/,"491 W 5300 S, Murray, UT 84123, USA",UT,"Salt Lake City, UT",4.6,321
"Younker Hyde Macfarlane, PLLC",,(801) 335-6467,,https://www.patientinjury.com/,"250 E 200 S Ste 1100, Salt Lake City, UT 84111, USA",UT,"Salt Lake City, UT",4.5,115
ReshLaw Accident & Injury,,(801) 810-7374,,https://reshlaw.com/,"45 Vine St, Murray, UT 84107, USA",UT,"Salt Lake City, UT",5,280
Ceda Law Group,,(855) 233-2529,,https://cedalawgroup.com/,"250 E 200 S 16th Floor, Unit 1628, Salt Lake City, UT 84111, USA",UT,"Salt Lake City, UT",5,12
Law Tigers Motorcycle Accident Lawyers - Salt Lake City,,(385) 279-5675,,https://lawtigers.com/locations/utah/salt-lake-city/motorcycle-accident-lawyer/,"405 S Main St, Salt Lake City, UT 84111, USA",UT,"Salt Lake City, UT",4.9,117
Morgan & Morgan,,(801) 907-8444,,https://www.forthepeople.com/office-locations/utah/salt-lake-city/?utm_source=GMB&utm_medium=local&utm_campaign=SaltLakeCityUTGMB,"222 S Main St Ste 537, Salt Lake City, UT 84101, USA",UT,"Salt Lake City, UT",4.7,460
Good Guys Injury Law - Draper Office,,(801) 316-8873,,https://christensenhymas.com/?utm_source=GBP&utm_medium=organic&utm_campaign=Draper,"11693 S 700 E #100, Draper, UT 84020, USA",UT,"Salt Lake City, UT",4.9,358
Ipson Law Firm,,(801) 332-9655,,https://ipsonlaw.com/?utm_source=gmb&utm_medium=url&utm_campaign=website,"4455 S 700 E #301, Millcreek, UT 84107, USA",UT,"Salt Lake City, UT",4.7,63
RamRock Injury Lawyers,,(385) 412-1927,,https://www.ramrockutah.com/?utm_campaign=gmb&utm_medium=organic&utm_source=google,"5353 S 960 E #100, Salt Lake City, UT 84117, USA",UT,"Salt Lake City, UT",4.9,110
Law Office of Ralph C Petty Injury Lawyers,,(801) 930-9235,,,"4110 Highland Dr #350, Salt Lake City, UT 84124, USA",UT,"Salt Lake City, UT",5,18
LifeLaw Trial Lawyers,,(801) 206-4002,,http://lifelaw.com/,"7440 Creek Rd Ste 401, Sandy, UT 84093, USA",UT,"Salt Lake City, UT",4.9,611
Feller & Wendt Personal Injury Attorneys - Layton,,(801) 845-4358,,https://www.fellerwendt.com/layton-personal-injury-lawyer/?utm_source=google&utm_medium=organic&utm_campaign=gbp-layton,"67 S Main St #100, Layton, UT 84041, USA",UT,"Salt Lake City, UT",4.8,513
The Law Offices Of Martha Amaya,,(801) 590-9570,,http://amaya-law.com/,"988 E 3900 S, Salt Lake City, UT 84124, USA",UT,"Salt Lake City, UT",4.9,40
True North Injury Law,,(801) 849-3664,,https://truenorthinjurylaw.com/,"222 S Main St Ste 500, Salt Lake City, UT 84101, USA",UT,"Salt Lake City, UT",5,8
Taylor Law,,(801) 512-2335,,https://www.taylorlawutah.com/,"2880 W 4700 S Ste i, Salt Lake City, UT 84129, USA",UT,"Salt Lake City, UT",4.9,261
Christian West Injury Law - Utah Car Accident & Personal Injury Lawyer,,(385) 469-0749,,https://westinjurylawyer.com/?utm_campaign=gmb&utm_medium=organic&utm_source=google,"13894 S Bangerter Pkwy Ste 200, #260, Draper, UT 84020, USA",UT,"Salt Lake City, UT",5,34
"Jose A. Loayza & Associates, PLLC",,(801) 883-9129,,http://www.loayzalaw.com/,"231 E 400 S #310, Salt Lake City, UT 84111, USA",UT,"Salt Lake City, UT",4.7,184
G Eric Nielson & Associates,,(801) 424-9088,,http://ericnielson.com/?utm_source=google&utm_medium=organic&utm_campaign=gbp,"4790 Holladay Blvd E, Salt Lake City, UT 84117, USA",UT,"Salt Lake City, UT",4.6,107
LawyerUp Law Firm,,(801) 877-2781,,https://lawyerup.com/,"45 W Sego Lily Dr Ste 315, Sandy, UT 84070, USA",UT,"Salt Lake City, UT",4.9,83
Morgan & Morgan,,(802) 557-6300,,https://www.forthepeople.com/office-locations/vermont/burlington/?utm_source=GMB&utm_medium=local&utm_campaign=BurlingtonVTGMB,"106 Main St 2nd Office 7W, Burlington, VT 05401, USA",VT,"Burlington, VT",4.7,214
"Maley and Maley, PLLC",,(802) 489-5258,,https://www.maleyandmaley.com/,"271 S Union St, Burlington, VT 05401, USA",VT,"Burlington, VT",5,1
"Horn Wright, LLP",,(802) 328-9098,,https://www.hornwright.com/burlington-vermont/,"106 Main St 2nd Floor, Suite 3E, Burlington, VT 05401, USA",VT,"Burlington, VT",5,11
"Dickson Law Office, PLLC",,(802) 999-7975,,,"86 St Paul St Ste 209, Burlington, VT 05401, USA",VT,"Burlington, VT",5,50
"Jarvis & Modun, LLP",,(802) 540-1030,,http://jarvis-modun.com/,"1 Kennedy Dr Ste U2, South Burlington, VT 05403, USA",VT,"Burlington, VT",4.1,18
"Harding Mazzotti, LLP",,(802) 402-4568,,https://www.1800law1010.com/burlington-vt/,"47 Maple St 104 a, Burlington, VT 05401, USA",VT,"Burlington, VT",4.5,6
McVeigh Skiff Attorneys At Law,,(802) 660-2466,,https://www.mcveighskiff.com/,"30 Elmwood Ave, Burlington, VT 05401, USA",VT,"Burlington, VT",4.9,94
Broadfoot Attorneys at Law,,(802) 863-7020,,http://broadfootlaw.com/,"30 Main St Ste 250, Burlington, VT 05401, USA",VT,"Burlington, VT",4.5,47
Gravel & Shea PC,,(802) 658-0220,,http://www.gravelshea.com/,"76 St Paul St 7th floor, Burlington, VT 05401, USA",VT,"Burlington, VT",4.9,91
Rich Cassidy Law,,(802) 864-8144,,http://www.richcassidylaw.com/,"1233 Shelburne Rd d5, South Burlington, VT 05403, USA",VT,"Burlington, VT",4.9,34
Biggam Fox Skinner LLP,,(802) 229-5146,,https://bfslaw.com/?utm_source=gbp&utm_medium=organic&utm_campaign=gbp-website-burlington,"86 Lake St Ste 230, Burlington, VT 05401, USA",VT,"Burlington, VT",4.7,13
Brady / Donahue,,(802) 885-2001,,https://bradydonahue.com/,"255 S Champlain St Ste 7B, Burlington, VT 05401, USA",VT,"Burlington, VT",5,18
"Behrens Venman, PLLC",,(802) 658-5900,,http://bvslawvt.com/,"30 Elmwood Ave, Burlington, VT 05401, USA",VT,"Burlington, VT",4.7,15
Shoup Evers & Green,,(802) 861-6666,,https://www.seglawyersvermont.com/,"84 Pine St #400, Burlington, VT 05401, USA",VT,"Burlington, VT",1,2
"The Burlington Law Practice, PLLC",,(802) 651-5370,,http://www.burlingtonlawpractice.com/,"2 Church St Suite 2G, Burlington, VT 05401, USA",VT,"Burlington, VT",4,4
THOMAS SHERRER l PLLC,,(802) 881-0757,,http://thomassherrer.com/,"30 Main St #325, Burlington, VT 05401, USA",VT,"Burlington, VT",3,2
"Kirkpatrick & Goldsborough, PLLC",,(802) 651-0960,,http://www.vtlawfirm.com/,"1233 Shelburne Rd E1, South Burlington, VT 05403, USA",VT,"Burlington, VT",3.6,7
Mcveigh Skiff,,(802) 524-5150,,https://www.mcveighskiff.com/,"Burlington, VT 05401, USA",VT,"Burlington, VT",5,1
Handy Law,,(802) 373-9201,,https://www.handylawvt.com/,"148 College St Ste 201, Burlington, VT 05401, USA",VT,"Burlington, VT",4.9,147
Maley Christopher J,,(802) 489-5258,,https://www.maleyandmaley.com/attorneys/christopher-maley.html,"271 S Union St, Burlington, VT 05401, USA",VT,"Burlington, VT",,
Rose Law Firm,,(802) 764-3020,,http://www.roselawvermont.com/,"8 Essex Way #104a, Essex Junction, VT 05452, USA",VT,"Burlington, VT",4.9,74
Larson & Gallivan Law - Vermont and New York Injury Lawyers,,(802) 392-0213,,https://larsoninjurylaw.com/,"128 Merchants Row #506, Rutland, VT 05701, USA",VT,"Burlington, VT",4.9,182
Sabbeth Law - Vermont & New Hampshire Personal Injury Attorneys,,(888) 290-4498,,https://sabbethlaw.com/,"201 Dewitt Dr Ste 1, White River Junction, VT 05001, USA",VT,"Burlington, VT",4.9,184
Gideon Asen LLC,,(802) 341-3605,,https://www.gideonasen.com/?utm_source=google&utm_medium=gbp&utm_campaign=burlington_vt,"Interstate Corporate Ctr, Williston, VT 05495, USA",VT,"Burlington, VT",5,8
"Shillen, Mackall, Seldon, Spicer & Fraas",,(802) 457-4848,,https://promotingjustice.com/,"21710 Maxham Meadow Way Ste 2A, Woodstock, VT 05091, USA",VT,"Burlington, VT",4.9,98
Todd Schlossberg,,(802) 860-2600,,http://www.greenmountainlaw.com/,"74 Main St, Burlington, VT 05401, USA",VT,"Burlington, VT",4,2
Lisman Leckerling PC,,(802) 864-5756,,,"84 Pine St, Burlington, VT 05401, USA",VT,"Burlington, VT",4.3,11
Ward & Towle Law,,(802) 863-0307,,http://www.wardlawvt.com/,"3069 Williston Rd, South Burlington, VT 05403, USA",VT,"Burlington, VT",3.4,7
"Burke Law, P.C.",,(802) 318-8076,,http://www.burkelawvt.com/,"77 College St, Burlington, VT 05401, USA",VT,"Burlington, VT",4.4,32
MSK Attorneys,,(802) 861-7000,,http://www.mskvt.com/,"275 College St, Burlington, VT 05401, USA",VT,"Burlington, VT",4.6,32
Lanier Law Group Personal Injury & Car Accident Lawyer Burlington,,(336) 551-1381,,https://www.lanierlawgroup.com/burlington?utm_source=google&utm_medium=organic&utm_campaign=GBP,"2630 Ramada Rd, Burlington, NC 27215, USA",VT,"Burlington, VT",4.9,107
Anderson Lamb & Associates,,(802) 862-7070,,http://www.andersonlambpc.com/,"84 Pine St suite 501, Burlington, VT 05401, USA",VT,"Burlington, VT",4.8,60
Richard R. Goldsborough,,(802) 651-0960,,http://www.vtlawfirm.com/,"1233 Shelburne Rd Ste E1, South Burlington, VT 05403, USA",VT,"Burlington, VT",4.2,5
Valsangiacomo & Pelkey,,(802) 304-4602,,https://www.vdmlaw.com/?npcmp=dir:local:2208277:05641,"172 N Main St Ste 301, Barre, VT 05641, USA",VT,"Burlington, VT",5,5
Latham & Martin Accident and Injury Attorneys,,(804) 455-7433,,https://www.richmondinjurylawfirm.com/?utm_source=GBP&utm_medium=GBP&utm_campaign=GBP_Richmond&utm_id=GBP_Richmond,"100 W Franklin St Ste 401, Richmond, VA 23220, USA",VA,"Richmond, VA",4.9,159
Virginia Injury Law,,(804) 332-6561,,https://crashva.com/richmond/,"1108 E Main St, Richmond, VA 23219, USA",VA,"Richmond, VA",4.7,302
Cantor Grana Buckner Bucci Car Accident & Personal Injury Lawyers,,(804) 644-1400,,https://virginiatrialfirm.com/?utm_source=GBP&utm_medium=organic&utm_campaign=richmond,"7130 Glen Forest Dr #400, Richmond, VA 23226, USA",VA,"Richmond, VA",5,215
"Geoff McDonald & Associates, P.C.",,(804) 376-1099,,https://www.mcdonaldinjurylaw.com/offices/richmond/?utm_source=gbp&utm_medium=organic&utm_campaign=gbp-listing&utm_content=richmond-branch,"8720 Stony Point Pkwy Ste 250, Richmond, VA 23235, USA",VA,"Richmond, VA",4.7,1066
"Merrick Brock, PLLC",,(804) 538-3840,,https://merrickbrock.com/?utm_source=google&utm_medium=gbp&utm_campaign=richmond,"1801 Libbie Ave Ste 100, Richmond, VA 23226, USA",VA,"Richmond, VA",5,277
Marks & Harrison - Personal Injury Attorney - Richmond,,(804) 286-2770,,https://www.marksandharrison.com/?utm_source=GMB&utm_medium=organic&utm_campaign=Richmond,"1500 Forest Ave rm 100, Richmond, VA 23229, USA",VA,"Richmond, VA",4.8,503
River Run Law,,(804) 792-3916,,https://riverrunlaw.com/?utm_source=google&utm_medium=organic&utm_campaign=gmb,"8010 Ridge Rd Ste B, Richmond, VA 23229, USA",VA,"Richmond, VA",5,122
Cannella & O'Neal,,(804) 689-6445,,https://imaginejustice.com/?campaign=gmb&utm_campaign=gmb,"1111 E Main St #1900, Richmond, VA 23219, USA",VA,"Richmond, VA",4.9,206
Tronfeld West & Durrett,,(804) 358-6741,,https://twdinjurylaw.com/richmond/,"4020 W Broad St, Richmond, VA 23230, USA",VA,"Richmond, VA",4.8,195
Monge & Associates Injury and Accident Attorneys,,(804) 315-3263,,https://www.becauseyouwanttowin.com/richmond-personal-injury-lawyer/,"7204 Glen Forest Dr Ste 200A, Richmond, VA 23226, USA",VA,"Richmond, VA",4.8,130
"Allen, Allen, Allen & Allen",,(804) 353-1200,,https://www.allenandallen.com/richmond-personal-injury-lawyer/?utm_source=google&utm_medium=organic&utm_campaign=gbp_richmond,"1802 Bayberry Ct #400, Richmond, VA 23226, USA",VA,"Richmond, VA",4.7,279
Christina Pendleton & Associates,,(804) 322-1920,,https://www.virginiasinjurylawyers.com/richmond-personal-injury-lawyer/?utm_source=google&utm_medium=organic&utm_campaign=gmb-listing-richmond,"1506 Staples Mill Rd Unit 101, Richmond, VA 23230, USA",VA,"Richmond, VA",4.7,456
Reid Goodwin PLC | Personal Injury Attorney - Richmond Virginia,,(804) 415-7800,,https://www.reidgoodwin.com/richmond-personal-injury-lawyers,"4116 Fitzhugh Ave, Richmond, VA 23230, USA",VA,"Richmond, VA",4.8,137
"Emroch & Kilduff, PLLC",,(804) 376-5864,,https://emrochandkilduff.com/richmond/?utm_source=google&utm_medium=organic&utm_campaign=GBP_Richmond,"7301 Forest Ave Suite 300, Richmond, VA 23226, USA",VA,"Richmond, VA",4.5,105
Phelan Petty Injury Lawyers,,(804) 352-2453,,https://phelanpetty.com/,"3315 W Broad St, Richmond, VA 23230, USA",VA,"Richmond, VA",5,130
RVA Trial Lawyers,,(804) 886-1113,,https://rvatriallawyers.com/,"1210 E Cary St Ste 300-3, Richmond, VA 23219, USA",VA,"Richmond, VA",5,132
Commonwealth Law Group,,(804) 999-9999,,https://www.hurtinva.com/,"3311 W Broad St, Richmond, VA 23230, USA",VA,"Richmond, VA",4.6,122
Morgan & Morgan,,(804) 424-0966,,https://www.forthepeople.com/office-locations/virginia/richmond/?utm_source=GMB&utm_medium=local&utm_campaign=RichmondVAGMB,"901 E Cary St Suite 501, Richmond, VA 23219, USA",VA,"Richmond, VA",4.8,354
"Wind Injury Law, LLC",,(804) 773-3815,,http://www.windinjurylaw.com/?utm_source=GMB&utm_medium=organic&utm_campaign%20Google%20My%20Business,"5400-D Glenside Dr, Richmond, VA 23228, USA",VA,"Richmond, VA",5,250
Meade Law Firm,,(804) 377-2273,,https://www.meadelawfirm.com/,"7501 Boulder View Dr Ste 610, Richmond, VA 23225, USA",VA,"Richmond, VA",5,164
The Johnson Injury Firm,,(804) 657-4559,,https://www.thejohnsoninjuryfirm.com/,"5501 Staples Mill Rd, Richmond, VA 23228, USA",VA,"Richmond, VA",4.9,68
"Burnett & Williams, PC",,(804) 415-4531,,https://burnettwilliams.com/locations/richmond/,"6 W Broad St, Richmond, VA 23220, USA",VA,"Richmond, VA",5,31
The Joel Bieber Firm,,(804) 532-5529,,https://joelbieber.com/virginia/richmond/,"6806 Paragon Pl, Richmond, VA 23230, USA",VA,"Richmond, VA",4.8,626
"Page Law Firm, P.C.",,(804) 353-6166,,https://pagelawpc.com/,"2913 Park Ave, Richmond, VA 23221, USA",VA,"Richmond, VA",4.8,113
"Blaszkow Legal, PLLC",,(571) 341-7241,,https://alexandriainjuryattorney.com/richmond-personal-injury/,"7824 Shrader Rd, Richmond, VA 23294, USA",VA,"Richmond, VA",5,28
Epperly & Follis,,(804) 648-6480,,https://epperlyfollis.com/,"406 W Franklin St, Richmond, VA 23220, USA",VA,"Richmond, VA",4.8,47
"Lantz & Robins, P.C.",,(804) 404-7870,,https://lantzrobins.com/,"4900 Augusta Ave Ste 120, Richmond, VA 23230, USA",VA,"Richmond, VA",5,54
Injured Workers Law Firm,,(804) 207-5737,,https://www.injuredworkerslawfirm.com/,"7826 Shrader Rd, Richmond, VA 23294, USA",VA,"Richmond, VA",4.9,583
Brooks & Baez,,(804) 570-7473,,https://www.brooksbaez.com/?npcmp=dir:local:5145210:23236,"9100 Arboretum Pkwy #190, Richmond, VA 23236, USA",VA,"Richmond, VA",4.9,137
Abogado de Accidentes Edmundo,,(804) 310-7037,,https://www.abogadoedmundomeade.com/,"7501 Boulder View Dr Ste 610, Richmond, VA 23225, USA",VA,"Richmond, VA",4.9,81
"Blank & Marcus, LLC",,(804) 554-0351,,https://www.blankmarcus.com/,"1804 Staples Mill Rd, Richmond, VA 23230, USA",VA,"Richmond, VA",4.9,49
"Price Benowitz Accident Injury Lawyers, LLP",,(804) 325-4873,,https://pricebenowitz.com/virginia-injury/chesterfield-county-personal-injury-lawyer/?utm_source=GBP&utm_medium=GBP&utm_campaign=GBP_CHesterfield&utm_id=GBP_Chesterfield,"1011 E Main St Ste 203-A, Richmond, VA 23219, USA",VA,"Richmond, VA",4.8,99
Gray Broughton Injury Law,,(804) 669-9899,,https://graybroughton.com/,"1602 Rolling Hills Dr Ste 212, Henrico, VA 23229, USA",VA,"Richmond, VA",5,125
"Portner & Shure, P.A.",,(804) 282-0011,,https://www.portnerandshure.com/?utm_source=google&utm_medium=gbp&utm_campaign=richmond,"9100 Arboretum Pkwy Suite 340, Richmond, VA 23236, USA",VA,"Richmond, VA",4.6,162
"Penn Crawford, Esq.",,(804) 404-2798,,http://www.thejohnsoninjuryfirm.com/,"5501 Staples Mill Rd Unit 2, Richmond, VA 23228, USA",VA,"Richmond, VA",5,22
Silverman Law Firm LC,,(804) 492-0376,,https://www.joshsilvermanlaw.com/locations/richmond-office,"3415 Floyd Ave, Richmond, VA 23221, USA",VA,"Richmond, VA",4.7,52
"Renfro & Renfro, PLLC",,(804) 601-4433,,https://renfrolegal.com/richmond,"10710 Midlothian Turnpike #202, Richmond, VA 23235, USA",VA,"Richmond, VA",4.8,67
Hughes Mathews Legal Group,,(804) 352-2694,,https://hughesmathews.com/richmond-va-personal-injury-car-accident-workers-comp-lawyers/,"1051 E Cary St Ste 106, Richmond, VA 23219, USA",VA,"Richmond, VA",4.8,10
"BoobergLaw, P.C.",,(804) 440-4000,,https://www.booberglaw.com/,"406 W Franklin St, Richmond, VA 23220, USA",VA,"Richmond, VA",4.7,112
Christina Pendleton & Associates,,(804) 376-9913,,https://www.pendletonlawteam.com/,"125 S 14th St Ste 123, Richmond, VA 23219, USA",VA,"Richmond, VA",4.9,73
Breit Biniazan,,(804) 351-9040,,https://www.bbtrial.com/richmond/?utm_source=google-business&utm_medium=profile&utm_campaign=richmond,"2100 E Cary St Ste 310, Richmond, VA 23223, USA",VA,"Richmond, VA",4.8,19
Pathfinder Injury Law,,(804) 505-0633,,https://www.pathfinderlaw.com/,"8010 Ridge Rd Ste A, Richmond, VA 23229, USA",VA,"Richmond, VA",5,75
Voelkel Law Firm,,(804) 603-8760,,http://voelkellaw.com/,"530 E Main St #540, Richmond, VA 23219, USA",VA,"Richmond, VA",5,5
"Wind Injury Law, LLC",,(804) 597-6657,,https://www.windinjurylaw.com/mechanicsville-personal-injury-lawyer/?utm_source=GoogleMyBusiness-Mechanicsville&utm_medium=Google+business&utm_campaign=Wind+Law&utm_id=GMB,"8272 Meadowbridge Rd Ste 105, Mechanicsville, VA 23116, USA",VA,"Richmond, VA",5,75
Burnett & Williams PC,,(804) 794-0080,,https://burnettwilliams.com/locations/midlothian/,"1527 Huguenot Rd #201, Midlothian, VA 23113, USA",VA,"Richmond, VA",4.7,55
Tronfeld West & Durrett,,(804) 560-5550,,https://twdinjurylaw.com/,"1231 Gateway Centre Pkwy, North Chesterfield, VA 23235, USA",VA,"Richmond, VA",4.9,44
Corey Pollard Law,,(804) 251-1620,,https://cpollardlaw.com/,"10800 Midlothian Turnpike Ste 242, Richmond, VA 23235, USA",VA,"Richmond, VA",4.7,105
The Mottley Law Firm,,(804) 930-1022,,http://www.mottleylawfirm.com/,"8001 Franklin Farms Dr Suite 125 Suite 125, Richmond, VA 23229, USA",VA,"Richmond, VA",4.9,37
Hunter & Everage Personal Injury & Disability Attorneys,,(804) 780-1235,,https://www.hunter-everage.com/?utm_source=google&utm_medium=organic&utm_campaign=gbp_listing_richmond,"5206 Markel Rd Ste 200, Richmond, VA 23230, USA",VA,"Richmond, VA",4.8,121
Tronfeld West & Durrett,,(804) 358-6555,,https://twdinjurylaw.com/mechanicsville/,"6400 Mechanicsville Tpke, Mechanicsville, VA 23111, USA",VA,"Richmond, VA",5,150
Davis Law Group Car Accident and Personal Injury Lawyers Seattle,,(206) 775-7509,,https://www.injurytriallawyer.com/?utm_campaign=gmb&utm_medium=organic&utm_source=google,"2101 4th Ave #1030, Seattle, WA 98121, USA",WA,"Seattle, WA",4.9,719
Seattle Car Accident Law Firm,,(564) 333-2647,,https://seattlecaraccidentlawfirm.com/?utm_source=google&utm_medium=gbp&utm_campaign=seattle,"155 NE 100th St Ste. 210, Seattle, WA 98125, USA",WA,"Seattle, WA",5,98
Washington Injury Law,,(206) 866-2707,,http://www.washingtoninjurylaw.com/?utm_source=gmb&utm_medium=organic&utm_campaign=gmblisting,"1905 Queen Anne Ave N #300, Seattle, WA 98109, USA",WA,"Seattle, WA",4.9,274
Dubin Law Group,,(206) 800-8000,,http://www.dubinlawoffice.com/,"115 N 85th St Unit 202, Seattle, WA 98103, USA",WA,"Seattle, WA",4.7,403
Seattle Injury Law,,(800) 928-5486,,https://seattleinjurylaw.com/?utm_source=google&utm_medium=organic&utm_campaign=gbp,"1800 Westlake Ave N Ste 101, Seattle, WA 98109, USA",WA,"Seattle, WA",4.8,320
Boohoff Law,,(206) 350-6561,,https://www.boohofflaw.com/seattle-personal-injury-lawyer/?utm_source=google&utm_medium=organic&utm_campaign=GoogleLocal-Seattle,"920 5th Ave Ste 1530, Seattle, WA 98104, USA",WA,"Seattle, WA",4.9,243
Khan Injury Law - Seattle,,(206) 203-3978,,https://khaninjurylaw.com/?utm_source=GBP&utm_medium=local&utm_campaign=seattle,"1325 4th Ave #920, Seattle, WA 98101, USA",WA,"Seattle, WA",4.9,356
The Accident Guys,,(206) 944-3888,,https://calltheaccidentguys.com/seattle?utm_source=google&utm_medium=organic&utm_campaign=googlemybusiness,"1507 Queen Anne Ave N #210, Seattle, WA 98109, USA",WA,"Seattle, WA",5,26
Moseley Collins Law,,(800) 426-5546,,https://www.moseleycollins.com/seattle-personal-injury-lawyer.html,"701 5th Ave Suite 4200, Seattle, WA 98104, USA",WA,"Seattle, WA",5,1946
Elsner Law Firm,,(206) 447-1425,,https://elsnerlawfirm.com/?utm_campaign=gmb,"2130 Westlake Ave N #3, Seattle, WA 98109, USA",WA,"Seattle, WA",5,88
Bernard Law Group,,(206) 222-5232,,https://www.4injured.com/seattle-car-accident-lawyer/,"900 Aurora Ave N Ste 100, Seattle, WA 98109, USA",WA,"Seattle, WA",4.6,297
Fielding Law Group,,(206) 686-5454,,https://www.fieldinglawgroup.com/,"14900 Interurban Ave S Ste 271-45, Seattle, WA 98168, USA",WA,"Seattle, WA",4.8,400
Nick Major Law,,(206) 410-5688,,https://nickmajorlaw.com/,"450 Alaskan Way S Ste 200, Seattle, WA 98104, USA",WA,"Seattle, WA",4.9,79
Pendergast Law,,(206) 752-2270,,https://www.pendergastlaw.com/?utm_source=google&utm_medium=organic&utm_campaign=gbp_seattle,"520 Pike St Ste 1015, Seattle, WA 98101, USA",WA,"Seattle, WA",5,158
Cherin Law Firm,,(206) 850-6716,,https://cherinlawfirm.com/,"1001 4th Ave #4330, Seattle, WA 98154, USA",WA,"Seattle, WA",5,78
"Washington Injury Lawyers, PLLC",,(425) 312-3057,,http://www.washinjurylaw.com/,"1700 7th Ave #2100, Seattle, WA 98101, USA",WA,"Seattle, WA",4.9,60
Coluccio Law,,(206) 278-2514,,https://www.coluccio-law.com/?utm_source=google&utm_medium=organic&utm_campaign=gmb,"2120 1st Ave N #201, Seattle, WA 98109, USA",WA,"Seattle, WA",5,92
Dayani Law Firm,,(206) 777-5627,,http://dayanilawfirm.com/,"92 Lenora St Ste 110, Seattle, WA 98121, USA",WA,"Seattle, WA",5,125
Herrmann Law Group,,(206) 625-9104,,http://hlg.lawyer/,"505 5th Ave S #330, Seattle, WA 98104, USA",WA,"Seattle, WA",5,87
The Advocates Injury Attorneys,,(206) 944-5904,,https://www.advocateslaw.com/?utm_source=google&utm_medium=local&utm_campaign=gmb-seattle,"2125 Western Ave #500, Seattle, WA 98121, USA",WA,"Seattle, WA",4.8,644
Premier Law Group,,(206) 483-1425,,https://plg-pllc.com/seattle/personal-injury-lawyer/?utm_source=google&utm_medium=organic&utm_campaign=gbp-listing-seattle,"720 3rd Ave Ste 2015 p, Seattle, WA 98104, USA",WA,"Seattle, WA",4.8,62
Emerald Law Group,,(206) 826-5160,,https://www.emeraldlawgroup.com/,"605 1st Ave Ste 325, Seattle, WA 98104, USA",WA,"Seattle, WA",4.6,39
Pacific West Injury Law,,(206) 455-8800,,https://pacificwestinjury.com/seattle/,"3625 Woodland Park Ave N #101, Seattle, WA 98103, USA",WA,"Seattle, WA",4.9,123
Alpine Law Group,,(626) 460-8240,,https://alpinelawgroup.com/seattle-personal-injury-lawyer/?utm_source=GBP&utm_medium=organic&utm_campaign=Google+Business+Profile&utm_id=Google+Business+Profile,"600 Stewart St Ste 400, Seattle, WA 98101, USA",WA,"Seattle, WA",4.7,81
Karns & Karns Personal Injury and Accident Attorneys,,(206) 737-2441,,https://www.karnsandkarns.com/locations/seattle-wa-personal-injury-lawyers/,"701 5th Ave Suite 4200, Seattle, WA 98104, USA",WA,"Seattle, WA",5,19
"Luat Su Son, P.S.",,(206) 558-7900,,https://www.luatsuson.com/,"1229 Madison St Ste 1410, Seattle, WA 98104, USA",WA,"Seattle, WA",4.9,157
Chris and Frank Accident Attorneys,,(800) 669-8894,,https://chrisandfrank.com/seattle-accident-attorney/,"1511 3rd Ave #714, Seattle, WA 98101, USA",WA,"Seattle, WA",5,13
Michael E Mazon,,(206) 632-6500,,https://seattlelawoffices.com/,"4800 Aurora Ave N Suite 200, Seattle, WA 98103, USA",WA,"Seattle, WA",4.9,32
Monge & Associates Injury and Accident Attorneys,,(206) 558-4962,,https://www.becauseyouwanttowin.com/seattle-wa-personal-injury-lawyer/,"509 Olive Wy Ste 1361, Seattle, WA 98101, USA",WA,"Seattle, WA",4.9,248
Adler Giersch,,(206) 682-0300,,https://www.adlergiersch.com/?utm_source=gbp&utm_medium=organic&utm_campaign=fm,"333 Taylor Ave N, Seattle, WA 98109, USA",WA,"Seattle, WA",4.9,131
Menzer Law Group,,(206) 903-1818,,https://menzerlawfirm.com/seattle-location/,"2800 1st Ave Ste 328, Seattle, WA 98121, USA",WA,"Seattle, WA",4.8,58
The Fang Law Firm,,(206) 402-6015,,https://www.fanglawfirm.com/washington/,"506 2nd Ave #1433, Seattle, WA 98104, USA",WA,"Seattle, WA",5,63
Dann Sheffield & Associates,,(206) 781-5000,,https://www.sheffieldinjurylaw.com/,"5511 Seaview Ave NW B, Seattle, WA 98107, USA",WA,"Seattle, WA",4.9,78
Morgan & Morgan,,(206) 830-6160,,https://www.forthepeople.com/office-locations/washington/seattle/?utm_source=GMB&utm_medium=local&utm_campaign=SeattleWAGMB,"506 2nd Ave Ste 1513, Seattle, WA 98104, USA",WA,"Seattle, WA",4.7,989
Craig Swapp & Associates,,(206) 222-8242,,https://www.craigswapp.com/locations-served-western-washington/seattle/?utm_source=google&utm_medium=organic&utm_campaign=gmb&utm_id=Seattle&utm_content=main_button,"600 Stewart St Ste 400, Seattle, WA 98101, USA",WA,"Seattle, WA",4.9,229
Bungay Personal Injury Law,,(206) 769-0093,,http://www.bungaylaw.com/,"701 5th Ave Suite 4200, Seattle, WA 98104, USA",WA,"Seattle, WA",5,39
"Herschensohn Law Firm, PLLC",,(206) 338-4175,,https://zbhlaw.com/,"1918 1st Ave N, Seattle, WA 98109, USA",WA,"Seattle, WA",5,82
"GLP Attorneys, P.S., Inc.",,(206) 448-1992,,https://www.glpattorneys.com/,"2601 4th Ave 6th Floor, Seattle, WA 98121, USA",WA,"Seattle, WA",4.8,111
Washington Auto Law,,(206) 759-7662,,https://waautolaw.com/,"17637 108th Ave SE, Renton, WA 98055, USA",WA,"Seattle, WA",4.9,233
Perez & Perez Law PLLC,,(425) 748-5005,,https://www.perezandperezlaw.com/?utm_source=google-local&utm_medium=organic&utm_campaign=3042,"506 2nd Ave Ste 1400, Seattle, WA 98104, USA",WA,"Seattle, WA",4.9,15
"Kraft Davies Olsson, PLLC",,(206) 624-8844,,https://www.marineinjurylaw.com/?utm_source=gmb&utm_medium=organic&utm_campaign=website-listing-seattle,"1700 7th Ave #2100, Seattle, WA 98101, USA",WA,"Seattle, WA",5,20
Brett McCandlis Brown & Conner PLLC,,(206) 627-4376,,https://washingtoninjury.com/seattle-personal-injury-lawyer/?utm_campaign=gmb&utm_medium=organic&utm_source=gmb,"Columbia Tower, 701 5th Ave 42nd Floor, Seattle, WA 98104, USA",WA,"Seattle, WA",5,7
Brumley Law Firm Car Accident Lawyers - Seattle,,(206) 737-1705,,https://www.brumleylawfirm.com/seattle-personal-injury-attorney/,"617 Eastlake Ave E Ste 110, Seattle, WA 98109, USA",WA,"Seattle, WA",5,15
Siegfried & Jensen,,(206) 502-4133,,https://siegfriedandjensen.com/seattle-wa/personal-injury-lawyer/?utm_source=google&utm_medium=organic&utm_campaign=gbp-listing-seattle,"119 1st Ave S Ste 500k, Seattle, WA 98104, USA",WA,"Seattle, WA",5,124
Pendergast Law,,(425) 998-8992,,https://www.pendergastlaw.com/renton//?utm_source=google&utm_medium=organic&utm_campaign=gbp_renton,"555 S Renton Village Pl #640, Renton, WA 98057, USA",WA,"Seattle, WA",4.8,251
McNeese & Trotsky - Accident Attorneys,,(206) 332-1918,,https://www.mcneesetrotsky.com/?utm_source=gbp&utm_medium=organic&utm_campaign=local-bellevue,"11711 SE 8th St #301, Bellevue, WA 98005, USA",WA,"Seattle, WA",5,66
Damisi Velasquez Attorney at Law,,(206) 588-4750,,https://the206lawyer.com/,"1700 7th Ave #2100, Seattle, WA 98101, USA",WA,"Seattle, WA",5,34
Kode Law Firm,,(206) 531-2777,,https://www.kodelawfirm.com/,"10900 NE 4th St Unit 2300, Bellevue, WA 98004, USA",WA,"Seattle, WA",4.9,104
"Premier Law Group, PLLC - Bellevue Car Accident Attorneys",,(425) 214-1680,,https://plg-pllc.com/?utm_source=google&utm_medium=organic&utm_campaign=gbp-listing-bellevue,"1408 140th Pl NE Ste A, Bellevue, WA 98007, USA",WA,"Seattle, WA",4.8,296
Brumley Law Firm Car Accident Lawyers PLLC,,(833) 832-2727,,https://brumleylawfirm.com/seattle-personal-injury-attorney/,"450 Alaskan Way S Ste 200, Seattle, WA 98104, USA",WA,"Seattle, WA",4.5,8
"Warner Law Offices, PLLC",,(304) 756-5570,,https://www.wvpersonalinjury.com/?utm_source=gbp&utm_medium=organic&utm_campaign=gbp-website-charleston,"227 Capitol St, Charleston, WV 25301, USA",WV,"Charleston, WV",4.9,487
"Farmer, Cline & Campbell Personal Injury Lawyers Charleston",,(304) 873-9521,,https://farmerclinecampbell.com/?utm_medium=organic&utm_campaign=gmb-charleston,"746 Myrtle Rd, Charleston, WV 25314, USA",WV,"Charleston, WV",4.9,358
Salango Law,,(304) 342-0512,,http://www.salangolaw.com/?utm_source=google&utm_medium=organic&utm_campaign=gbp,"206 Capitol St #200, Charleston, WV 25301, USA",WV,"Charleston, WV",5,437
"Johnstone & Gabhart, LLP",,(855) 379-3331,,https://www.wvlaw.net/?utm_source=google&utm_medium=organic&utm_campaign=gmb,"1524 Kanawha Blvd E, Charleston, WV 25311, USA",WV,"Charleston, WV",5,228
West Law Firm LC,,(304) 343-9378,,https://www.westinjurylawyers.com/,"1514 Kanawha Blvd E Ste 2, Charleston, WV 25311, USA",WV,"Charleston, WV",5,203
Mani Ellis & Layne Accident & Injury Lawyers Charleston,,(304) 524-4676,,https://www.yourwvinjuryattorneys.com/?utm_source=google&utm_medium=organic&utm_campaign=gmb-Charleston,"10 Hale St Ste 501, Charleston, WV 25301, USA",WV,"Charleston, WV",4.9,88
Tiano O'Dell,,(304) 720-6700,,https://www.westvirginiapersonalinjurylawyer.net/charleston-west-virginia-personal-injury-attorney/?utm_source=gmb&utm_medium=organic&utm_campaign=gmb-listing,"118 Capitol St, Charleston, WV 25301, USA",WV,"Charleston, WV",5,103
"Hill, Peterson, Carper, Bee & Deitzler, PLLC",,(304) 205-1810,,https://www.hpcbd.com/?npcmp=dir:local:2404509:25311,"500 Tracy Way, Charleston, WV 25311, USA",WV,"Charleston, WV",4.9,28
"The Masters Law Firm, L.C.",,(304) 342-3106,,https://www.themasterslawfirm.com/personal-injury/,"181 Summers St, Charleston, WV 25301, USA",WV,"Charleston, WV",4.6,50
Monge & Associates Injury and Accident Attorneys,,(681) 221-5364,,https://www.becauseyouwanttowin.com/charleston-west-virginia-personal-injury-lawyer/,"232 Capitol St Ste 103, Charleston, WV 25301, USA",WV,"Charleston, WV",4.9,18
"Bailey, Javins & Carter, L.C.",,(304) 345-0346,,https://www.baileyjavinscarter.com/,"213 Hale St, Charleston, WV 25301, USA",WV,"Charleston, WV",4.9,26
Morgan & Morgan,,(304) 345-1122,,https://www.forthepeople.com/office-locations/west-virginia/charleston/?utm_source=GMB&utm_medium=local&utm_campaign=CharlestonWVGMB,"222 Capitol St #400, Charleston, WV 25301, USA",WV,"Charleston, WV",4.7,658
"DiPiero Simmons McGinley & Bastress, PLLC",,(304) 342-0133,,https://www.dbdlawfirm.com/,"604 Virginia St E, Charleston, WV 25301, USA",WV,"Charleston, WV",4.8,18
"Berthold Law Firm, PLLC",,(304) 605-2040,,https://www.law-wv.com/?utm_source=GMB&utm_medium=organic&utm_campaign=charleston,"208 Capitol St, Charleston, WV 25301, USA",WV,"Charleston, WV",5,23
Cary Law Office PLLC,,(304) 804-6369,,http://carylawofficewv.com/,"122 Capitol St Ste 200, Charleston, WV 25301, USA",WV,"Charleston, WV",5,851
Jan Dils Attorneys at Law,,(304) 407-2712,,https://jandils.com/charleston-injury/?utm_source=GBP&utm_medium=GBP&utm_campaign=GBP_Charleston&utm_id=GBP_Charleston,"500 Virginia St E Ste 710, Charleston, WV 25301, USA",WV,"Charleston, WV",4.6,310
The Love Law Firm,,(304) 244-3872,,https://thelovelawfirm.com/?utm_source=gbp&utm_medium=organic&utm_campaign=gbp-listing,"405 Capitol St Ste 309, Charleston, WV 25301, USA",WV,"Charleston, WV",4.5,16
WVLawyer,,(304) 982-8888,,https://www.wvlawyer.com/,"112 Capitol St Ste 400, Charleston, WV 25301, USA",WV,"Charleston, WV",5,5
Ben Salango,,(304) 342-0512,,http://www.salangolaw.com/,"206 Capitol St #200, Charleston, WV 25301, USA",WV,"Charleston, WV",5,9
"Walters Law Firm, PLLC",,(304) 391-8002,,https://www.walterslawwv.com/,"16 Capitol St, Charleston, WV 25301, USA",WV,"Charleston, WV",4.9,58
Jacobs Law Office,,(304) 926-6676,,https://www.jacobslawwv.com/?utm_source=google&utm_medium=organic&utm_campaign=gmb-listing,"7020 MacCorkle Ave SE, Charleston, WV 25304, USA",WV,"Charleston, WV",4.6,36
Hendrickson & Long PLLC,,(304) 346-5500,,http://www.handl.com/,"214 Capitol St, Charleston, WV 25301, USA",WV,"Charleston, WV",5,1
"Katz Kantor Stonestreet & Buckner, PLLC",,(304) 898-8499,,https://katzkantor.com/charleston-personal-injury/,"500 Virginia St E Ste 830, Charleston, WV 25301, USA",WV,"Charleston, WV",5,6
Shaffer & Shaffer PLLC,,(304) 344-8716,,https://www.shafferlaw.com/,"2116 Kanawha Blvd E, Charleston, WV 25311, USA",WV,"Charleston, WV",5,32
Calwell Luce diTrapano PLLC,,(304) 343-4323,,https://www.cldlaw.com/,"500 Randolph St, Charleston, WV 25302, USA",WV,"Charleston, WV",4.5,34
"Farmer, Cline & Campbell Personal Injury Lawyers Beckely",,(304) 873-9499,,https://farmerclinecampbell.com/beckley-personal-injury-lawyer/?utm_source=google&utm_medium=gpb&utm_campaign=beckley-gmb,"101 N Kanawha St Suite 101, Beckley, WV 25801, USA",WV,"Charleston, WV",4.9,306
"Heavens Law Firm, PLLC",,(304) 346-0464,,http://www.heavenslawfirm.com/,"2438 Kanawha Blvd E, Charleston, WV 25311, USA",WV,"Charleston, WV",5,33
Skinner Accident & Injury Lawyers,,(304) 769-6085,,https://skinnerfirm.com/?utm_source=gbp&utm_medium=organic&utm_campaign=gbp-website-charles-town,"115 E Washington St, Charles Town, WV 25414, USA",WV,"Charleston, WV",4.9,292
Lacy Law Offices,,(304) 741-5565,,https://www.lacylawoffices.com/,"103 Pennsylvania Ave N, Charleston, WV 25302, USA",WV,"Charleston, WV",5,3
Cormany Law PLLC,,(304) 720-3566,,https://www.cormanylaw.com/,"820 Virginia St, Charleston, WV 25301, USA",WV,"Charleston, WV",5,2
Kevin P. Davis Attorney at Law,,(304) 380-9080,,https://kpdlegalwv.com/,"5420 MacCorkle Ave SW, South Charleston, WV 25309, USA",WV,"Charleston, WV",5,22
Mike Slocumb Law Firm,,(304) 802-2115,,https://www.slocumblaw.com/?utm_source=gbp&utm_medium=organic&utm_campaign=charleston-wv,"300 Capitol St 11th Floor Suite 1101, Charleston, WV 25301, USA",WV,"Charleston, WV",4.1,9
"Stroebel & Stroebel, PLLC",,(304) 346-0197,,https://stroebellaw.com/,"405 Capitol St Ste 102, Charleston, WV 25301, USA",WV,"Charleston, WV",4.8,12
Segal & Amos PLLC,,(304) 344-9100,,https://segal-law.com/,"810 Kanawha Blvd E, Charleston, WV 25301, USA",WV,"Charleston, WV",5,2
Miller Luzier PLLC,,(304) 566-9818,,http://www.millerluzier.com/,"210 Hale St 2nd floor, Charleston, WV 25301, USA",WV,"Charleston, WV",5,1
Mark Hunt & Associates Attorneys PLLC,,(304) 344-1800,,http://www.markhuntlaw.com/,"2524 Kanawha Blvd E, Charleston, WV 25311, USA",WV,"Charleston, WV",4.6,16
"Farmer, Cline & Campbell Personal Injury Lawyers Morgantown",,(304) 443-5778,,https://farmerclinecampbell.com/morgantown-personal-injury-lawyer/?utm_source=google&utm_medium=gpb&utm_campaign=morgantown-gmb,"453 Suncrest Towne Centre Drive Ste 300, Morgantown, WV 26505, USA",WV,"Charleston, WV",4.9,179
"The Giatras Law Firm, PLLC",,(304) 343-2900,,https://www.thewvlawfirm.com/,"118 Capitol St #400, Charleston, WV 25301, USA",WV,"Charleston, WV",4.6,80
The Law Offices of Guy R. Bucci and Ashley N. Lynch,,,,,"108 1/2 Capitol St, Charleston, WV 25301, USA",WV,"Charleston, WV",5,1
Tabor Lindsay & Associates,,(304) 344-5155,,http://www.taborlindsay.com/,"1223 Virginia St E, Charleston, WV 25301, USA",WV,"Charleston, WV",3.8,31
"Campbell & Smith, PLLC | Personal Injury Lawyers",,(304) 345-9888,,https://lawfirmwv.com/?utm_campaign=Charleston&utm_medium=organic&utm_source=gmb,"100 Capitol St #402, Charleston, WV 25301, USA",WV,"Charleston, WV",3.4,5
"Troy Law Firm, PLLC",,(304) 345-1122,,https://www.troylawwv.com/?utm_source=GMB&utm_medium=organic&utm_campaign=charleston,"222 Capitol St #200a, Charleston, WV 25301, USA",WV,"Charleston, WV",5,10
"Shawn Taylor, PLLC",,(855) 969-4648,,https://www.shawntaylor.com/,"209 Capitol St, Charleston, WV 25301, USA",WV,"Charleston, WV",4.8,235
Freeman & Chiartas,,(304) 342-4508,,https://freemanandchiartas.com/,"1554 Kanawha Blvd E, Charleston, WV 25311, USA",WV,"Charleston, WV",5,1
J. Miles Morgan PLLC,,(304) 543-6357,,https://milesmorganlaw.com/,"2442 Kanawha Blvd E, Charleston, WV 25311, USA",WV,"Charleston, WV",5,1
"Robinette Legal Group, PLLC",,(304) 509-3444,,https://www.robinettelaw.com/,"211 Everhart Dr Ste 200, Morgantown, WV 26508, USA",WV,"Charleston, WV",4.9,136
Bland & Bland Attorneys At Law L.C.,,(304) 344-3691,,,"1550 Kanawha Blvd E, Charleston, WV 25311, USA",WV,"Charleston, WV",4,11
"Wooton, Davis, Hussell & Johnson, PLLC",,(304) 255-2188,,https://www.wdhjlaw.com/?utm_source=gmb&utm_medium=organic&utm_content=listing&utm_campaign=local,"300 Summers St Ste 1230, Charleston, WV 25301, USA",WV,"Charleston, WV",5,1
"Pullin, Fowler, Flanagan, Brown & Poe, PLLC",,(304) 344-0100,,https://www.pffwv.com/,"James Mark Building, 901 Quarrier St, Charleston, WV 25301, USA",WV,"Charleston, WV",4.8,5
Forbes Law Offices,,(304) 343-4050,,https://www.forbeslawwv.com/,"1118 Kanawha Blvd E, Charleston, WV 25301, USA",WV,"Charleston, WV",4.7,13
Lindner Law LLC,,(414) 710-9928,,https://www.lindnerlawllc.com/milwaukee-personal-injury-office/?utm_source=google&utm_medium=organic&utm_campaign=GBP_Milwaukee,"648 N Plankinton Ave, Milwaukee, WI 53203, USA",WI,"Milwaukee, WI",4.9,438
Nicolet Law Accident & Injury Lawyers,,(414) 409-5809,,https://nicoletlaw.com/milwaukee-personal-injury-lawyers/?utm_source=google&utm_medium=organic&utm_campaign=gbp_milwaukee,"207 N Milwaukee St, Milwaukee, WI 53202, USA",WI,"Milwaukee, WI",5,381
Habush Habush & Rottier S.C.,,(414) 271-0900,,https://www.habush.com/,"777 E Wisconsin Ave #2300, Milwaukee, WI 53202, USA",WI,"Milwaukee, WI",4.7,133
Hickey & Turim,,(262) 797-6677,,https://hickeyandturim.com/,"735 N Water St #1222, Milwaukee, WI 53202, USA",WI,"Milwaukee, WI",4.9,218
Warshafsky Law Firm,,(414) 895-6401,,https://www.warshafsky.com/?=GBPMilwaukee,"839 N Jefferson St #300, Milwaukee, WI 53202, USA",WI,"Milwaukee, WI",4.6,77
Hupy and Abraham,,(414) 223-4800,,https://www.hupy.com/offices/milwaukee-personal-injury-attorneys.cfm?utm_source=google&utm_medium=organic&utm_campaign=gbp-milwaukee,"111 E Kilbourn Ave #1100, Milwaukee, WI 53202, USA",WI,"Milwaukee, WI",4.5,644
Groth Law Accident Injury Attorneys,,(414) 251-1088,,https://grothlawfirm.com/milwaukee-personal-injury-lawyer/?utm_source=GMBlisting&utm_medium=organic,"1578 W National Ave, Milwaukee, WI 53204, USA",WI,"Milwaukee, WI",4.9,405
Sperling Law Offices LLC,,(414) 273-7777,,http://www.milwaukeelawfirm.com/,"411 E Wisconsin Ave #2300, Milwaukee, WI 53202, USA",WI,"Milwaukee, WI",4.8,199
Cannon & Dunphy S.C. - Milwaukee,,(414) 710-8238,,https://www.cannon-dunphy.com/,"1509 N Prospect Ave Suite 300, Milwaukee, WI 53202, USA",WI,"Milwaukee, WI",5,75
"Gruber Law Offices, LLC",,(414) 667-7111,,https://www.gruber-law.com/?utm_source=google&utm_medium=organic&utm_campaign=gbp-listing-milwaukee,"411 E Wisconsin Ave Fl 19, Milwaukee, WI 53202, USA",WI,"Milwaukee, WI",4.8,1879
Law Offices of Gary S. Greenberg,,(414) 271-7007,,https://www.greenberglawoffices.com/milwaukee/?utm_source=GMB&utm_medium=organic&utm_campaign=milwaukee,"5150 N Port Washington Rd #163, Milwaukee, WI 53217, USA",WI,"Milwaukee, WI",4.9,96
PKSD Accident and Injury Lawyers,,(414) 333-3333,,https://www.pksd.com/milwaukee-injury-lawyer/,"1110 N Doctor M.L.K. Jr Dr #320, Milwaukee, WI 53203, USA",WI,"Milwaukee, WI",4.6,250
Badger Injury Law,,(414) 396-7085,,https://www.badgerinjurylaw.com/?utm_source=google&utm_medium=organic&utm_campaign=gmb-website&utm_content=website_button,"111 E Wisconsin Ave #1750, Milwaukee, WI 53202, USA",WI,"Milwaukee, WI",4.9,39
TopDog Law Personal Injury Lawyers,,(414) 404-7960,,https://topdoglaw.com//locations/milwaukee-wi/personal-injury-lawyer/?utm_source=google&utm_medium=organic&utm_campaign=GMB-Water-Milwaukee-WI,"1433 N Water St Ste 400D, Milwaukee, WI 53202, USA",WI,"Milwaukee, WI",4.8,119
Groth Law Accident Injury Attorneys,,(414) 240-0707,,https://www.grothlawfirm.com/wauwatosa-personal-injury-lawyer/?utm_campaign=gmb&utm_medium=organic&utm_source=gmblisting,"11063 W Bluemound Rd, Wauwatosa, WI 53226, USA",WI,"Milwaukee, WI",4.9,434
"Mingo & Yankala, S.C.",,(414) 273-7400,,https://www.mysclaw.com/,"330 E Kilbourn Ave Ste 1221, Milwaukee, WI 53202, USA",WI,"Milwaukee, WI",5,36
Monge & Associates Injury and Accident Attorneys,,(414) 310-6976,,https://www.becauseyouwanttowin.com/milwaukee-personal-injury-lawyer/,"790 N Milwaukee St Ste 331, Milwaukee, WI 53202, USA",WI,"Milwaukee, WI",5,15
Trial Lawyers of Wisconsin,,(414) 888-7743,,https://www.trialwi.com/?utm_campaign=gmb,"215 N Water St Ste 400A, Milwaukee, WI 53202, USA",WI,"Milwaukee, WI",4.9,136
"Welcenbach Law Offices, S.C",,(414) 441-6803,,https://www.welcenbachlaw.com/,"933 N Mayfair Rd #311, Milwaukee, WI 53226, USA",WI,"Milwaukee, WI",4.7,43
Morgan & Morgan,,(414) 488-7130,,https://www.forthepeople.com/office-locations/wisconsin/milwaukee/?utm_source=GMB&utm_medium=local&utm_campaign=MilwaukeeWIGMB,"250 E Wisconsin Ave Ste 33, Milwaukee, WI 53202, USA",WI,"Milwaukee, WI",4.7,627
"Buss Law, LLC",,(414) 246-1000,,https://www.buss-law.com/?utm_source=google-local&utm_medium=organic&utm_campaign=4124,"10425 W North Ave Ste 251, Wauwatosa, WI 53226, USA",WI,"Milwaukee, WI",5,118
"Natasha Misra Law, LLC",,(414) 210-3834,,https://www.natashamisralaw.com/,"759 N Milwaukee St Ste 208, Milwaukee, WI 53202, USA",WI,"Milwaukee, WI",5,28
Groth Law Accident Injury Attorneys,,(414) 395-8976,,https://grothlawfirm.com/brookfield-personal-injury-attorney/?utm_campaign=gmb&utm_medium=organic&utm_source=gmblisting,"13105 W Bluemound Rd #100, Brookfield, WI 53005, USA",WI,"Milwaukee, WI",4.9,275
"Skemp, Anthony J",,(414) 856-4010,,http://www.martin-law-office.com/,"7801 S Howell Ave Ste. 102, Oak Creek, WI 53154, USA",WI,"Milwaukee, WI",5,23
Kanner & Pintaluga,,(800) 586-5555,,https://kpattorney.com/offices/wisconsin/milwaukee/?utm_source=google&utm_medium=organic&utm_campaign=gbp&utm_content=milwaukee,"1433 N Water St Ste 541, Milwaukee, WI 53202, USA",WI,"Milwaukee, WI",4.6,68
"Martin Law Office, S.C.",,(414) 856-2310,,https://www.martin-law-office.com/?utm_source=oakcreek&utm_medium=organic&utm_campaign=gbp,"7801 S Howell Ave Ste. 102, Oak Creek, WI 53154, USA",WI,"Milwaukee, WI",4.7,129
"Phillips, Cymerman & Trager, S.C.",,(414) 271-4262,,http://www.themilwaukeelawyer.com/,"161 W Wisconsin Ave #5000, Milwaukee, WI 53203, USA",WI,"Milwaukee, WI",4.9,85
Kmiec Law Offices,,(414) 649-9790,,http://www.kmieclaw.com/,"3741 W National Ave, Milwaukee, WI 53215, USA",WI,"Milwaukee, WI",4.8,21
Law Offices of Sobo & Sobo L.L.P.,,(414) 710-8036,,https://www.sobolaw.com/,"600 W Wisconsin Ave, Milwaukee, WI 53203, USA",WI,"Milwaukee, WI",4.9,89
Jacobs Injury Law,,(414) 306-8999,,http://jacobsinjurylaw.com/,"219 N Milwaukee St #5b, Milwaukee, WI 53202, USA",WI,"Milwaukee, WI",4.5,37
Dworkin and Maciariello Wisconsin Hammer Law Firm,,(414) 240-2329,,https://wisconsinhammer.com/,"1031 N Astor St, Milwaukee, WI 53202, USA",WI,"Milwaukee, WI",4.8,91
"Domnitz & Domnitz, S.C.",,(414) 289-0909,,http://www.domnitzlaw.com/,"825 N Jefferson St 5th floor, Milwaukee, WI 53202, USA",WI,"Milwaukee, WI",4.8,76
Gendlin Liverman & Rymer Sc,,(877) 225-5457,,http://www.glrinjuryattorneys.com/,"10335 W Oklahoma Ave, Milwaukee, WI 53227, USA",WI,"Milwaukee, WI",4.7,132
Injury & Disability Law Office of Wisconsin,,(414) 988-3401,,https://www.injury-disability.com/?npcmp=dir:local:5038842:53211,"3496 N Oakland Ave, Milwaukee, WI 53211, USA",WI,"Milwaukee, WI",4.8,53
Check Law LLC,,(414) 519-6151,,https://checklawllc.com/milwaukee-personal-injury-attorney/?utm_campaign=gmb,"757 N Broadway #401, Milwaukee, WI 53202, USA",WI,"Milwaukee, WI",5,8
"Andriusis Law Firm, LLC",,(414) 831-7929,,http://andriusislaw.com/,"985 W Oklahoma Ave, Milwaukee, WI 53215, USA",WI,"Milwaukee, WI",4.9,109
Mulholland Injury Law - Milwaukee,,(414) 286-9299,,https://mulhollandinjurylaw.com/milwaukee/,"790 N Milwaukee St Suite 300, Milwaukee, WI 53202, USA",WI,"Milwaukee, WI",5,2
"The Kryder Law Group, LLC Accident and Injury Lawyers",,(414) 441-3310,,https://www.kryderlaw.com/milwaukee-injury/?utm_source=google_gbp&utm_medium=organic&utm_campaign=GBPMilwaukee,"3331 W North Ave #102, Milwaukee, WI 53208, USA",WI,"Milwaukee, WI",5,31
D.M.R. Law Offices,,(414) 455-3629,,https://dmrlawoffices.com/?utm_source=google-local&utm_medium=organic&utm_campaign=3178,"10425 W North Ave #251, Wauwatosa, WI 53226, USA",WI,"Milwaukee, WI",4.9,52
"Murphy & Prachthauser, S.C.",,(414) 271-1011,,https://www.murphyprachthauser.com/,"330 E Kilbourn Ave #1200, Milwaukee, WI 53202, USA",WI,"Milwaukee, WI",4.8,48
"Gingras, Thomsen & Wachs Lawyers - Milwaukee",,(414) 710-1575,,https://gtwlawyers.com/locations/milwaukee/?utm_source=google&utm_medium=gbp&utm_campaign=milwaukee,"219 N Milwaukee St Ste 520, Milwaukee, WI 53202, USA",WI,"Milwaukee, WI",4.9,33
"Casey Law Offices, S.C.",,(414) 272-5564,,https://www.casey-injurylaw.com/,"757 N Broadway Ste 201, Milwaukee, WI 53202, USA",WI,"Milwaukee, WI",4.5,18
"Samster Konkel & Safran, S.C.",,(414) 224-0400,,https://www.skslawyers.com/?utm_source=GMB&utm_medium=organic&utm_campaign=milwaukee,"11063 W Bluemound Rd Ste 205, Wauwatosa, WI 53226, USA",WI,"Milwaukee, WI",4.9,37
"Jacobson, Schrinsky & Houck",,(414) 223-4444,,http://jsh-law.com/,"759 N Milwaukee St, Milwaukee, WI 53202, USA",WI,"Milwaukee, WI",4.6,9
"Rozek Law Offices, S.C.",,(414) 374-4444,,https://www.rozeklaw.com/,"3970 N Oakland Ave #604, Milwaukee, WI 53211, USA",WI,"Milwaukee, WI",5,8
"MacGillis Law Group, LLC",,(414) 727-5150,,https://macgillis.com/,"12700 W Bluemound Rd, Elm Grove, WI 53122, USA",WI,"Milwaukee, WI",5,38
Davis & Gelshenen LLP,,(866) 427-2121,,http://www.dgattorneys.com/,"735 N Water St #1437, Milwaukee, WI 53202, USA",WI,"Milwaukee, WI",4.5,8
"Stanford Law Offices, S.C.",,(414) 387-4285,,http://stanfordlawoffices.com/?npcmp=dir:local:1137490:53217,"225 E Fairmount Ave, Milwaukee, WI 53217, USA",WI,"Milwaukee, WI",5,42
Gebhard Law Office,,(414) 873-6550,,https://www.gebhardlaw.com/?utm_source=google&utm_medium=organic&utm_campaign=GMB,"8435 W Burleigh St, Milwaukee, WI 53222, USA",WI,"Milwaukee, WI",4.8,34
"Action Law Offices, S.C.",,(262) 291-2115,,https://www.actionlawoffices.com/,"933 N Mayfair Rd #307, Milwaukee, WI 53226, USA",WI,"Milwaukee, WI",5,19
Lowe Law Group,,(307) 313-5085,,https://www.lowelawgroup.com/cheyenne/?utm_source=GMB&utm_medium=organic&utm_campaign=cheyenne,"1111 E Lincolnway #114, Cheyenne, WY 82001, USA",WY,"Cheyenne, WY",4.9,86
Freeburg Law: Wyoming Personal Injury Lawyer,,(307) 249-4217,,https://tetonattorney.com/,"222 E 21st St, Cheyenne, WY 82001, USA",WY,"Cheyenne, WY",5,47
Olson Personal Injury Lawyers,,(307) 317-6779,,https://olsonlawfirm.com/cheyenne/?utm_source=google&utm_medium=gbp&utm_campaign=cheyenne,"1607 Capitol Ave, Cheyenne, WY 82001, USA",WY,"Cheyenne, WY",4.9,84
"Frank Azar Car & Truck Accident Lawyers - Cheyenne, Wyoming",,(307) 240-8110,,https://www.fdazar.com/practice-areas/cheyenne-personal-injury-lawyer/?utm_source=google&utm_medium=organic&utm_campaign=gbpcheyenne,"2232 Dell Range Blvd Ste 302, Cheyenne, WY 82009, USA",WY,"Cheyenne, WY",5,150
Davis & Johnson Law Office,,(307) 999-9800,,https://thewyoattorney.com/,"1807 Capitol Ave Ste 200, Cheyenne, WY 82001, USA",WY,"Cheyenne, WY",4.9,101
"Wyoming Accident Attorney, LLC",,(307) 735-0750,,http://wyomingaccident.com/,"109 E 17th St #208, Cheyenne, WY 82001, USA",WY,"Cheyenne, WY",5,3
Bailey | Stock | Harmon | Cottam | Lopez LLP,,(307) 222-4932,,https://www.performance-law.com/,"6234 Yellowstone Rd, Cheyenne, WY 82009, USA",WY,"Cheyenne, WY",4.8,53
The Advocates Injury Attorneys,,(307) 336-7416,,https://www.theadvocates.com/wyoming/cheyenne-personal-injury-lawyer/?utm_source=google&utm_medium=local&utm_campaign=gmb-cheyenne,"216 W Lincolnway Ste 33, Cheyenne, WY 82001, USA",WY,"Cheyenne, WY",5,22
"Smith & Weidinger, P.L.L.C.",,(307) 317-4096,,https://caraccidentlawyerindenver.com/,"1603 Capitol Ave Suite 509C, Cheyenne, WY 82001, USA",WY,"Cheyenne, WY",5,5
Fitzgerald Law Firm,,(307) 634-4000,,http://www.fitzgeraldlaw.com/,"2108 Warren Ave, Cheyenne, WY 82001, USA",WY,"Cheyenne, WY",5,5
Metier Law Firm,,(307) 303-3498,,https://www.metierlaw.com/wyoming/cheyenne?utm_source=google&utm_medium=organic&utm_campaign=gbp,"1620 Central Ave Suite 200A, Cheyenne, WY 82001, USA",WY,"Cheyenne, WY",5,3
Frederick J Harrison,,(307) 324-6639,,https://www.fjhlawoffice.com/,"1813 Carey Ave, Cheyenne, WY 82001, USA",WY,"Cheyenne, WY",3.7,6
Morgan & Morgan,,(307) 829-3850,,https://www.forthepeople.com/office-locations/wyoming/cheyenne/?utm_source=GMB&utm_medium=local&utm_campaign=CheyenneWYGMB,"1607 Capitol Ave Ste # 427, Cheyenne, WY 82001, USA",WY,"Cheyenne, WY",5,41
Cannon Law,,(970) 471-7170,,http://www.cannonlaw.com/,"109 E 17th St Ste 5401, Cheyenne, WY 82001, USA",WY,"Cheyenne, WY",5,5
The Wright Law Firm,,(307) 634-6111,,https://wrightslawfirm.com/,"513 E 17th St, Cheyenne, WY 82001, USA",WY,"Cheyenne, WY",4.8,81
"Bachus & Schanker, Personal Injury Lawyers | Cheyenne, WY Office",,(307) 500-0000,,https://www.coloradolaw.net/cheyenne-wy/?utm_campaign=l&utm_term=cheyenne,"211 W 19th St Ste 206, Cheyenne, WY 82001, USA",WY,"Cheyenne, WY",5,1
Shafner Injury Law,,(307) 277-6956,,https://www.shafnerlaw.com/,"1603 Capitol Ave Ste 413 S101, Cheyenne, WY 82001, USA",WY,"Cheyenne, WY",5,11
"Hoggatt Law Office, P.C.",,(307) 227-4051,,https://www.hoggattlaw.com/cheyenne-personal-injury-lawyer,"109 E 17th St Ste #6148, Cheyenne, WY 82001, USA",WY,"Cheyenne, WY",,
"The Law Offices of Dion J. Custis, P.C. - Criminal Defense & Accident Attorneys",,(307) 381-4222,,http://www.dioncustislaw.com/,"400 E 20th St, Cheyenne, WY 82001, USA",WY,"Cheyenne, WY",4.2,41
Freeburg Law: Wyoming Personal Injury & Criminal Defense Lawyer,,(307) 284-2435,,https://tetonattorney.com/,"235 E Broadway Ave #103, Jackson, WY 83001, USA",WY,"Cheyenne, WY",4.9,92
"Romsa Law Office, P.C.",,(307) 433-8777,,,"2123 Pioneer Ave, Cheyenne, WY 82001, USA",WY,"Cheyenne, WY",5,4
Ganderton Law Personal Injury Law Firm,,(719) 867-4447,,https://gandertonlaw.com/,"1621 Central Ave, Cheyenne, WY 82001, USA",WY,"Cheyenne, WY",,
"Rhodes Law Firm, LLC",,(307) 634-4444,,https://www.drhodeslaw.com/?npcmp=dir:local:4041287:82001,"2015 Warren Ave, Cheyenne, WY 82001, USA",WY,"Cheyenne, WY",3.7,3
Macy Mark E Attorney,,(307) 632-4100,,,"217 W 18th St, Cheyenne, WY 82001, USA",WY,"Cheyenne, WY",4.6,29
"Buchhammer & Ward: Ward, Zenith S.",,(307) 634-2184,,http://www.bwlawwyoming.com/,"1821 Logan Ave, Cheyenne, WY 82001, USA",WY,"Cheyenne, WY",4.9,10
Cowboy Country Law,,(307) 240-8449,,https://bestshotatfreedom.com/,"1600 Van Lennen Ave Ste 103a, Cheyenne, WY 82001, USA",WY,"Cheyenne, WY",4.8,24
Hirst Applegate,,(307) 632-0541,,http://www.hirstapplegate.com/,"1720 Carey Ave #200, Cheyenne, WY 82001, USA",WY,"Cheyenne, WY",4.7,15
Jackson & Ojeda LLC,,(307) 634-5735,,https://jacksonojedalaw.com/,"2300 Pioneer Ave, Cheyenne, WY 82001, USA",WY,"Cheyenne, WY",4.7,73
Kline Law Office PC,,(307) 778-7056,,,"401 W 19th St #306, Cheyenne, WY 82001, USA",WY,"Cheyenne, WY",5,1
Crank Legal Group,,(307) 634-2994,,http://www.cranklegalgroup.com/,"1815 Evans Ave, Cheyenne, WY 82001, USA",WY,"Cheyenne, WY",5,2
Macy Law,,,,https://www.macylaw.net/,"217 W 18th St #1, Cheyenne, WY 82001, USA",WY,"Cheyenne, WY",5,5
Metier Tom,,(307) 237-3800,,http://metierlaw.com/,"1623 Central Ave #146, Cheyenne, WY 82001, USA",WY,"Cheyenne, WY",,
"Law Office of Shelly Kay Flot, PC",,(307) 634-0661,,https://flotlaw.com/,"1623 Central Ave, Cheyenne, WY 82001, USA",WY,"Cheyenne, WY",4.6,87
Karpan & White PC,,(307) 637-0143,,http://www.karpanwhite.com/,"1920 Thomes Ave #610, Cheyenne, WY 82001, USA",WY,"Cheyenne, WY",,
Platte River Injury Law,,(307) 224-9378,,https://www.platteriverlaw.com/,"123 S Beech St Ste 101B, Casper, WY 82601, USA",WY,"Cheyenne, WY",4.6,60
"Ed Risha, P.C.",,(307) 458-1430,,https://rishalawoffice.com/?utm_source=google-local&utm_medium=organic&utm_campaign=1238,"1621 Central Ave Ste 203, Cheyenne, WY 82001, USA",WY,"Cheyenne, WY",4.8,31
Hoggatt Law Office P.C. | Fort Collins Personal Injury Lawyers,,(970) 225-2190,,https://www.hoggattlaw.com/?utm_source=google&utm_medium=Fort_Collins_gmb&utm_campaign=gmb_website_button,"123 N College Ave Ste 160, Fort Collins, CO 80524, USA",WY,"Cheyenne, WY",5,140
Robert T. Moxley PC,,(307) 632-1112,,https://robertmoxleylaw.com/?utm_source=google-local&utm_medium=organic&utm_campaign=3183,"2718 O Neil Ave, Cheyenne, WY 82001, USA",WY,"Cheyenne, WY",4.5,15
Walker Law,,(307) 529-2255,,http://www.wyocounsel.com/,"114 E 7th Ave Ste 200, Cheyenne, WY 82001, USA",WY,"Cheyenne, WY",5,6
Richard Gage Pc,,(307) 433-8864,,https://www.richardgage.net/,"1815 Pebrican Ave, Cheyenne, WY 82001, USA",WY,"Cheyenne, WY",3.8,4
"Edwards Law Office, PC",,(307) 883-2222,,http://edwardslawofficepc.com/,"107736 US-89 Ste 109, Etna, WY 83118, USA",WY,"Cheyenne, WY",4.9,157
Metier Law Firm,,(970) 538-8227,,https://www.metierlaw.com/colorado/fort-collins?utm_source=google&utm_medium=organic&utm_campaign=gbp,"4820 S College Ave, Fort Collins, CO 80525, USA",WY,"Cheyenne, WY",4.9,120
"Injury Law Firm, R. Michael Shickich",,(307) 266-5297,,http://www.injuryfirm.net/?utm_source=Google-Maps&utm_medium=Google-Maps&utm_campaign=Google-Maps,"1204 E 2nd St, Casper, WY 82601, USA",WY,"Cheyenne, WY",4.9,66
Parker & McConkie Personal Injury Lawyers Rock Springs,,(307) 313-1240,,https://www.parkerandmcconkie.com/rock-springs-personal-injury-lawyer/?utm_medium=organic&utm_campaign=gmb-rock-springs,"531 N Front St, Rock Springs, WY 82901, USA",WY,"Cheyenne, WY",5,77
"Bachus & Schanker, Personal Injury Lawyers | Fort Collins Office",,(970) 222-2222,,https://www.coloradolaw.net/fort-collins/?utm_campaign=local-listings&utm_term=fort-collins/,"2630 Illinois Dr, Fort Collins, CO 80525, USA",WY,"Cheyenne, WY",4.7,168
Coal Creek Law,,(307) 634-1525,,https://coalcreeklaw.com/,"211 W 19th St Ste 300, Cheyenne, WY 82001, USA",WY,"Cheyenne, WY",3.3,16
"Ross, Ross & Santini, LLC",,(307) 632-8957,,http://www.ross-santini.com/,"2402 Pioneer Ave, Cheyenne, WY 82001, USA",WY,"Cheyenne, WY",5,2
LeBaron & Jensen PC Evanston,,(307) 323-4747,,https://www.lebaronjensen.com/wyoming/,"1048 Main St, Evanston, WY 82930, USA",WY,"Cheyenne, WY",5,10
Hall & Evans LLC,,(307) 333-6701,,https://www.hallevans.com/,"2015 Central Ave, Cheyenne, WY 82001, USA",WY,"Cheyenne, WY",,
