firm,contact_name,phone,email,website,address,metro,rating,reviews
Suarez And Montero Car Accident Lawyer Miami .Com,,(305) 631-1911,,http://www.jaime-suarez.com/,"351 NW 42nd Ave, Miami, FL 33126, USA",Miami FL,5,1264
Wolfson & Leon,,(305) 285-1115,,https://www.wolfsonlawfirm.com/,"3399 SW 3rd Ave, Miami, FL 33145, USA",Miami FL,4.9,701
AccidentLawFirm.com,,(786) 981-0978,,https://accidentlawfirm.com/?utm_campaign=gmb,"2151 SW 42nd Ave #200, Miami, FL 33134, USA",Miami FL,5,268
Law Offices Of Jose M. Francisco,,(305) 649-5060,,https://josefrancisco-lawyers.com/es/,"8660 W Flagler St STE 100, Miami, FL 33144, USA",Miami FL,4.9,713
Zayed Law Offices Miami,,(305) 363-7576,,https://zayedlawoffices.com/miami-personal-injury-lawyer/?utm_source=google&utm_medium=organic&utm_campaign=gmb-miami,"169 E Flagler St Ste 1639, Miami, FL 33131, USA",Miami FL,5,80
The Russo Firm - Miami,,(786) 688-2800,,https://therussofirm.com/miami-personal-injury-lawyers/?utm_source=google&utm_medium=organic&utm_campaign=GBP_Miami,"1221 Brickell Ave Suite 900, Miami, FL 33131, USA",Miami FL,4.9,972
Mausner Group Injury Lawyers,,(305) 363-7829,,https://mginjuryfirm.com/,"25 SE 2nd Ave Ste 808, Miami, FL 33131, USA",Miami FL,5,646
"Steinger, Greene & Feiner",,(305) 506-4227,,https://www.injurylawyers.com/miami/car-accident-lawyer/?utm_source=gbp&utm_medium=profile&utm_campaign=miami,"150 SE 2nd Ave Ste 338, Miami, FL 33131, USA",Miami FL,4.9,665
Gerson and Schwartz Accident & Injury Lawyers,,(877) 475-2905,,https://www.injuryattorneyfla.com/,"1980 Coral Wy, Miami, FL 33145, USA",Miami FL,4.8,281
Goldberg & Rosen,,(305) 374-4200,,https://www.goldbergandrosen.com/?utm_source=GMBlisting&utm_medium=organic&utm_campaign=miami,"One Biscayne Tower, 2 Biscayne Blvd Ste 3650, Miami, FL 33131, USA",Miami FL,4.9,999
Aigen Injury Law,,(786) 882-9117,,https://www.personalinjuryinmiami.com/?utm_source=google&utm_medium=organic&utm_campaign=local,"1 SE 3rd Ave Ste 3020, Miami, FL 33131, USA",Miami FL,5,199
Bernstein & Maryanoff Injury Attorneys,,(800) 429-4529,,https://www.bernsteinandmaryanoff.com/?utm_campaign=local-listings&utm_term=florida,"9415 Sunset Dr Ste 226, Miami, FL 33173, USA",Miami FL,4.8,858
The Soffer Firm Miami Personal Injury Attorneys,,(305) 487-8615,,https://sofferfirm.com/?utm_campaign=gmb&utm_id=1&utm_medium=organic&utm_source=gbp,"333 SE 2nd Ave STE 2000, Miami, FL 33131, USA",Miami FL,5,122
A to Z Injury Law,,(305) 203-4357,,https://www.atozinjurylaw.com/,"9370 SW 72nd St # A255, Miami, FL 33173, USA",Miami FL,5,144
Perkins Personal Injury Lawyers,,(305) 741-5297,,https://www.perkinslawoffices.com/,"1728 Coral Wy Ste 702, Miami, FL 33145, USA",Miami FL,5,97
"Emas Law Group, Personal Injury Y Más",,(305) 433-3135,,https://emaslaw.com/,"66 W Flagler St Suite 1006, Miami, FL 33130, USA",Miami FL,5,38
"Brandon J. Broderick, Personal Injury Attorney at Law",,(866) 573-6363,,https://www.brandonjbroderick.com/florida/personal-injury-lawyer-miami?utm_campaign=gmb,"111 SW 3rd St, Miami, FL 33130, USA",Miami FL,5,75
CarAccidentAttorney.com,,(305) 590-5285,,https://caraccidentattorney.com/florida/miami/car-accidents/,"201 S Biscayne Blvd Suite 1230, Miami, FL 33131, USA",Miami FL,4.9,292
Spencer Morgan Law,,(305) 423-3800,,https://www.smorganlaw.com/,"9155 S Dadeland Blvd Ste 1104, Miami, FL 33156, USA",Miami FL,5,276
Ward Law Miami,,(786) 751-7481,,https://www.855dolor55.com/?utm_source=google&utm_medium=organic&utm_campaign=miami-lakes-gmb,"7900 NW 154th St, Miami Lakes, FL 33016, USA",Miami FL,4.9,5553
Blucas Law,,(786) 505-7721,,http://blucaslaw.com/,"2350 Coral Wy Ste 301, Miami, FL 33145, USA",Miami FL,5,146
DLE Lawyers | Abogados De Accidentes Miami,,(305) 363-7855,,https://www.dlelawyers.com/,"2151 S Le Jeune Rd Unit 305, Miami, FL 33134, USA",Miami FL,4.8,173
Amanda Demanda Injury Lawyers,,(786) 882-7535,,https://www.callamandademanda.com/?utm_campaign=gmb,"5959 Waterford District Dr #306, Miami, FL 33126, USA",Miami FL,4.8,1030
"James Piccolino Law, P.A.",,(844) 452-6377,,https://jamespiccolinolaw.com/,"1221 Brickell Ave Suite 900, Miami, FL 33131, USA",Miami FL,5,390
"Panzer Law, P.A.",,(305) 455-9754,,http://www.panzerlawpa.com/,"701 Brickell Ave #1550, Miami, FL 33131, USA",Miami FL,5,68
WorkInjuryRights.com,,(305) 506-1760,,https://workinjuryrights.com/miami/?utm_source=google&utm_medium=organic&utm_campaign=gbp_miami,"701 Brickell Ave Ste 1550, Miami, FL 33131, USA",Miami FL,4.9,331
Max Law,,(833) 442-2659,,https://maxlawpa.com/,"800 Brickell Ave 4th Floor, Miami, FL 33131, USA",Miami FL,5,123
Payer Law Personal injury Lawyers,,(305) 306-2993,,https://www.payerlawgroup.com/miami/?utm_source=google&utm_medium=organic&utm_campaign=miami-gbp,"12000 Biscayne Blvd Ste 503, Miami, FL 33181, USA",Miami FL,4.9,165
"Reid Injury Law, PLLC",,(888) 279-9717,,https://reidinjurylaw.com/,"990 Biscayne Blvd Office 501-5, Miami, FL 33132, USA",Miami FL,5,14
Flanagan & Bodenheimer Injury and Wrongful Death Law Firm,,(786) 998-8506,,http://www.florida-justice.com/?utm_campaign=gmb,"110 Merrick Wy Ste 2C, Coral Gables, FL 33134, USA",Miami FL,4.9,74
CP Law Firm PA | Personal Injury Lawyer / Attorney in Miami,,(786) 369-8863,,https://cplawfirmpa.com/,"2 Biscayne Blvd #2630, Miami, FL 33131, USA",Miami FL,5,21
"Rust Injury Law, PLLC",,(305) 200-8856,,https://www.rustinjurylaw.com/,"1395 Brickell Ave Suite #800, Miami, FL 33131, USA",Miami FL,5,55
"Needle & Ellenberg, Medical Malpractice Lawyers",,(305) 530-0000,,https://needleellenberg.com/,"3350 Mary St 1st Floor, Miami, FL 33133, USA",Miami FL,5,90
Redemption Law,,(786) 882-0287,,https://theredemptionlaw.com/?utm_source=google&utm_medium=organic&utm_campaign=gmb,"15100 NW 67th Ave Ste 410, Miami Lakes, FL 33014, USA",Miami FL,5,489
Luis I Guerra - The Guerra Law Firm,,(305) 461-3638,,http://guerrainjurylaw.com/,"1395 Brickell Ave Suite #800, Miami, FL 33131, USA",Miami FL,5,103
"The Law Firm of Rey Padron, PLLC",,(305) 800-5342,,https://www.reypadron.com/,"5803 NW 151st St #205, Miami Lakes, FL 33014, USA",Miami FL,5,94
Madalon Injury Lawyers,,(888) 888-5666,,https://madalonlaw.com/,"150 SE 2nd Ave Ste 300, Miami, FL 33131, USA",Miami FL,5,140
Callejo Law,,(305) 392-0772,,https://www.callejolaw.net/?utm_source=gmb&utm_medium=organic&utm_content=listing&utm_campaign=local,"1450 Madruga Ave Ste 409-A, Coral Gables, FL 33146, USA",Miami FL,5,125
Jimenez Mazzitelli Mordes,,(305) 548-8750,,https://www.myfloridalitigators.com/miami-personal-injury-attorney/,"9350 S Dixie Hwy PH 5, Miami, FL 33156, USA",Miami FL,5,311
Shaked Law Personal Injury Lawyers Aventura,,(786) 461-1741,,https://shakedlaw.com/?utm_campaign=gmb&utm_medium=organic&utm_source=google,"20900 NE 30th Ave Ste 715, Aventura, FL 33180, USA",Miami FL,4.9,126
Drucker Law Offices,,(305) 981-1561,,http://www.floridalawteam.com/miami/,"1401 NW 17th Ave, Miami, FL 33125, USA",Miami FL,5,81
"Lipcon & Lipcon, P.A.",,(305) 670-6144,,https://www.lipconlawfirm.com/,"7300 N Kendall Dr Ste 680, Miami, FL 33156, USA",Miami FL,5,72
Rubenstein Law Personal Injury Lawyers,,(305) 422-9416,,https://www.rubensteinlaw.com/?y_source=1_MzY1NjQwNjMtNzE1LWxvY2F0aW9uLndlYnNpdGU=,"333 SE 2nd Ave Ste 2000, Office 2007, Miami, FL 33131, USA",Miami FL,4.8,102
"Kaire & Heffernan, PLLC",,(305) 419-1379,,https://www.kairelaw.com/aventura-injury/%20?utm_source=GBP&utm_medium=GBP&utm_campaign=GBP_Aventura&utm_id=GBP_Aventura,"19495 Biscayne Blvd #403, Aventura, FL 33180, USA",Miami FL,4.9,132
"Rosen Injury Law, P.A.",,(954) 835-4436,,https://roseninjury.com/?utm_source=google&utm_medium=organic&utm_campaign=gbp,"5599 S University Dr Ste 206, Davie, FL 33328, USA",Miami FL,5,308
"Lipcon, Margulies & Winkleman, P.A.",,(888) 572-6185,,https://www.lipcon.com/?utm_source=gmb_miami,"2800 Ponce de Leon Blvd #1480, Miami, FL 33134, USA",Miami FL,5,272
Karns & Karns Personal Injury and Accident Attorneys,,(305) 564-3352,,https://www.karnsandkarns.com/locations/miami-florida-personal-injury-lawyers/,"801 Brickell Ave Ste 900, Miami, FL 33131, USA",Miami FL,5,24
The Law Office of Eric Matthew Rubenstein,,(877) 829-3742,,http://ericrubenstein.com/,"80 Southwest 8th Street Brickell Bayview, #2000, Miami, FL 33130, USA",Miami FL,5,40
Your Insurance Attorney,,(866) 644-9318,,http://www.yourinsuranceattorney.com/?utm_campaign=gmb,"2601 S Bayshore Dr 5th Floor, Miami, FL 33133, USA",Miami FL,5,2909
Stabinski Law,,(305) 643-3100,,https://www.stabinskilaw.com/?utm_source=google&utm_medium=organic&utm_campaign=gbp,"757 NW 27th Ave Third Floor, Miami, FL 33125, USA",Miami FL,4.9,142
Top Notch Miami Injury Attorneys,,(561) 878-8280,,https://topnotchcaraccidentattorneys.com/location/auto-accident-attorney-in-Miami-your-legal-guide,"1669 SW 27th Ave, Miami, FL 33145, USA",Miami FL,5,6
"Julian Rudolph Law, P.A.",,(305) 300-2702,,https://getjrlaw.com/,"25 SE 2nd Ave Ste 808, Miami, FL 33131, USA",Miami FL,4.9,140
PereGonza The Attorneys - Los Abogados,,(786) 981-6326,,http://www.peregonza.com/,"850 NW 42nd Ave Ste #205, Miami, FL 33126, USA",Miami FL,4.9,469
Rubenstein Law Personal Injury Lawyers,,(305) 564-6189,,https://www.rubensteinlaw.com/?y_source=1_MzI2NTI5NzYtNzE1LWxvY2F0aW9uLndlYnNpdGU%3D,"9130 S Dadeland Blvd PH Suite, Miami, FL 33156, USA",Miami FL,4.7,1023
Chalik & Chalik Injury and Accident Lawyers,,(305) 315-8251,,https://www.chaliklaw.com/miami-personal-injury-lawyer/?utm_source=google&utm_medium=organic&utm_campaign=gbp-listing-miami,"28 W Flagler St #1000, Miami, FL 33130, USA",Miami FL,5,181
"The Founders Law, P.A.",,(877) 832-9836,,https://www.thefounderslaw.com/?npcmp=dir:local:5164765:33014,"15211 NW 60th Ave, Miami Lakes, FL 33014, USA",Miami FL,4.9,645
"Rosen Injury Law, P.A. - Fort Lauderdale",,(954) 787-1500,,https://roseninjury.com/?utm_source=google&utm_medium=organic&utm_campaign=gbpfortlauderdale,"5353 N Federal Hwy Ste 101, Fort Lauderdale, FL 33308, USA",Miami FL,5,75
David Helfand PA,,(305) 810-6590,,http://www.davidhelfandlaw.com/,"175 SW 7th St Ste 1610, Miami, FL 33130, USA",Miami FL,4.9,37
"The Ferraro Law Firm, P.A.",,(866) 797-7845,,https://www.ferrarolaw.com/?utm_source=google_my_business&utm_medium=organic&force_utm=true,"600 Brickell Ave Unit 3800, Miami, FL 33131, USA",Miami FL,4.4,81
Law Offices of Lee P Marks PA,,(305) 444-3343,,https://leepmarks.com/,"816 NW 11th St Ste 1C, Miami, FL 33136, USA",Miami FL,5,151
Workman Car Accident & Personal Injury Lawyers Fort Lauderdale,,(954) 800-2488,,https://workmaninjurylaw.com/?utm_source=google&utm_medium=organic&utm_campaign=gmb-fort-lauderdale,"633 S Andrews Ave Ste 401, Fort Lauderdale, FL 33301, USA",Fort Lauderdale FL,5,324
The Law Offices of Anidjar & Levine,,(954) 859-1634,,https://www.anidjarlevine.com/fort-lauderdale-personal-injury-lawyer/?utm_source=google&utm_medium=organic&utm_campaign=gmb-listing-Fort+Lauderdale,"300 SE 17th St, Fort Lauderdale, FL 33316, USA",Fort Lauderdale FL,4.8,1665
Blakeley Car Accident & Personal Injury Lawyers Fort Lauderdale,,(954) 253-9445,,https://www.floridainjuryadvocate.com/fort-lauderdale/personal-injury-lawyer/?utm_source=google&utm_medium=organic&utm_campaign=gbp-listing-fort-lauderdale,"1451 W Cypress Creek Rd Ste 300, Fort Lauderdale, FL 33309, USA",Fort Lauderdale FL,5,1152
The Injury Firm,,(954) 951-0000,,https://flinjuryfirm.com/,"1608 E Commercial Blvd, Fort Lauderdale, FL 33334, USA",Fort Lauderdale FL,4.9,421
Madalon Injury Law,,(954) 923-0072,,https://madalonlaw.com/,"100 N Federal Hwy CU5, Fort Lauderdale, FL 33301, USA",Fort Lauderdale FL,5,521
"Boone & Davis, Attorneys at Law",,(954) 566-9919,,https://www.booneanddavislaw.com/fort-lauderdale-personal-injury-attorney/,"2311 N Andrews Ave, Fort Lauderdale, FL 33311, USA",Fort Lauderdale FL,4.9,144
"Lawlor, White & Murphey",,(954) 525-2345,,https://www.lwmpersonalinjurylawyers.com/,"2211 Davie Blvd, Fort Lauderdale, FL 33312, USA",Fort Lauderdale FL,4.9,226
Fort Lauderdale Car Accident Lawyers - Lytal Reiter,,(954) 466-0364,,https://www.foryourrights.com/fort-lauderdale/,"110 SE 6th St Ste 1714, Fort Lauderdale, FL 33301, USA",Fort Lauderdale FL,5,89
"Steinger, Greene & Feiner",,(954) 302-7080,,https://www.injurylawyers.com/fort-lauderdale/?y_source=1_MTc0MTIzNS03MTUtbG9jYXRpb24ud2Vic2l0ZQ%3D%3D,"2727 NW 62nd St, Fort Lauderdale, FL 33309, USA",Fort Lauderdale FL,4.9,2262
Kurzman Law Group,,(954) 406-6464,,https://kurzmanlawgroup.com/?utm_source=google&utm_medium=organic&utm_campaign=gmb&utm_content=profile,"500 E Broward Blvd Ste 1015, Fort Lauderdale, FL 33394, USA",Fort Lauderdale FL,4.9,237
Cohen Injury Law,,(954) 246-3999,,https://www.cohenlawflorida.com/,"300 SE 2nd Ave Suite 600, Fort Lauderdale, FL 33301, USA",Fort Lauderdale FL,5,63
Bernheim Kelley Injury Lawyers - Fort Lauderdale,,(954) 866-1111,,https://realjustice.com/?utm_source=GBP&utm_medium=organic&utm_campaign=fortlauderdale,"1212 E Broward Blvd 3rd Floor, Fort Lauderdale, FL 33301, USA",Fort Lauderdale FL,5,323
Friedland Law,,(800) 210-4878,,https://yourfightourbattle.com/,"101 NE 3rd Ave #1600, Fort Lauderdale, FL 33301, USA",Fort Lauderdale FL,4.7,557
Meldon Law,,(352) 618-2270,,https://www.meldonlaw.com/fort-lauderdale/?utm_source=google&utm_medium=organic&utm_campaign=gbp-listing-fort-lauderdale,"1 E Broward Blvd #700, Fort Lauderdale, FL 33301, USA",Fort Lauderdale FL,4.9,143
Weinstein Legal Team,,(954) 845-0505,,https://www.thelawofwe.com/locations/fort-lauderdale/,"514 NE 13th St, Fort Lauderdale, FL 33304, USA",Fort Lauderdale FL,4.9,302
Law Offices of Wolf & Pravato Fort Lauderdale Injury Attorney,,(954) 522-5800,,https://wolfandpravato.com/florida/fort-lauderdale/?utm_source=GMBfort-lauderdale&utm_medium=organic&utm_campaign=Google%20My%20Business#car-accident-lawyer,"2101 W Commercial Blvd #1500, Fort Lauderdale, FL 33309, USA",Fort Lauderdale FL,4.9,130
Coffey Trial Law,,(954) 541-3194,,https://coffeytriallaw.com/,"550 S Andrews Ave Ste 600, Fort Lauderdale, FL 33301, USA",Fort Lauderdale FL,4.9,208
The Levin Firm Personal Injury and Car Accident Lawyers Ft Lauderdale,,(954) 519-5394,,https://www.levininjuryfirm.com/fort-lauderdale/?utm_source=gbp&utm_medium=organic&utm_campaign=gbp-listing&utm_content=fort-lauderdale,"820 NW 7th Terrace, Fort Lauderdale, FL 33311, USA",Fort Lauderdale FL,4.9,175
Santana Injury Law - Medical Malpractice & Automobile Accident Attorneys,,(305) 564-2529,,https://santanainjurylaw.com/,"200 SW 1st Ave Ste 930, Fort Lauderdale, FL 33301, USA",Fort Lauderdale FL,5,63
Hollander Law Firm Personal Injury & Car Accident Lawyers of Fort Lauderdale Office,,(954) 231-2320,,https://www.hollanderlawfirm.com/,"1975 E Sunrise Blvd Suite# 702, Fort Lauderdale, FL 33304, USA",Fort Lauderdale FL,5,39
Freedland Harwin Valori Gander - Medical Malpractice Attorneys,,(954) 467-6400,,https://www.fhvlegal.com/fort-lauderdale/?utm_source=google&utm_medium=organic&utm_campaign=gbp-fortlauderdale,"550 S Andrews Ave Ste 630, Fort Lauderdale, FL 33301, USA",Fort Lauderdale FL,4.9,198
Wright Accident & Injury Law,,(754) 755-4040,,https://forthewronged.com/,"100 SE 3rd Ave Ste 1000, Fort Lauderdale, FL 33394, USA",Fort Lauderdale FL,5,29
"Law Office of Nick Panebianco, PA",,(954) 524-6886,,https://www.southfloridaworkerscompensationlawyers.com/,"Courthouse Place, 12 SE 7th St Ste 605, Fort Lauderdale, FL 33301, USA",Fort Lauderdale FL,5,186
Maus Law Firm | Car Accident & Personal Injury Lawyers Fort Lauderdale,,(954) 833-1413,,http://www.mauslawfirm.com/?utm_source=GMBlisting&utm_medium=organic,"205 SW Davie Blvd, Fort Lauderdale, FL 33315, USA",Fort Lauderdale FL,4.9,118
The Bald Injury Lawyers,,(954) 869-9533,,https://www.thebaldinjurylawyers.com/?utm_campaign=gmb&utm_medium=fortlauderdale+&utm_source=gbp,"1700 NW 64th St Ste 460, Fort Lauderdale, FL 33309, USA",Fort Lauderdale FL,4.9,337
Demesmin and Dover Law Firm,,(866) 954-6673,,https://youraccidentattorneys.com/,"1650 SE 17th St, Fort Lauderdale, FL 33316, USA",Fort Lauderdale FL,5,431
Pelosi Injury Law,,(954) 870-5479,,https://pelosiinjurylaw.com/,"1995 E Oakland Park Blvd #115, Fort Lauderdale, FL 33306, USA",Fort Lauderdale FL,4.9,299
Tucker Law,,(954) 204-0444,,https://www.tuckerup.com/fort-lauderdale/,"800 SE 3rd Ave Ste 300, Fort Lauderdale, FL 33316, USA",Fort Lauderdale FL,4.9,267
"David I. Fuchs Injury and Accident Lawyer, P.A.",,(954) 744-0743,,https://www.southfloridapersonalinjurylawyers.com/,"8 SE 8th St, Fort Lauderdale, FL 33316, USA",Fort Lauderdale FL,4.6,114
Schneider Car Accident & Injury Firm,,(954) 388-1326,,https://www.schneiderinjuryfirm.com/,"805 E Broward Blvd Ste 301E, Fort Lauderdale, FL 33301, USA",Fort Lauderdale FL,5,43
Wolfson & Leon,,(954) 530-3918,,https://fortlauderdale.wolfsonlawfirm.com/?utm_source=google&utm_medium=local,"110 SE 6th St #1717, Fort Lauderdale, FL 33301, USA",Fort Lauderdale FL,5,85
"Ginnis, Krathen & Zelnick, P.A.",,(954) 466-9279,,https://gkzlegal.com/?utm_source=GBP&utm_medium=organic&utm_campaign=fortlauderdale,"401 E Las Olas Blvd #2360, Fort Lauderdale, FL 33394, USA",Fort Lauderdale FL,5,126
The Morse Injury Firm,,(954) 560-3063,,http://www.morseinjuryfirm.com/,"1330 SE 4th Ave Ste G, Fort Lauderdale, FL 33316, USA",Fort Lauderdale FL,5,78
"Englander Peebles, Accident & Injury Lawyers",,(954) 951-8717,,https://www.ftlinjurylaw.com/?utm_source=google&utm_medium=organic&utm_campaign=GBP_Fort_%20Lauderdale,"2122 W Cypress Creek Rd Ste 206, Fort Lauderdale, FL 33309, USA",Fort Lauderdale FL,4.9,299
Mike Slocumb Law Firm,,(954) 555-0199,,https://www.slocumblaw.com/?utm_source=gbp&utm_medium=organic&utm_campaign=fort-lauderdale-fl,"101 NE 3rd Ave #1500, Fort Lauderdale, FL 33301, USA",Fort Lauderdale FL,5,11
Ansara Law Personal Injury Attorneys,,(954) 761-3641,,https://injury.ansaralaw.com/,"3025 N Ocean Blvd #101, Fort Lauderdale, FL 33308, USA",Fort Lauderdale FL,5,35
"Law Offices Of David M. Benenfeld, P.A.",,(954) 677-0155,,https://www.injurylawservice.com/,"101 NE 3rd Ave Ste 1500, Fort Lauderdale, FL 33301, USA",Fort Lauderdale FL,4.9,114
"Netska Law Group, PLLC",,(954) 836-7530,,https://netskalaw.com/,"1314 E Las Olas Blvd Ste 2356, Fort Lauderdale, FL 33301, USA",Fort Lauderdale FL,5,117
"Lisa S Levine, P.A. - Fort Lauderdale Personal Injury and Medical Malpractice Attorney",,(954) 256-1820,,https://floridainjuryclaim.com/contact/fort-lauderdale/,"110 SE 6th St Ste 1700-06, Fort Lauderdale, FL 33301, USA",Fort Lauderdale FL,5,21
"GMV Law Group, LLP",,(954) 530-6206,,http://www.gmvlawgroup.com/,"12 SE 7th St Ste 800, Fort Lauderdale, FL 33301, USA",Fort Lauderdale FL,5,82
Newman Injury Law PLLC,,(954) 495-8500,,https://www.newmaninjurylaw.com/,"5700 Stirling Rd Suite 200B, Hollywood, FL 33021, USA",Fort Lauderdale FL,5,210
Dean Levy Injury Law PLLC,,(954) 623-8440,,https://www.deanlevylaw.com/,"955 S Federal Hwy Ste 416, Fort Lauderdale, FL 33316, USA",Fort Lauderdale FL,5,68
The Russo Firm,,(954) 767-0676,,https://therussofirm.com/fort-lauderdale-personal-injury-lawyers/?utm_source=google&utm_medium=organic&utm_campaign=GBP_Fort_Lauderdale,"330 SW 2nd St Apt 214, Fort Lauderdale, FL 33312, USA",Fort Lauderdale FL,4.9,627
Clayton Trial Lawyers PLLC,,(833) 938-2300,,https://ctllawyers.com/office-locations/ft-lauderdale/?utm_source=Google+Business+Page&utm_medium=Organic+Search&utm_campaign=fort+lauderdale,"501 E Las Olas Blvd #300, Fort Lauderdale, FL 33301, USA",Fort Lauderdale FL,4.9,71
Katz & Katz,,(954) 765-6526,,https://www.katzlawgroup.net/,"200 S Andrews Ave Ste 700, Fort Lauderdale, FL 33301, USA",Fort Lauderdale FL,5,90
Chalik & Chalik Injury and Accident Lawyers,,(954) 945-7022,,https://www.chaliklaw.com/fort-lauderdale-personal-injury-lawyer/?utm_source=google&utm_medium=organic&utm_campaign=gmb-listing-fort-lauderdale,"721 SE 17th St, Fort Lauderdale, FL 33316, USA",Fort Lauderdale FL,5,65
Krupnick Campbell Malone Buser Slama Hancock,,(954) 763-8181,,https://www.krupnicklaw.com/fort-lauderdale-personal-injury-lawyer/,"350 E Las Olas Blvd Ste 800, Fort Lauderdale, FL 33301, USA",Fort Lauderdale FL,4.8,79
Rubenstein Law Personal Injury Lawyers,,(954) 945-9475,,https://www.rubensteinlaw.com/?y_source=1_MzY1NjQwMjktNzE1LWxvY2F0aW9uLndlYnNpdGU%3D,"110 E Broward Blvd Ste 1700 | Office 1727, Fort Lauderdale, FL 33301, USA",Fort Lauderdale FL,4.6,35
TPH Law,,(877) 352-4658,,http://www.thomasandpearl.com/,"2404 NE 9th St, Fort Lauderdale, FL 33304, USA",Fort Lauderdale FL,4.7,110
Cohen and Cohen Law,,(954) 271-9325,,https://cohenandcohenlaw.com/,"500 E Broward Blvd #900, Fort Lauderdale, FL 33394, USA",Fort Lauderdale FL,5,3
"Attorneys Jo Ann Hoffman & Associates, P.A.",,(954) 772-2644,,https://www.joannhoffman.com/,"4403 W Tradewinds Ave, Lauderdale-By-The-Sea, FL 33308, USA",Fort Lauderdale FL,4.9,168
"Barnett Fenton Injury Law, P.A.",,(954) 736-3070,,https://tommy4justice.com/,"550 S Andrews Ave Ste 360, Fort Lauderdale, FL 33301, USA",Fort Lauderdale FL,5,64
"Orlan Injury Law, PLLC",,(954) 281-2540,,https://www.orlaninjurylaw.com/,"1401 N University Dr #501, Coral Springs, FL 33071, USA",Fort Lauderdale FL,5,43
"Schlesinger Law Offices, P.A.",,(954) 467-8800,,https://www.schlesingerlawoffices.com/,"1212 SE 3rd Ave, Fort Lauderdale, FL 33316, USA",Fort Lauderdale FL,4.7,95
WorkInjuryRights.com,,(954) 388-8616,,https://workinjuryrights.com/fort-lauderdale/?utm_source=google&utm_medium=business_profile&utm_campaign=fort_lauderdale,"500 E Broward Blvd Suite #1710, Fort Lauderdale, FL 33394, USA",Fort Lauderdale FL,4.8,44
Florida Injury Law Group,,(954) 793-4170,,http://www.justiceforyourinjuries.com/,"2550 N Federal Hwy 2nd Floor, Fort Lauderdale, FL 33305, USA",Fort Lauderdale FL,5,11
Morgan & Morgan,,(954) 318-0268,,https://www.forthepeople.com/office-locations/florida/fort-lauderdale/?utm_source=GMB&utm_medium=local&utm_campaign=PlantationFLGMB,"8151 Peters Rd Suite 4000, Plantation, FL 33324, USA",Fort Lauderdale FL,4.5,2244
"The Salazar Law Firm, P.A.",,(954) 467-1965,,https://www.thesalazarlawfirm.com/,"888 S Andrews Ave Ste 203, Fort Lauderdale, FL 33316, USA",Fort Lauderdale FL,4.9,80
"Jack Bernstein, Injury Attorneys",,(813) 333-6666,,https://bernsteininjurylaw.com/?utm_campaign=local-listings&utm_term=w-cypress,"4350 W Cypress St Suite 725, Tampa, FL 33607, USA",Tampa FL,4.9,1621
Abrahamson & Uiterwyk Car Accident and Personal Injury Lawyers,,(813) 212-6906,,https://www.theinjurylawyers.com/?utm_medium=organic&utm_source=gmb&utm_campaign=website&utm_term=tampa-westplatt,"900 W Platt St Ste 100, Tampa, FL 33606, USA",Tampa FL,4.9,664
MattLaw Car Accident and Personal Injury Lawyers,,(813) 565-2864,,https://mattlaw.com/?utm_source=google&utm_medium=organic&utm_campaign=main,"304 S Plant Ave, Tampa, FL 33606, USA",Tampa FL,5,1274
The Law Offices of Ryan Cappy,,(813) 512-6011,,http://www.cappylaw.com/,"400 N Ashley Dr #2100, Tampa, FL 33602, USA",Tampa FL,5,281
"Martin J. Hernandez, P.A.",,(813) 755-9500,,https://injurylawyersoftampa.com/,"3002 W Kennedy Blvd, Tampa, FL 33609, USA",Tampa FL,4.9,827
Dan Newlin Injury Attorneys,,(813) 888-8000,,https://www.newlinlaw.com/,"1408 N Westshore Blvd Suite 310, Tampa, FL 33607, USA",Tampa FL,5,1384
Armando Personal Injury Law,,(813) 640-2567,,https://www.armandoinjurylaw.com/tampa/,"2002 E 5th Ave UNIT 103, Tampa, FL 33605, USA",Tampa FL,4.9,222
Tampa Personal Injury Lawyers,,(813) 639-8111,,https://www.tampalaw.com/,"400 N Ashley Dr, Tampa, FL 33602, USA",Tampa FL,5,48
Dennis Hernandez Injury Attorneys,,(855) 529-3366,,https://www.dennishernandez.com/tampa/,"3339 W Kennedy Blvd, Tampa, FL 33609, USA",Tampa FL,4.8,648
Darrigo & Diaz Attorneys at Law,,(813) 774-3341,,https://www.ddlawtampa.com/?utm_source=google&utm_medium=GBP&utm_campaign=TampaGBP&utm_content=website,"4504 N Armenia Ave, Tampa, FL 33603, USA",Tampa FL,4.9,498
"Boohoff Law, P.A. - Auto Accident Lawyers",,(813) 733-6179,,http://boohofflaw.com/tampa-personal-injury-lawyer/?utm_source=GMB&utm_medium=organic&utm_campaign=Tampa,"829 W Dr Martin Luther King Jr Blvd, Tampa, FL 33603, USA",Tampa FL,5,610
"Mickey Keenan, P.A. - Tampa Personal Injury Attorneys",,(813) 856-2151,,https://mickeykeenan.com/tampa-personal-injury-lawyer/?utm_campaign=gmb&utm_medium=organic&utm_source=gbptampa,"324 N Dale Mabry Hwy #101, Tampa, FL 33609, USA",Tampa FL,5,516
Matthews Injury Law,,(813) 530-1000,,https://matthewspersonalinjurylaw.com/,"1228 E 7th Ave Ste S-200, Tampa, FL 33605, USA",Tampa FL,5,85
Catania & Catania Injury Lawyers,,(813) 896-4480,,https://www.cataniaandcatania.com/?utm_campaign=gmb&utm_medium=organic&utm_source=google,"Bank of America Plaza, 101 E Kennedy Blvd Suite 2400, Tampa, FL 33602, USA",Tampa FL,4.7,1134
Carter Injury Law,,(813) 706-5778,,https://www.carterinjurylaw.com/,"3114 N Blvd, Tampa, FL 33603, USA",Tampa FL,5,261
Vanguard Attorneys,,(813) 471-4444,,https://www.vanguardinjuryattorneys.com/tampa-personal-injury-lawyer/,"1220 E 5th Ave, Tampa, FL 33605, USA",Tampa FL,4.9,79
Farah & Farah | Tampa Personal Injury & Car Accident Lawyers,,(813) 358-0490,,https://farahandfarah.com/tampa/?utm_source=google&utm_medium=organic&utm_campaign=gbp-tampa,"5100 W Kennedy Blvd #250, Tampa, FL 33609, USA",Tampa FL,4.9,770
"Steinger, Greene & Feiner",,(813) 553-5352,,https://www.injurylawyers.com/tampa/?y_source=1_MTQ3MDc4MzQtNzE1LWxvY2F0aW9uLndlYnNpdGU%3D,"5440 Mariner St Unit 211, Tampa, FL 33609, USA",Tampa FL,4.9,1003
Franchi Law,,(813) 800-4529,,https://franchilaw.com/?utm_source=gmb&utm_medium=organic&utm_campaign=gmb-listing&utm_id=google,"4100 W Kennedy Blvd #300, Tampa, FL 33609, USA",Tampa FL,4.9,257
Fran Haasch Law Group Accident & Injury Lawyers - Tampa,,(813) 328-8308,,https://www.lawfran.com/tampa-personal-injury-lawyers/?utm_source=google&utm_medium=organic&utm_campaign=gbp,"333 S Plant Ave 1st Floor, Tampa, FL 33606, USA",Tampa FL,5,302
Jeff Murphy Law,,(813) 443-5553,,https://www.jeffmurphylaw.com/?utm_source=google&utm_medium=organic&utm_campaign=gbp_listing,"Floor Bank of America Plaza, 101 E Kennedy Blvd #39th, Tampa, FL 33602, USA",Tampa FL,5,180
Rinaldo Law Group,,(813) 831-9999,,https://www.tampainjuryaccidentlaw.com/,"3800 W Bay to Bay Blvd Ste 11, Tampa, FL 33629, USA",Tampa FL,4.9,99
Morgan & Morgan,,(813) 223-5505,,https://www.forthepeople.com/office-locations/florida/tampa/?utm_source=GMB&utm_medium=local&utm_campaign=TampaFLGMB,"201 N Franklin St 7th Floor, Tampa, FL 33602, USA",Tampa FL,4.7,7258
Culpepper Kurland,,(813) 228-8600,,https://www.ckfirm.com/?npcmp=dir:local:4031296:33602,"101 E Kennedy Blvd #2300, Tampa, FL 33602, USA",Tampa FL,4.8,377
RHINO Lawyers,,(813) 251-8200,,https://www.rhinolawyers.com/practice-areas/florida-car-accident-lawyers/?utm_source=gmb&utm_medium=link&utm_campaign=tampa,"101 N 12th St UNIT 102, Tampa, FL 33602, USA",Tampa FL,4.7,1115
Brooks Law Group - Tampa Personal Injury Lawyer,,(813) 680-4620,,https://brookslawgroup.com/tampa/personal-injury-lawyer/?utm_source=google&utm_medium=organic&utm_campaign=gbp-listing-tampa,"3812 Gunn Hwy, Tampa, FL 33618, USA",Tampa FL,4.9,199
Diaco Law,,(813) 212-8188,,https://www.diacolaw.com/?utm_source=gmb&utm_medium=organic&utm_campaign=gmb-listing,"605 S Boulevard, Tampa, FL 33606, USA",Tampa FL,4.9,116
Anderson & Anderson | 2TimsLaw,,(813) 251-0072,,https://www.tgalaw.com/,"213 S Brevard Ave, Tampa, FL 33606, USA",Tampa FL,4.9,145
"The Florida Law Group, Tampa Car Accident and Personal Injury Attorneys",,(833) 856-0062,,https://www.thefloridalawgroup.com/tampa/,"407 N Howard Ave, Tampa, FL 33606, USA",Tampa FL,4.8,133
Fiol & Morros Personal Injury & Accident Lawyers Tampa,,(813) 212-4183,,https://www.fiolinjurylaw.com/?utm_source=google&utm_medium=gmb&utm_campaign=tampa,"1515 N Marion St, Tampa, FL 33602, USA",Tampa FL,4.8,217
"Dolman Law Group Accident Injury Lawyers, PA - Tampa",,(813) 212-8509,,https://www.dolmanlaw.com/personal-injury-lawyer/florida/tampa/?utm_source=google&utm_medium=organic&utm_campaign=gmb-listing-central-tampa,"3715 W Horatio St Suite G, Tampa, FL 33609, USA",Tampa FL,5,97
D2 Injury Law - Tampa Car Accident and Personal Injury Attorneys,,(813) 797-4604,,https://d2law.com/?utm_source=gbp&utm_campaign=Tampa,"2504 W Crest Ave, Tampa, FL 33614, USA",Tampa FL,4.9,223
"McCulloch Law, P.A.",,(813) 444-2817,,http://www.mcfloridalaw.com/,"238 E Davis Blvd Ste. 202, Tampa, FL 33606, USA",Tampa FL,5,330
"Rodriguez & Williamson, PLLC",,(813) 320-7500,,https://www.rodriguezwilliamson.com/,"1600 E 8th Ave A200, Tampa, FL 33605, USA",Tampa FL,5,152
"Ligori & Ligori, Attorneys at Law: Keith Ligori",,(813) 547-5142,,https://www.callmeonmycell.com/?utm_source=Google&utm_medium=GMB,"1711 W Kennedy Blvd, Tampa, FL 33606, USA",Tampa FL,4.8,301
"L Pincus Law, PLLC",,(813) 333-1343,,https://lpincuslaw.com/,"12962 N Dale Mabry Hwy, Tampa, FL 33618, USA",Tampa FL,5,223
Rebein Law,,(813) 305-7285,,https://www.rebeinlaw.com/,"1901 W Cass St, Tampa, FL 33606, USA",Tampa FL,5,205
The Fernandez Firm,,(800) 222-8163,,https://www.fernandezfirm.com/,"2503 W Swann Ave Suite 100, Tampa, FL 33609, USA",Tampa FL,4.8,123
Winters & Yonker Car Accident and Personal Injury Lawyers,,(813) 773-3133,,https://wintersandyonker.com/,"601 W Swann Ave, Tampa, FL 33606, USA",Tampa FL,4.5,417
Jurewitz Law Group Injury & Accident Lawyers,,(813) 946-6538,,https://www.jurewitz.com/tampa/?utm_source=GMB&utm_medium=organic&utm_campaign=tampa,"730 S Sterling Ave #305, Tampa, FL 33609, USA",Tampa FL,5,200
Distasio Law Firm,,(813) 412-8277,,https://distasiofirm.com/tampa-fl/personal-injury-lawyer/?utm_source=google&utm_medium=organic&utm_campaign=gbp-listing-tampa,"1112 Channelside Dr #5, Tampa, FL 33602, USA",Tampa FL,4.7,87
"Accidents Pro Law, P.A.",,(813) 343-4044,,https://www.accidentsprolaw.com/,"13302 Winding Oak Court B, Tampa, FL 33612, USA",Tampa FL,5,192
Rubenstein Law Personal Injury Lawyers,,(813) 957-9418,,https://www.rubensteinlaw.com/?y_source=1_MzI2NTI5ODItNzE1LWxvY2F0aW9uLndlYnNpdGU%3D,"401 E Jackson St #1410, Tampa, FL 33602, USA",Tampa FL,4.6,344
"Wagner, McLaughlin & Whittemore",,(813) 560-0939,,https://www.wagnerlaw.com/?utm_source=google&utm_medium=maps&utm_campaign=tampa&st-t=tampa,"601 Bayshore Blvd #910, Tampa, FL 33606, USA",Tampa FL,4.9,39
Roman Austin Car Accident and Personal Injury Lawyers,,(813) 587-9101,,https://romanaustin.com/tampa/?utm_source=google&utm_medium=organic&utm_campaign=GBP-Tampa,"401 E Jackson St Suite 3319, Tampa, FL 33602, USA",Tampa FL,5,151
"Apex Law Firm, PLLC Tampa",,(813) 497-2615,,https://apexfirm.com/,"412 E Madison St Ste 1206, Tampa, FL 33602, USA",Tampa FL,5,91
Christopher Ligori & Associates,,(813) 223-2929,,https://www.ligorilaw.com/,"117 S Willow Ave, Tampa, FL 33606, USA",Tampa FL,4.6,334
Morgan & Morgan,,(813) 229-4030,,https://www.forthepeople.com/office-locations/florida/west-tampa/?utm_source=GMB&utm_medium=local&utm_campaign=WestTampaFLGMB,"3705 N Himes Ave West, Tampa, FL 33607, USA",Tampa FL,4.7,2680
JustCallMoe Injury & Accident Attorneys,,(813) 592-6323,,https://justcallmoe.com/tampa-personal-injury-attorney/?utm_source=GMBListing&utm_medium=organic,"1560 W Cleveland St Ste 100, Tampa, FL 33606, USA",Tampa FL,5,112
Lorenzo & Lorenzo,,(813) 998-9529,,https://www.lorenzoandlorenzo.com/?utm_source=gmb&utm_medium=website,"4701 N Armenia Ave, Tampa, FL 33603, USA",Tampa FL,4.7,330
Carlson Meissner Hayslett P. A. | Tampa DUI & Criminal Defense Attorneys,,(813) 473-6132,,https://carlsonmeissner.com/tampa/?utm_source=GMB&utm_medium=Website&utm_campaign=mapstakeover,"601 N Ashley Dr #1100-1007, Tampa, FL 33602, USA",Tampa FL,4.9,269
Kemp Law Group,,(727) 847-4878,,https://www.kemplaw.com/,"11567 Trinity Blvd, Trinity, FL 34655, USA",Tampa FL,5,888
Durham Law Group P.C. Injury and Accident Attorneys,,(813) 333-6250,,https://www.durhamlawgrouppc.com/,"100 N Tampa St Ste 1620, Tampa, FL 33602, USA",Tampa FL,5,37
Kogan & DiSalvo Personal Injury Lawyers Tampa,,(813) 796-5909,,https://www.kogan-disalvo.com/tampa-injury/?utm_source=GMBlisting&utm_medium=organic&utm_campaign=Tampa,"1725 W Dr Martin Luther King Jr Blvd Ste 106, Tampa, FL 33607, USA",Tampa FL,5,32
The Reyes Firm,,(833) 422-3329,,http://www.thereyesfirm.com/?utm_campaign=gmb,"4730 N Habana Ave #201, Tampa, FL 33614, USA",Tampa FL,4.9,264
RTRLAW,,(813) 370-0229,,https://rtrlaw.com/tampa/?utm_source=googlemybusiness&utm_medium=organic&utm_campaign=gbptampa,"707 N Franklin St 8th Floor, Tampa, FL 33602, USA",Tampa FL,4.8,158
The Pawlowski Mastrilli Law Group,,(813) 242-4404,,https://www.megajustice.com/,"1401 E 22nd Ave., Tampa, FL 33605, USA",Tampa FL,4.6,202
Mincone Personal Injury Lawyers,,(813) 800-0810,,https://www.avidlawyers.com/?utm_source=google&utm_medium=organic&utm_campaign=gmb-tampa,"1925 E 6th Ave Unit 10, Tampa, FL 33605, USA",Tampa FL,5,59
"Burnetti, P.A.",,(813) 491-1611,,https://www.burnetti.com/tampa/?utm_source=GMB&utm_medium=organic&utm_campaign=tampa,"1000 N Ashley Dr #800, Tampa, FL 33602, USA",Tampa FL,4.8,358
"Capaz Law Firm, P.A.",,(813) 440-2700,,https://capazlaw.com/personal-injury-attorney-tampa/?utm_source=GMBlisting&utm_medium=organic,"601 S Boulevard Ste 102, Tampa, FL 33606, USA",Tampa FL,4.9,32
Dan Newlin Injury Attorneys,,(407) 888-8000,,https://www.newlinlaw.com/?utm_source=googlemybusiness&utm_medium=local&utm_campaign=googlemybusiness,"7335 W Sand Lake Rd Ste #300, Orlando, FL 32819, USA",Orlando FL,4.9,16574
Todd Miner Law,,(407) 894-1480,,https://toddminerlaw.com/?utm_source=GMB&utm_medium=organic&utm_campaign=orlando,"915 Outer Rd, Orlando, FL 32814, USA",Orlando FL,4.9,984
Tina Willis Law Injury Accident Lawyer,,(407) 803-2139,,https://injuryattorneyflorida.com/,"390 N Orange Ave Unit 2310, Orlando, FL 32801, USA",Orlando FL,5,147
The Orlando Injury Law Firm,,(407) 680-1600,,http://www.orlandoinjury.com/,"7065 Westpointe Blvd Ste 319, Orlando, FL 32835, USA",Orlando FL,4.9,75
"Payas, Payas & Payas LLP",,(407) 888-8888,,https://www.payaslaw.com/,"1018 E Robinson St, Orlando, FL 32801, USA",Orlando FL,4.9,351
"Kaufman & Lynd Personal Injury and Accident Attorneys, PLLC",,(407) 706-3535,,https://www.whenyouneedus.com/,"200 E Robinson St Ste 400, Orlando, FL 32801, USA",Orlando FL,4.9,783
Hogan Smith Law,,(407) 377-0700,,https://www.hogansmith.com/,"Orlando, FL 32822, USA",Orlando FL,4.9,4610
"Trial Pro, P.A.",,(407) 300-0000,,https://www.trialpro.com/,"201 S Orange Ave Ste 675, Orlando, FL 32801, USA",Orlando FL,4.8,1056
The Jaspon Firm Accident Injury Lawyer,,(407) 513-9515,,https://thejasponfirm.com/,"738 W Colonial Dr, Orlando, FL 32804, USA",Orlando FL,5,288
"Michael T. Gibson, P.A. Orlando Car Accident Lawyer",,(407) 995-6143,,https://autojusticeattorney.com/?utm_campaign=gmb,"2420 S Lakemont Ave #150, Orlando, FL 32814, USA",Orlando FL,4.8,604
Orlando Accident Attorneys,,(407) 775-4775,,https://www.orlandoaccidentattorneys.com/,"55 E Washington St Ste 200, Orlando, FL 32801, USA",Orlando FL,5,25
Spetsas Buist Personal Injury & Car Accident Lawyers,,(321) 414-8602,,https://www.spetsasbuist.com/?utm_source=google&utm_medium=organic&utm_campaign=GBP,"225 E Robinson St Ste 542, Orlando, FL 32801, USA",Orlando FL,5,230
Samaroo Law,,(407) 250-1200,,https://samaroolaw.com/,"121 S Orange Ave #1110, Orlando, FL 32801, USA",Orlando FL,4.9,315
"Maaswinkel Law, P.A.",,(407) 999-0045,,https://www.maaswinkellaw.com/,"629 N Fern Creek Ave, Orlando, FL 32803, USA",Orlando FL,4.9,158
Weston & Pape Injury & Accident Lawyers,,(407) 972-0973,,https://accidentlawyerelite.com/,"37 N Orange Ave #211, Orlando, FL 32801, USA",Orlando FL,5,347
Norden Leacox,,(407) 499-7113,,https://nordenleacox.com/orlando-personal-injury-lawyer,"633 E Colonial Dr, Orlando, FL 32803, USA",Orlando FL,4.9,753
Payer Law,,(407) 258-1638,,https://www.payerlawgroup.com/?utm_campaign=gmb&utm_medium=organic&utm_source=google,"6735 Conroy Rd Suite 332, Orlando, FL 32835, USA",Orlando FL,5,206
JustCallMoe Injury & Accident Attorneys,,(407) 634-1353,,https://justcallmoe.com/orlando-personal-injury-lawyer/?utm_source=google&utm_medium=organic&utm_campaign=gmb-listing,"1800 Pembrook Dr Ste 150B, Orlando, FL 32810, USA",Orlando FL,5,388
NeJame Law,,(407) 500-0000,,https://www.nejamelaw.com/,"111 N Orange Ave Suite 1300, Orlando, FL 32801, USA",Orlando FL,5,719
Rubenstein Law,,(407) 634-2168,,https://www.rubensteinlaw.com/?y_source=1_MzI2NTI5NzUtNzE1LWxvY2F0aW9uLndlYnNpdGU%3D,"200 S Orange Ave Ste 2000, Orlando, FL 32801, USA",Orlando FL,4.7,575
"Frank M. Eidson, P.A.",,(407) 245-2887,,http://www.frankeidson.com/?utm_source=gmblisting&utm_medium=organic,"327 N Orange Ave, Orlando, FL 32801, USA",Orlando FL,4.9,227
Louis Berk Law,,(407) 906-0500,,https://www.louisberklaw.com/,"326 N Magnolia Ave Floor 2, Orlando, FL 32801, USA",Orlando FL,4.9,385
"Pardy & Rodriguez, P.A.",,(407) 487-4576,,https://www.pardyrodriguezlaw.com/,"1615 Edgewater Dr #250, Orlando, FL 32804, USA",Orlando FL,4.8,758
Hov Law,,(407) 801-0101,,https://hov.law/,"135 W Central Blvd Suite 1150, Orlando, FL 32801, USA",Orlando FL,5,293
Israoui Law,,(407) 381-4529,,https://www.orlando-injury-lawyer.com/,"5301 E Colonial Dr, Orlando, FL 32807, USA",Orlando FL,5,129
Overchuck Law Firm,,(407) 900-2344,,https://overchuck.com/,"1503 W Smith St, Orlando, FL 32804, USA",Orlando FL,4.9,383
Farah & Farah | Orlando Personal Injury & Car Accident Lawyers,,(407) 329-5054,,https://farahandfarah.com/orlando/?utm_source=google&utm_medium=organic&utm_campaign=gbp-orlando,"800 N Magnolia Ave #105, Orlando, FL 32803, USA",Orlando FL,4.8,721
Dellecker Wilson King McKenna Ruffier & Sos LLP,,(407) 401-7899,,http://www.dwklaw.com/,"719 Vassar St, Orlando, FL 32804, USA",Orlando FL,5,79
Colling Gilbert Wright,,(407) 214-4285,,https://www.thefloridafirm.com/?utm_source=GBP&utm_medium=GBP&utm_campaign=GBP_Orlando&utm_id=GBP_Orlando,"801 N Orange Ave #830, Orlando, FL 32801, USA",Orlando FL,4.8,319
First Choice Law,,(321) 999-1111,,https://www.firstchoicelaw.com/,"135 W Central Blvd Ste 850, Orlando, FL 32801, USA",Orlando FL,4.9,125
The Law Offices of Marc L. Shapiro,,(239) 758-0368,,https://www.attorneyshapiro.com/personal-injury-attorney-orlando-fl-2/?utm_source=gbp&utm_medium=organic&utm_campaign=gbp-listing&utm_content=orlando,"2295 S Hiawassee Rd #103, Orlando, FL 32835, USA",Orlando FL,5,93
Karns & Karns Personal Injury and Accident Attorneys,,(407) 214-1133,,https://www.karnsandkarns.com/locations/orlando-florida-personal-injury-lawyers/,"122 W Pine St Ste 300, Orlando, FL 32801, USA",Orlando FL,5,25
The Pendas Law Firm,,(407) 352-3535,,https://www.pendaslaw.com/orlando-personal-injury-lawyer/,"625 E Colonial Dr, Orlando, FL 32803, USA",Orlando FL,4.3,776
Dennis Hernandez Injury Attorneys,,(855) 529-3366,,https://www.dennishernandez.com/orlando/,"790 N Orange Ave, Orlando, FL 32801, USA",Orlando FL,4.8,204
Percy Martinez - Medical Malpractice Lawyers,,(407) 487-2570,,https://percymartinezlaw.com/,"37 N Orange Ave #533, Orlando, FL 32801, USA",Orlando FL,5,78
"Bogin, Munns & Munns Personal Injury & Car Accident Lawyers Orlando",,(407) 584-1758,,http://www.boginmunns.com/,"1000 Legion Pl #1000, Orlando, FL 32801, USA",Orlando FL,4.7,1011
Bengal Law: Florida Accident Lawyers & Personal Injury Attorneys PLLC,,(407) 842-8919,,https://bengallaw.com/?utm_source=google&utm_medium=organic&utm_campaign=gmbwebsite-orlando,"638 Broadway Ave Ste #200, Orlando, FL 32803, USA",Orlando FL,5,51
Injury Assistance Law Firm,,(321) 273-8994,,https://injuryassistancelawfirm.com/?utm_campaign=gmb,"823 N Thornton Ave, Orlando, FL 32803, USA",Orlando FL,4.9,133
RTRLAW,,(407) 343-5152,,https://rtrlaw.com/orlando/?utm_source=googlemybusiness&utm_medium=organic&utm_campaign=gbporlando,"189 S Orange Ave #840, Orlando, FL 32801, USA",Orlando FL,4.8,385
"Wieland & DeLattre, P.A.",,(407) 841-7699,,https://www.wdjustice.com/?npcmp=dir:local:1697005:32801,"226 Hillcrest St, Orlando, FL 32801, USA",Orlando FL,5,89
Morgan & Morgan,,(407) 420-1414,,https://www.forthepeople.com/office-locations/florida/orlando/?utm_source=GMB&utm_medium=local&utm_campaign=OrlandoFLGMB,"20 N Orange Ave Ste 1600, Orlando, FL 32801, USA",Orlando FL,4.4,19586
"DeWitt Law Firm, P.A.",,(407) 245-7723,,https://www.dewittlaw.com/,"1800 Pembrook Dr Suite 150, Orlando, FL 32810, USA",Orlando FL,4.9,371
WorkInjuryRights.com,,(407) 544-4959,,https://workinjuryrights.com/orlando/?utm_source=google&utm_medium=organic&utm_campaign=gbp_orlando,"618 E South St Ste 500, Orlando, FL 32801, USA",Orlando FL,4.9,112
"Law Offices of James O. Cunningham, P.A.",,(407) 425-2000,,https://www.cunninghampilaw.com/?utm_source=GMB&utm_medium=local&utm_campaign=orlando,"500 Delaney Ave #404, Orlando, FL 32801, USA",Orlando FL,4.9,47
The Doan Law Firm,,(407) 289-0000,,https://www.personalinjurylawyersflorida.com/,"111 N Orange Ave Suit 800, Orlando, FL 32801, USA",Orlando FL,5,31
The Umansky Law Firm Criminal Defense & Injury Attorneys,,(407) 305-9392,,https://thelawman.net/?utm_source=GBP&utm_medium=GBP&utm_campaign=GBP_OrlandoEMichigan&utm_id=GBP_OrlandoEMichigan,"1945 E Michigan St, Orlando, FL 32806, USA",Orlando FL,4.8,1292
Driven Law,,(407) 906-5529,,https://drivenlaw.com/,"545 Delaney Ave Bldg 3, Orlando, FL 32801, USA",Orlando FL,4.9,168
"Wooten, Kimbrough, Damaso & Dennis, P.A. | Personal Injury & Car Accident Lawyers",,(407) 584-4899,,https://whkpa.com/?utm_source=google&utm_medium=organic&utm_campaign=gmb,"500 Delaney Ave #404, Orlando, FL 32801, USA",Orlando FL,4.8,67
Weinstein Legal Team,,(407) 557-2332,,https://www.thelawofwe.com/locations/orlando/,"905 Lee Rd, Orlando, FL 32810, USA",Orlando FL,4.9,46
The Louis Law Firm,,(407) 603-6044,,https://louisfirm.com/,"5401 S Kirkman Rd Suite 310, Orlando, FL 32819, USA",Orlando FL,4.8,214
CarAccidentAttorney.com,,(407) 676-5149,,https://1800injured.care/orlando/,"390 N Orange Ave #2300, Orlando, FL 32801, USA",Orlando FL,5,13
"Page & Eichenblatt, P.A.",,(407) 386-1900,,https://www.floridalawonline.com/?utm_source=SEO&utm_medium=google%20my%20business,"214 S Lucerne Cir E, Orlando, FL 32801, USA",Orlando FL,5,142
Legally Pink Law,,(407) 792-2478,,https://www.legallypinklaw.com/,"228 Annie St, Orlando, FL 32806, USA",Orlando FL,4.8,103
Coye Law Firm,,(407) 648-4940,,https://coyelaw.com/?utm_source=google&utm_medium=organic&utm_campaign=local_pack,"730 Vassar St #300, Orlando, FL 32804, USA",Orlando FL,4.7,308
Linda L Schwichtenberg,,(407) 246-8488,,http://www.lawyerlinda.com/,"135 E Marks St, Orlando, FL 32803, USA",Orlando FL,5,141
"Brown Law P I, A Civil Law Firm",,(407) 344-3400,,http://brownlawpi.com/,"2750 Taylor Ave A-57, Orlando, FL 32806, USA",Orlando FL,4.9,48
"Law Offices of Michael B. Brehne, P.A.",,(407) 752-9937,,https://www.brehnelaw.com/?utm_source=GoogleMyBusiness&utm_medium=organic&utm_campaign=GMB,"230 N Westmonte Dr STE 1000, Altamonte Springs, FL 32714, USA",Orlando FL,4.9,199
"Florida Civil Counsel, P.A.",,(407) 426-4444,,https://flcivilcounsel.com/,"250 N Orange Ave Ste. 1220, Orlando, FL 32801, USA",Orlando FL,5,35
Freeman Injury Law,,(407) 999-9999,,https://www.lawofficesofdeanhfreeman.com/orlando.html,"258 Southhall Ln Suite #140, Maitland, FL 32751, USA",Orlando FL,4.9,78
Rudez PL Injury Lawyers,,(844) 783-3952,,http://www.rudezlaw.com/,"1118 S Orange Ave Ste 201, Orlando, FL 32806, USA",Orlando FL,4.8,53
Pajcic & Pajcic,,(904) 358-8881,,https://www.pajcic.com/,"1 E Independent Dr #2500, Jacksonville, FL 32202, USA",Jacksonville FL,4.9,717
Baggett Law Personal Injury Lawyers,,(904) 447-2820,,https://www.baggettlaw.com/?utm_campaign=gmb&utm_medium=organic&utm_source=gmb-jacksonville,"9471 Baymeadows Rd #105, Jacksonville, FL 32256, USA",Jacksonville FL,5,448
Henry Gare Personal Injury Attorney,,(904) 387-6101,,https://henrygare.com/,"1719 Emerson St, Jacksonville, FL 32207, USA",Jacksonville FL,5,367
Baggett Law Personal Injury Lawyers Downtown Jacksonville,,(904) 875-8327,,https://www.baggettlaw.com/contact-us/downtown-jacksonville-personal-injury-law-office/?utm_campaign=gmb&utm_medium=organic&utm_source=gmb-downtown,"121 W Forsyth St #1000, Jacksonville, FL 32202, USA",Jacksonville FL,5,256
Fasig | Brooks Law Offices,,(904) 299-1643,,https://fasigbrooks.com/personal-injury-lawyer/jacksonville/?utm_source=GBP&utm_medium=GBP&utm_campaign=GBP_Jacksonville&utm_id=GBP_Jacksonville,"301 W Bay St Ste 1471-72, Jacksonville, FL 32202, USA",Jacksonville FL,5,159
Pencheff and Fraley Injury and Accident Attorneys,,(904) 770-4953,,https://www.pencheffandfraley.com/,"1437 San Marco Blvd, Jacksonville, FL 32207, USA",Jacksonville FL,4.9,125
"Gillette Law, P.A.",,(904) 600-4758,,https://www.gillettelaw.com/,"603 N Market St, Jacksonville, FL 32202, USA",Jacksonville FL,4.8,199
Jacksonville Personal Injury Attorney,,(904) 800-7557,,https://www.jacksonville-injuryattorney.com/,"542 Edgewood Ave S, Jacksonville, FL 32205, USA",Jacksonville FL,4.9,32
Farah & Farah | Jacksonville Personal Injury and Car Accident Lawyers,,(904) 549-6434,,https://farahandfarah.com/jacksonville/?utm_source=google&utm_medium=organic&utm_campaign=gbp-jacksonville,"10 W Adams St, Jacksonville, FL 32202, USA",Jacksonville FL,4.8,3211
Campione Law P.A.,,(904) 990-8400,,https://campionelawpa.com/,"501 W Bay St, Jacksonville, FL 32202, USA",Jacksonville FL,4.8,192
"David Alan Wolf, Personal Injury Attorney",,(904) 500-9653,,https://www.davidalanwolf.com/,"1702 Emerson St #2A, Jacksonville, FL 32207, USA",Jacksonville FL,5,519
Harrell & Harrell P.A.,,(904) 251-1111,,https://www.harrellandharrell.com/?utm_source=GoogleMyBusiness&utm_medium=organic&utm_campaign=LocalSearch,"4735 Sunbeam Rd, Jacksonville, FL 32257, USA",Jacksonville FL,4.6,621
Jacksonville Personal Injury Attorneys,,(904) 807-2999,,https://jacksonvillepersonalinjuryattorneys.com/,"12276 San Jose Blvd Bldg 700, Suite 718-8, Jacksonville, FL 32223, USA",Jacksonville FL,5,3
"Friedland Law, Car Accident and Personal Injury Attorneys - Jacksonville",,(800) 210-4878,,https://yourfightourbattle.com/,"6620 Southpoint Dr S Ste 115-E, Jacksonville, FL 32216, USA",Jacksonville FL,4.8,265
The Truck Accident Law Firm Jacksonville,,(888) 511-8782,,https://truckcrashlaw.com/?utm_campaign=gmb&utm_medium=organic&utm_source=google,"1200 Riverplace Blvd Ste 902, Jacksonville, FL 32207, USA",Jacksonville FL,5,145
Coker Law Jacksonville,,(904) 356-6071,,https://www.cokerlaw.com//?utm_source=google&utm_medium=organic&utm_campaign=gmb-jacksonville,"136 E Bay St #5438, Jacksonville, FL 32202, USA",Jacksonville FL,4.7,109
"Wood, Atter & Wolf",,(904) 355-8888,,https://www.woodatter.com/,"12574 Flagler Center Blvd Suite 101, Jacksonville, FL 32258, USA",Jacksonville FL,4.9,247
Brandon J. Broderick Personal Injury Attorney at Law,,(866) 484-3408,,https://www.brandonjbroderick.com/florida/personal-injury-lawyer-jacksonville?utm_campaign=gmb,"6316 San Juan Ave Ste 15, Jacksonville, FL 32210, USA",Jacksonville FL,5,70
Morgan & Morgan,,(904) 398-2722,,https://www.forthepeople.com/office-locations/florida/jacksonville/?utm_source=GMB&utm_medium=local&utm_campaign=JacksonvilleFLGMB,"501 Riverside Ave #1200, Jacksonville, FL 32202, USA",Jacksonville FL,4.6,6173
The Law Offices of Anidjar & Levine,,(904) 441-5860,,https://www.anidjarlevine.com/jacksonville-personal-injury-lawyer/?utm_source=google&utm_medium=organic&utm_campaign=gmb-listing-jacksonville,"2245 St Johns Ave, Jacksonville, FL 32204, USA",Jacksonville FL,4.9,297
Blakeley Car Accident & Personal Injury Lawyers Jacksonville,,(904) 821-7816,,https://www.floridainjuryadvocate.com/jacksonville/personal-injury-lawyer/?utm_source=google&utm_medium=organic&utm_campaign=gbp-listing-jacksonville,"4600 Touchton Rd Suite 150, Jacksonville, FL 32246, USA",Jacksonville FL,5,124
TopDog Law Personal Injury Lawyers,,(904) 577-8643,,https://topdoglaw.com/locations/jacksonville-fl/personal-injury-lawyer/?utm_source=google&utm_medium=organic&utm_campaign=GMB-Dennis-Jacksonville-FL,"1505 Dennis St 1st floor office 102, Jacksonville, FL 32204, USA",Jacksonville FL,5,21
Terrell Hogan Law,,(904) 632-2424,,https://terrellhogan.com/?utm_source=google&utm_medium=organic&utm_content=gmb,"233 E Bay St #804, Jacksonville, FL 32202, USA",Jacksonville FL,4.9,104
"Hatfield & Hatfield, P.A.",,(904) 446-9990,,https://hatfieldesq.com/,"210 E Forsyth St, Jacksonville, FL 32202, USA",Jacksonville FL,4.9,181
"Jimenez Law Firm, P.A.",,(904) 559-5600,,https://www.jimenez-lawfirm.com/,"1443 San Marco Blvd Ste 201, Jacksonville, FL 32207, USA",Jacksonville FL,4.9,101
Daniels Law Firm,,(904) 775-7887,,https://daniels-lawfirm.com/?utm_source=GBPlistingJacksonville&utm_medium=organic,"1301 Riverplace Blvd Ste 800, Jacksonville, FL 32207, USA",Jacksonville FL,5,135
Percy Martinez - Medical Malpractice Lawyers,,(904) 385-9117,,https://percymartinezlaw.com/,"301 W Bay St Ste 14168, Jacksonville, FL 32202, USA",Jacksonville FL,5,41
Caminero Law,,(888) 795-2323,,https://caminerolaw.com/jacksonville/,"10752 Deerwood Park Blvd Ste 100, Jacksonville, FL 32256, USA",Jacksonville FL,5,23
"Phillips, Hunt & Walker",,(904) 444-4444,,https://floridajustice.com/,"660 Park St, Jacksonville, FL 32204, USA",Jacksonville FL,5,83
Baggett Law Personal Injury Lawyers - Ponte Vedra Beach,,(904) 601-1113,,https://www.baggettlaw.com/cities-served/ponte-vedra-beach-personal-injury-lawyer/?utm_campaign=gmb&utm_medium=organic&utm_source=google,"480 Town Plaza Ave Suite 130, Ponte Vedra Beach, FL 32081, USA",Jacksonville FL,5,183
The Lawrence Law Group,,(904) 632-0077,,https://www.lawyers-jacksonville.com/?utm_source=google&utm_medium=local,"1301 Riverplace Blvd #1630, Jacksonville, FL 32207, USA",Jacksonville FL,5,30
Rubenstein Law Personal Injury Lawyers,,(904) 720-4345,,https://www.rubensteinlaw.com/?y_source=1_MzI2NTI5NzgtNzE1LWxvY2F0aW9uLndlYnNpdGU%3D,"50 N Laura St #2550, Jacksonville, FL 32202, USA",Jacksonville FL,4.6,120
"G & G Personal Injury Group P.A. - Car Accident & Personal Injury Attorneys, Free Consultation",,(904) 601-1259,,https://www.jacksonvillecaraccidentlawyer.net/?utm_source=google&utm_medium=maps&utm_campaign=gmb_jacksonville,"326 Broad St Ste 101, Jacksonville, FL 32202, USA",Jacksonville FL,5,48
Hastings Injury Law Firm - Jacksonville,,(904) 420-1725,,https://hastingsinjurylaw.com/?utm_campaign=gmb,"6816 Southpoint Pkwy Building 1000, Jacksonville, FL 32216, USA",Jacksonville FL,5,132
Law Offices of Stephen A. Smith,,(904) 357-0090,,http://sasmithlegal.com/,"101 E Union St #200, Jacksonville, FL 32202, USA",Jacksonville FL,4.9,209
The Schiller Kessler Group,,(904) 516-5464,,https://www.injuredinflorida.com/personal-injury-lawyer/jacksonville-fl/?utm_source=google&utm_medium=organic&utm_campaign=gbp-listing-jacksonville,"50 N Laura St Ste 2520, Jacksonville, FL 32202, USA",Jacksonville FL,5,30
Law Office of Zachary Von Roenn,,(904) 900-3459,,https://vonroennlaw.com/,"1054 Kings Ave, Jacksonville, FL 32207, USA",Jacksonville FL,5,74
Hardesty Tyde Green & Ashton: Ashton Frank A,,(904) 398-2212,,,"4004 Atlantic Blvd, Jacksonville, FL 32207, USA",Jacksonville FL,5,21
RTRLAW,,(904) 549-7661,,https://rtrlaw.com/jacksonville/?utm_source=googlemybusiness&utm_medium=organic&utm_campaign=gbpjacksonville,"841 Prudential Dr 12th Floor, Jacksonville, FL 32207, USA",Jacksonville FL,4.8,51
Top Notch Injury Attorneys,,(954) 866-1881,,https://topnotchcaraccidentattorneys.com/location/best-auto-accident-attorney-in-jacksonville-your-guide-to-legal-assistance?utm_campaign=gmb,"5751 N Main St, Jacksonville, FL 32208, USA",Jacksonville FL,5,14
Woolsey Morcom Attorneys at Law,,(904) 638-4235,,https://www.woolseymorcom.com/,"630 W Adams St Ste 102, Jacksonville, FL 32204, USA",Jacksonville FL,4.8,123
"Fields Law, P.A.",,(904) 734-3537,,https://www.fieldswillfight.com/,"1300 Riverplace Blvd #101, Jacksonville, FL 32207, USA",Jacksonville FL,5,47
"Harrell and Harrell, P.A.",,(904) 251-1111,,https://www.harrellandharrell.com/?utm_source=GMBBlanding&utm_medium=organic&utm_campaign=LocalSearch,"7045 Blanding Blvd, Jacksonville, FL 32244, USA",Jacksonville FL,4.4,150
"Law Offices of Nooney, Roberts, Hewett & Nowicki",,(904) 398-1992,,https://www.injurylawfl.com/?utm_source=google&utm_medium=local,"1680 Emerson St, Jacksonville, FL 32207, USA",Jacksonville FL,4.6,424
Spohrer Dodd Trial Attorneys,,(904) 309-6500,,https://www.sdlitigation.com/?utm_source=gmb&utm_medium=organic&utm_content=listing&utm_campaign=local,"76 S Laura St #1701, Jacksonville, FL 32202, USA",Jacksonville FL,4.7,41
Hastings Injury Law Firm,,(904) 247-4400,,https://hastingsinjurylaw.com/,"1661 Beach Blvd, Jacksonville Beach, FL 32250, USA",Jacksonville FL,5,103
Henry Gare Personal Injury Attorney,,(904) 387-6168,,http://henrygare.com/,"1934 Retaw St, Jacksonville, FL 32210, USA",Jacksonville FL,5,156
"Edwards & Ragatz, P.A.",,(904) 295-1050,,https://www.edwardsragatz.com/,"4401 Salisbury Rd Ste 200, Jacksonville, FL 32216, USA",Jacksonville FL,4.7,53
Car Crash Injury Firm,,(904) 584-9574,,https://carcrashinjuryfirm.com/,"103 Century 21 Dr Ste 111, Jacksonville, FL 32216, USA",Jacksonville FL,5,18
Raymond Ravis Law Firm,,(904) 358-4004,,https://ravislaw.com/,"629 Lomax St, Jacksonville, FL 32204, USA",Jacksonville FL,4.8,28
"Latour | Roberts, PA",,(904) 800-8802,,https://www.latourroberts.com/,"3333 Hendricks Ave, Jacksonville, FL 32207, USA",Jacksonville FL,4.9,146
"Harris Guidi Rosner, P.A.",,(904) 777-7777,,https://harrisguidi.com/?y_source=1_MTgxNTQ0MzAtNzE1LWxvY2F0aW9uLndlYnNpdGU%3D,"1837 Hendricks Ave #3303, Jacksonville, FL 32207, USA",Jacksonville FL,4.6,218
Kanner & Pintaluga,,(904) 544-3524,,https://kpattorney.com/offices/florida/jacksonville/?utm_source=google&utm_medium=organic&utm_campaign=gbp&utm_content=jacksonville,"841 Prudential Dr Ste 1254, Jacksonville, FL 32207, USA",Jacksonville FL,3.9,61
McGrath Gibson Law,,(904) 358-3300,,http://www.learnyourrights.com/,"6117 Atlantic Blvd, Jacksonville, FL 32211, USA",Jacksonville FL,4.4,175
"Kirilloff Jowers, P.A.",,(904) 274-3947,,https://www.kirilloffjowers.com/?npcmp=dir:local:4972636:32204,"707 Peninsular Pl Ste 207, Jacksonville, FL 32204, USA",Jacksonville FL,4.9,56
Jacksonville Personal Injury & Accident Attorney at Law,,(689) 946-9148,,https://www.brandonjbroderick.com/?utm_campaign=gmb_local,"11824 Atlantic Blvd Ste 100, Jacksonville, FL 32225, USA",Jacksonville FL,5,1
"Brochu Law, PLLC",,(904) 201-1771,,,"841 Prudential Dr Ste 1200, Jacksonville, FL 32207, USA",Jacksonville FL,5,39
"Tassone, Dreicer & Hill",,(904) 396-3344,,https://www.tassonelaw.com/,"1833 Atlantic Blvd, Jacksonville, FL 32207, USA",Jacksonville FL,4.9,126
"Law Offices of Jason K.S. Porter, P.A.",,(904) 750-3422,,https://www.pickporter.com/jacksonville-dui-lawyer/?utm_source=GBP&utm_medium=GBP&utm_campaign=GBP_Jacksonville&utm_id=GBP_Jacksonville,"3325 Hendricks Ave # A, Jacksonville, FL 32207, USA",Jacksonville FL,4.8,222
The Pendas Law Firm,,(904) 302-6739,,https://www.pendaslaw.com/jacksonville-personal-injury-lawyer/,"10151 Deerwood Park Blvd Bldg 200, Suite 250, Jacksonville, FL 32256, USA",Jacksonville FL,3.9,37
Tobin Injury Law - Personal Injury Lawyer Atlanta,,(404) 587-8423,,https://www.tobininjurylaw.com/,"38 Old Ivy Rd NE, Atlanta, GA 30342, USA",Atlanta GA,5,422
Montlick Injury Attorneys,,(800) 529-6333,,https://www.montlick.com/,"17 Executive Park Dr NE, Atlanta, GA 30329, USA",Atlanta GA,4.9,1616
Bader Law - Personal Injury Attorneys,,(404) 888-8888,,https://baderlaw.com/atlanta-personal-injury-lawyer/?utm_source=google&utm_medium=organic&utm_campaign=gmb-listing-atlanta,"3384 Peachtree Rd NE #500, Atlanta, GA 30326, USA",Atlanta GA,4.8,3657
Georgia Auto Law: Auto Accident Attorneys,,(404) 939-7968,,https://georgiaautolaw.com/?utm_campaign=atlanta_gmb,"120 Ottley Dr NE Studio B, Atlanta, GA 30324, USA",Atlanta GA,4.9,1194
KIM LAW,,(770) 837-3207,,https://thekimlaw.com/,"55 Ivan Allen Jr Blvd NW Ste 330, Atlanta, GA 30308, USA",Atlanta GA,5,760
Kaufman Injury Law,,(404) 620-4992,,http://kaufmanlawatlanta.com/?utm_campaign=gmb,"12 Beck St NW, Atlanta, GA 30318, USA",Atlanta GA,4.9,355
Monge & Associates Injury and Accident Attorneys,,(404) 383-5634,,https://www.becauseyouwanttowin.com/?utm_source=website&utm_medium=navigation-serving,"1718-1720 Peachtree St NE Ste 426, Atlanta, GA 30309, USA",Atlanta GA,4.9,627
CEO Lawyer Personal Injury Law Firm,,(404) 777-8800,,https://ceolawyer.com/atlanta-personal-injury/?utm_source=GMB&utm_medium=GMB&utm_campaign=ATL,"200 Peachtree St NW Ste 201, Atlanta, GA 30303, USA",Atlanta GA,4.9,1242
The Millar Law Firm,,(770) 212-3795,,https://atlantaadvocate.com/atlanta/,"1201 W Peachtree St NW #2339, Atlanta, GA 30309, USA",Atlanta GA,4.9,187
Morgan & Morgan,,(404) 965-8811,,https://www.forthepeople.com/office-locations/georgia/atlanta/?utm_source=GMB&utm_medium=local&utm_campaign=AtlantaGAGMB,"191 Peachtree Rd NE Ste 4200, Atlanta, GA 30303, USA",Atlanta GA,4.6,12474
Spaulding Injury Law: Atlanta Personal Injury & Car Accident Lawyer,,(770) 762-2932,,https://www.spauldinginjurylaw.com/,"50 Hurt Plaza SE #1536, Atlanta, GA 30303, USA",Atlanta GA,5,171
Hornsby Law Group,,(404) 577-1505,,https://www.hornsbylaw.com/,"1180 W Peachtree St NW #200, Atlanta, GA 30309, USA",Atlanta GA,4.9,377
Atlanta Personal Injury Law Firm — First Class,,(470) 888-8561,,https://atlpersonalinjurylawfirm.com/?utm_campaign=gmb,"1201 W Peachtree St NW Ste 2385, Atlanta, GA 30309, USA",Atlanta GA,5,48
"John Foy & Associates, Accident & Injury Lawyers - Atlanta",,(404) 224-9778,,https://www.johnfoy.com/,"3343 Peachtree Rd NE #350, Atlanta, GA 30326, USA",Atlanta GA,4.6,4730
The Kalka Law Group - Personal Injury & Car Accident Attorneys,,(404) 999-0745,,https://www.kalkalaw.com/car-accident-lawyer-atlanta-ga-car-crash-injury-lawyer-near-me/?utm_source=TRD&utm_medium=organic&utm_campaign=GBP_Main&utm_content=GBP_Atlanta_TRD,"1447 Peachtree St NE #550, Atlanta, GA 30309, USA",Atlanta GA,4.9,408
Hansford McDaniel - Workers' Compensation Attorneys,,(770) 629-8857,,https://www.hansfordlawfirm.com/atlanta/?utm_campaign=gmb&utm_medium=organic&utm_source=gmb,"1718 Peachtree St NE Ste 660, Atlanta, GA 30309, USA",Atlanta GA,4.9,1098
The Baer Law Firm,,(404) 843-2237,,https://thebaerfirm.com/,"1819 Peachtree Rd Ste 401, Atlanta, GA 30309, USA",Atlanta GA,5,195
"Moebes Law Workers' Compensation and Personal Injury Lawyer, LLC",,(404) 948-6555,,https://moelaw.com/?utm_source=google&utm_medium=organic&utm_campaign=gbp-listing-atlanta,"1201 W Peachtree St NW Unit 2329, Atlanta, GA 30309, USA",Atlanta GA,4.9,171
Attorney Big Al Atlanta,,(404) 999-3827,,https://attorneybigalatlanta.com/personal-injury/,"600 Peachtree St NE Ste 3770, Atlanta, GA 30308, USA",Atlanta GA,4.7,492
Butler Kahn: Wrongful Death & Serious Injury Lawyers,,(678) 672-3340,,https://butlerfirm.com/?utm_source=google&utm_medium=organic&utm_campaign=gmb-lisiting&utm_content=atlanta-office,"10 Lenox Pointe NE, Atlanta, GA 30324, USA",Atlanta GA,5,453
"Van Sant Law, LLC",,(404) 220-9614,,https://www.vansantlaw.com/?utm_source=google&utm_medium=organic&utm_campaign=gbp-listing-atlanta,"307 14th St NW #100, Atlanta, GA 30318, USA",Atlanta GA,5,252
Rafi Law Firm,,(404) 806-9060,,https://www.rafilawfirm.com/?utm_source=AtlantaGBP&utm_medium=organic,"1776 Peachtree St NW Unit 423, Atlanta, GA 30309, USA",Atlanta GA,4.8,323
Witherite Law Group,,(800) 681-1668,,https://www.witheritelaw.com/?utm_source=google&utm_medium=organic&utm_campaign=gbp-website-visit-atlanta,"600 Peachtree St NE #4010, Atlanta, GA 30308, USA",Atlanta GA,4.8,2037
"Henningsen Injury Attorneys, P.C., Atlanta PI Attorney",,(470) 335-0148,,https://atlantapiattorney.com/car-accidents/,"5855 Sandy Springs Cir Ste 300, Atlanta, GA 30328, USA",Atlanta GA,4.9,381
The Wilson PC,,(470) 280-0994,,https://www.thewilsonpc.com/areas-we-serve/atlanta-ga/car-accident-lawyer/?utm_source=google&utm_medium=organic&utm_campaign=gbp&utm_content=atlanta,"101 Marietta St NW #3100, Atlanta, GA 30303, USA",Atlanta GA,4.9,2243
"Goldstein Hayes, LLC Atlanta",,(404) 795-4925,,http://www.goldsteinhayeslaw.com/,"400 Galleria Pkwy SE Suite 1470, Atlanta, GA 30339, USA",Atlanta GA,5,145
Graham Scofield Injury Lawyers,,(404) 531-1943,,https://atlinjurylawyers.com/?utm_source=GMB&utm_medium=local,"691 John Wesley Dobbs Ave NE Ste C-04, Atlanta, GA 30312, USA",Atlanta GA,5,141
Howe.Law Injury & Accident Lawyers,,(678) 293-9307,,https://howe.law/atlanta/,"34 Peachtree St NW, Atlanta, GA 30303, USA",Atlanta GA,4.9,180
"Tabbaa Law, LLC",,(770) 370-7881,,https://tabbaalaw.com/?utm_campaign=gmb,"1201 W Peachtree St NW Ste 2310, Atlanta, GA 30309, USA",Atlanta GA,5,195
"The Angell Law Firm, LLC",,(404) 390-2264,,https://georgiainjurylawyer.com/,"3391 Peachtree Rd NE Unit 110, Atlanta, GA 30326, USA",Atlanta GA,4.9,348
Hasner Law: Atlanta Injury & Workers' Compensation Attorneys,,(678) 888-4878,,https://www.hasnerlaw.com/?utm_campaign=gmb,"2839 Paces Ferry Rd SE #1050, Atlanta, GA 30339, USA",Atlanta GA,4.9,425
Monge & Associates Injury and Accident Attorneys - Atlanta,,(678) 535-3938,,https://www.becauseyouwanttowin.com/?utm_source=website&utm_medium=navigation-serving,"8205 Dunwoody Pl Bldg 19, Atlanta, GA 30350, USA",Atlanta GA,4.8,3368
"Council & Associates, LLC",,(404) 905-1185,,https://thecouncilfirm.com/?utm_campaign=gmb,"50 Hurt Plaza SE Ste 740, Atlanta, GA 30303, USA",Atlanta GA,4.9,384
Hasner Law: Atlanta Injury & Workers' Compensation Attorneys,,(678) 888-4878,,https://www.hasnerlaw.com/?utm_campaign=gmb,"One Baltimore Pl NW Suite 140, Atlanta, GA 30308, USA",Atlanta GA,5,124
Big Time Law | Personal Injury Attorneys GA,,(404) 637-2789,,https://bigtimelaw.com/,"2302 Parklake Dr NE, Atlanta, GA 30345, USA",Atlanta GA,4.9,280
Sweet James Accident Attorneys,,(404) 678-6519,,https://sweetjames.com/atlanta-ga/personal-injury-lawyer/?utm_medium=organic&utm_campaign=gmb,"1900 Century Pl NE Ste 200A, Atlanta, GA 30345, USA",Atlanta GA,4.8,192
The Brown Firm Injury and Accident Attorneys,,(404) 855-2190,,https://www.harrybrownlaw.com/,"197 14th St NW #200, Atlanta, GA 30318, USA",Atlanta GA,4.9,385
Kanner & Pintaluga,,(770) 755-9651,,https://kpattorney.com/offices/georgia/atlanta/?utm_source=google&utm_medium=organic&utm_campaign=gbp&utm_content=atlanta,"201 Peachtree St NW Suite 200, Atlanta, GA 30303, USA",Atlanta GA,4.2,4379
MG Law | Beltline Lawyers,,(770) 758-4769,,https://www.mg4law.com/atlanta-personal-injury-lawyer/?utm_source=local&utm_medium=GMB&utm_campaign=Atlanta_GMB,"691 John Wesley Dobbs Ave NE Ste Z, Atlanta, GA 30312, USA",Atlanta GA,5,147
The Fowler Firm,,(404) 995-1963,,https://www.fowlerfirmlaw.com/?utm_source=GMB&utm_medium=organic&utm_campaign=atlanta,"1720 Peachtree St NE Ste 118, Atlanta, GA 30309, USA",Atlanta GA,5,206
Sweet James Accident Attorneys,,(770) 744-5589,,https://sweetjames.com/roswell-ga/personal-injury-lawyer/?utm_medium=organic&utm_campaign=gmb,"295 W Crossville Rd Ste 200, Roswell, GA 30075, USA",Atlanta GA,4.9,283
"Michael M. Day Law Firm, LLC",,(404) 998-4622,,https://mmdattorney.com/?utm_source=google&utm_medium=organic&utm_campaign=gbp-listing-atlanta,"1100 Peachtree St NE, Atlanta, GA 30309, USA",Atlanta GA,4.8,158
"TED Law: Accident and Injury Law Firm, LLC",,(770) 758-5982,,https://www.tedlaw.com/,"175 17th St NE Ste T, Atlanta, GA 30309, USA",Atlanta GA,4.9,188
The Law Offices of Julian Lewis Sanders & Associates,,(678) 705-9581,,https://juliansanderslaw.com/,"3560 Lenox Rd NE #1500, Atlanta, GA 30326, USA",Atlanta GA,4.7,4441
"Durham Law Group, P.C",,(404) 738-6289,,https://www.durhamlawgrouppc.com/,"191 Peachtree Rd NE Unit 2510, Atlanta, GA 30303, USA",Atlanta GA,4.8,342
Fry Goehring Law Firm,,(404) 969-1284,,https://www.frygoehring.com/?utm_source=organic&utm_medium=gbp&utm_campaign=atlanta,"1718 Peachtree St NW, Atlanta, GA 30309, USA",Atlanta GA,4.9,310
"Hollingsworth Injury Law, LLC",,(678) 365-3397,,https://hollingsworthinjurylaw.com/,"1800 Peachtree St NE #300, Atlanta, GA 30309, USA",Atlanta GA,5,201
The Millar Law Firm,,(770) 477-6360,,https://atlantaadvocate.com/jonesboro/,"151 N Main St, Jonesboro, GA 30236, USA",Atlanta GA,4.8,395
Hammers Car Accident & Personal Injury Lawyers,,(770) 626-4469,,https://hammerslawfirm.com/?utm_source=google&utm_medium=organic&utm_campaign%20%20=gmb-atlanta,"201 Joseph E. Lowery Blvd NW Ste 312, Atlanta, GA 30314, USA",Atlanta GA,4.8,185
Thompson Law,,(678) 981-9022,,https://1800lionlaw.com/ga/atlanta/?utm_source=google&utm_medium=organic&utm_campaign=gbp_atlanta&utm_content=maps,"1201 Peachtree St NE Ste 2200, Atlanta, GA 30361, USA",Atlanta GA,5,36
"The Champion Firm, Personal Injury Attorneys, P.C.",,(404) 620-3280,,https://www.thechampionfirm.com/atlanta/?utm_source=google&utm_medium=maps&utm_campaign=atlanta&st-t=atlanta,"1230 Peachtree St NE Ste 945, Atlanta, GA 30309, USA",Atlanta GA,5,16
Wetherington Law Firm: Atlanta Personal Injury and Wrongful Death Attorneys,,(404) 888-4444,,https://wfirm.com/?utm_source=gmb&utm_medium=organic,"1800 Peachtree St NE Ste 370, Atlanta, GA 30309, USA",Atlanta GA,5,89
The Law Office of Brian H. Sumrall,,(404) 857-3835,,https://www.workerscompattorneysatlanta.com/,"513 Edgewood Ave SE #300, Atlanta, GA 30312, USA",Atlanta GA,4.9,98
Pain Pros: Injury Attorneys,,(470) 724-6776,,https://painpros.com/,"600 Peachtree St NE Unit 2210, Atlanta, GA 30308, USA",Atlanta GA,4.7,89
McArthur Law Firm,,(404) 565-1621,,https://mcarthurlawfirm.com/,"55 Ivan Allen Jr Blvd NW #840, Atlanta, GA 30308, USA",Atlanta GA,4.6,47
Acosta Injury Law,,(404) 476-4477,,http://www.acostainjurylaw.com/,"2965 Flowers Rd S Ste 120, Chamblee, GA 30341, USA",Atlanta GA,4.9,197
"Henningsen Injury Attorneys, P.C.",,(404) 835-4935,,https://www.atlantapiattorney.com/,"407 E Maple St #108, Cumming, GA 30040, USA",Atlanta GA,5,29
Wolfe Law Group,,(706) 744-0559,,https://wolfelawgroupga.com/?utm_source=GBP,"3355 Lenox Rd NE #750, Atlanta, GA 30326, USA",Atlanta GA,5,72
Buckhead Law,,(404) 890-5631,,https://buckheadlawgroup.com/,"1995 N Park Pl SE Ste 207, Atlanta, GA 30339, USA",Atlanta GA,4.7,208
Alexander Shunnarah Trial Attorneys,,(470) 397-3946,,https://shunnarah.com/locations/georgia/atlanta/,"600 Peachtree St NE Unit 2210, Atlanta, GA 30308, USA",Atlanta GA,4.5,1088
Zehl & Associates - Houston,,(713) 322-3878,,https://www.zehllaw.com/?utm_source=google&utm_medium=organic&utm_campaign=gmb,"2700 Post Oak Blvd #1000, Houston, TX 77056, USA",Houston TX,5,1341
Attorney Brian White Personal Injury Lawyers,,(713) 364-1466,,https://attorneybrianwhite.com/?utm_source=google&utm_medium=organic&utm_campaign=gbp-listing-southwest-freeway,"3120 Southwest Fwy Ste 350, Houston, TX 77098, USA",Houston TX,4.9,1779
Charles J. Argento & Associates Accident & Injury Lawyers - Houston,,(713) 225-5050,,https://charlesargento.com/?utm_source=GMB&utm_medium=organic&utm_campaign=Google%20My%20Business,"1111 N Loop W #715, Houston, TX 77008, USA",Houston TX,5,777
Herrman & Herrman P.L.L.C,,(713) 565-1899,,https://www.herrmanandherrman.com/texas-personal-injury-firm/houston-tx/,"11000 Richmond Ave #180, Houston, TX 77042, USA",Houston TX,4.9,1730
The Law Offices of Hilda Sibrian,,(713) 714-1414,,https://hildasibrian.com/?utm_campaign=gmb,"846 North Loop, Houston, TX 77009, USA",Houston TX,5,3349
"Simmons and Fletcher, P.C.",,(713) 726-2845,,https://www.simmonsandfletcher.com/?utm_source=gmb&utm_medium=organic,"9821 Katy Fwy #590, Houston, TX 77024, USA",Houston TX,4.9,510
Amaro Law Firm,,(713) 999-4674,,https://amarolawfirm.com/houston-personal-injury-lawyers/?utm_source=GBP&utm_medium=Organic&utm_campaign=Houston,"2500 E T C Jester Blvd, Houston, TX 77008, USA",Houston TX,4.9,3392
Omar Khawaja Personal Injury Lawyers Houston,,(346) 601-3091,,https://www.attorneyomar.com/?utm_source=google&utm_medium=organic&utm_campaign=gmb-houston,"5177 Richmond Ave Ste 1065, Houston, TX 77056, USA",Houston TX,4.9,731
Steve Lee - Accident & Injury Attorneys,,(713) 921-4171,,https://www.attorneystevelee.com/?utm_source=gmb&utm_medium=organic,"5815 Gulf Fwy Ste 300, Houston, TX 77023, USA",Houston TX,4.9,1384
Terry Bryant Accident & Injury Law,,(936) 274-6917,,https://www.terrybryant.com/?utm_source=Local&utm_medium=organic&utm_campaign=GMB,"8584 Katy Fwy #100, Houston, TX 77024, USA",Houston TX,4.7,480
Rodney Jones Law Group P.C.,,(832) 377-5529,,https://rjoneslawgroup.com/,"6464 Savoy Dr Ste. 800, Houston, TX 77036, USA",Houston TX,4.9,921
"Schechter, Shaffer & Harris, LLP — Accident & Injury Attorneys",,(832) 551-1056,,https://www.smslegal.com/?utm_source=GBP&utm_medium=GBP&utm_campaign=GBP_Houston&utm_id=GBP_Houston,"3200 Travis St #300, Houston, TX 77006, USA",Houston TX,4.9,1046
Hollingsworth Law Firm - Personal Injury Trial Attorneys,,(713) 637-4560,,https://hollingsworthlawfirm.com/?utm_source=GMB&utm_medium=organic&utm_campaign=Google%20My%20Business,"4411 Dacoma St, Houston, TX 77092, USA",Houston TX,5,372
Jim Adler & Associates,,(877) 704-5088,,https://www.jimadler.com/?utm_source=GMB&utm_medium=organic&utm_campaign=GMB_tracking,"1900 W Loop S 20th Floor, Houston, TX 77027, USA",Houston TX,4.6,3886
Angel Reyes & Associates,,(281) 247-5072,,https://www.reyeslaw.com/houston/car-accidents/?utm_source=google&utm_medium=organic&utm_campaign=local_listing_houston_gbp,"3040 Post Oak Blvd Suite 825, Houston, TX 77056, USA",Houston TX,4.9,518
Mokaram Injury Lawyers,,(281) 222-2222,,https://www.mokaraminjurylawyers.com/?utm_source=GBPlistingHoustonWebsite&utm_medium=organic,"2500 W Loop S #450, Houston, TX 77027, USA",Houston TX,4.9,956
Crystal Henry Personal Injury & Car Wreck Lawyer,,(281) 888-3731,,https://helpfixmywreck.com/,"3730 Kirby Dr #901, Houston, TX 77098, USA",Houston TX,5,216
Gibson Hill Personal Injury,,(713) 929-2751,,https://www.gibsonhillpc.com/houston-personal-injury-attorneys/?utm_source=GMB&utm_medium=Organic&utm_campaign=houston,"636 Hawthorne St, Houston, TX 77006, USA",Houston TX,5,323
Trust Guss Injury Lawyers,,(281) 909-6145,,https://attorneyguss.com/houston/?utm_source=google&utm_medium=local&utm_campaign=gbp_houston_jones_rd,"12777 Jones Rd #297, Houston, TX 77070, USA",Houston TX,4.9,1035
Arnold & Itkin,,(713) 497-1446,,https://www.arnolditkin.com/houston-personal-injury-lawyers/?SPPC=Offline&sppccampaignid=205296&utm_source=GMBlisting&utm_medium=organic,"6009 Memorial Dr, Houston, TX 77007, USA",Houston TX,4.6,1213
The Salazar Law Firm,,(281) 857-6770,,https://hurtinhouston.com/,"321 Heights Blvd, Houston, TX 77007, USA",Houston TX,4.9,167
Abogado Javier Marcos - Abogado de Accidentes,,(713) 999-4444,,https://www.abogadojaviermarcos.com/,"228 Westheimer Rd, Houston, TX 77006, USA",Houston TX,4.9,1577
Nguyen & Associates Injury Law Firm,,(713) 842-9442,,http://hurtrightnow.com/,"10050 Northwest Fwy #200, Houston, TX 77092, USA",Houston TX,4.9,502
Smith & Hassler,,(713) 739-1250,,https://www.smithandhassler.com/,"1225 N Loop W #525, Houston, TX 77008, USA",Houston TX,4.8,531
The Callahan Law Firm,,(713) 357-7115,,https://www.thecallahanlawfirm.com/?utm_source=google&utm_medium=local&utm_campaign=houston,"440 Louisiana St #2050, Houston, TX 77002, USA",Houston TX,5,153
Houston Car Accident and Personal Injury Lawyers – Sutliff & Stout,,(713) 364-1050,,https://www.sutliffstout.com/?utm_source=gbp&utm_campaign=Houston+TX,"550 Post Oak Blvd #530, Houston, TX 77027, USA",Houston TX,4.9,265
(713) A-B-O-G-A-D-O Abogados de Accidentes Corey Gomel,,(713) 226-4236,,http://www.713abogado.com/,"1177 W Loop S #1400, Houston, TX 77027, USA",Houston TX,4.9,1120
The Doan Law Firm Accident & Injury Attorneys,,(800) 349-0000,,https://www.thedoanlawfirm.com/?utm_source=google&utm_medium=organic&utm_campaign=gbplisting,"1 Riverway Dr Ste #2500, Houston, TX 77056, USA",Houston TX,5,544
Armstrong Lee & Baker LLP,,(832) 402-7844,,https://albtriallawyers.com/?utm_campaign=gmb&utm_medium=organic&utm_source=google,"2800 N Loop W #900, Houston, TX 77092, USA",Houston TX,4.9,290
"Abraham, Watkins, Nichols, Agosto, Aziz & Stogner",,(713) 222-7211,,https://www.abrahamwatkins.com/?utm_source=google&utm_medium=organic&utm_campaign=gmb_local_growthlab,"800 Commerce St, Houston, TX 77002, USA",Houston TX,4.8,462
Husain Law,,(713) 804-8149,,https://hlalawfirm.com/es/,"5916 Winsome Ln #400, Houston, TX 77057, USA",Houston TX,4.9,491
The Alfred Firm,,(713) 489-1875,,https://www.alfredfirm.com/,"2211 Norfolk St Ste 803, Houston, TX 77098, USA",Houston TX,4.9,362
"Adame Garza, LLP",,(713) 863-7100,,https://htxtriallawyers.com/,"2223 N Main St, Houston, TX 77009, USA",Houston TX,4.8,1255
The Ammons Law Firm,,(281) 801-5617,,https://ammonslaw.com/,"3700 Montrose Blvd, Houston, TX 77006, USA",Houston TX,4.8,105
Adley Law Firm,,(713) 999-8669,,https://adleylawfirm.com/,"1421 Preston St, Houston, TX 77002, USA",Houston TX,4.8,384
Ozlat Injury Lawyers,,(281) 915-3555,,https://www.ozlatlawyers.com/,"1640 Richmond Ave, Houston, TX 77006, USA",Houston TX,4.9,739
PMR LAW,,(832) 667-7700,,https://pmrlaw.com/,"3701 Kirby Dr #530, Houston, TX 77098, USA",Houston TX,4.8,339
The Kishinevsky Law Firm,,(832) 529-1111,,https://www.832law.com/,"13831 Northwest Fwy #312, Houston, TX 77040, USA",Houston TX,4.9,142
Littleton Law Firm | Texas Personal Injury Attorneys,,(713) 333-3333,,https://www.littletonlawfirm.com/?utm_source=google-local&utm_medium=organic&utm_campaign=2966,"7322 Southwest Fwy Ste 2020, Houston, TX 77074, USA",Houston TX,4.9,263
Ben Dominguez Law Firm - Abogado de Accidentes,,(713) 804-6822,,https://houstonabogadoaccidentes.com/?utm_source=gbp&utm_campaign=Houston,"4899 Montrose Blvd Ste 1306, Houston, TX 77006, USA",Houston TX,4.8,98
The Hadi Law Firm,,(832) 433-7977,,https://www.thehadilawfirm.com/,"7100 Regency Square Blvd Ste 140, Houston, TX 77036, USA",Houston TX,5,3752
Joe I. Zaid & Associates,,(346) 340-0800,,https://joezaid.com/,"1001 Texas Ave Ste 1400, Houston, TX 77002, USA",Houston TX,5,143
Baumgartner Law Firm,,(281) 587-1111,,https://baumgartnerlawyers.com/,"6711 Cypress Creek Pkwy, Houston, TX 77069, USA",Houston TX,4.9,131
Daspit Law Firm,,(713) 322-4878,,https://www.daspitlaw.com/?utm_source=GMB&utm_medium=organic&utm_campaign=Houston,"440 Louisiana St #1400, Houston, TX 77002, USA",Houston TX,4.8,886
John K. Zaid & Associates,,(281) 333-8959,,https://zaidlaw.com/,"16951 Feather Craft Ln, Houston, TX 77058, USA",Houston TX,4.6,627
Morgan & Morgan,,(346) 214-4324,,https://www.forthepeople.com/office-locations/texas/houston/?utm_source=GMB&utm_medium=local&utm_campaign=HoustonTXGMB,"16225 Park Ten Pl #500, Houston, TX 77084, USA",Houston TX,4.7,3235
Morrell Law Firm,,(833) 667-7355,,http://morrellfirm.com/,"3730 Kirby Dr #1030, Houston, TX 77098, USA",Houston TX,5,273
Abogada Numero Uno®️ Kim Bruno,,(713) 903-8545,,https://abogadakimbruno.com/?utm_source=GBPlistingWebsiteHouston&utm_medium=organic,"2990 Richmond Ave Ste 500, Houston, TX 77098, USA",Houston TX,4.9,3087
"The Krist Law Firm, P.C.",,(281) 283-8500,,https://www.houstoninjurylawyer.com/?utm_source=google&utm_medium=maps&utm_campaign=houston&st-t=houston,"17100 El Camino Real, Houston, TX 77058, USA",Houston TX,4.9,46
Pusch & Wynne Injury Lawyers,,(713) 524-8139,,https://pushwin.com/,"6330 Gulf Fwy, Houston, TX 77023, USA",Houston TX,4.6,1018
Edward Law Group,,(281) 657-9345,,https://edwardlawgroup.com/,"6671 Southwest Fwy #250, Houston, TX 77074, USA",Houston TX,4.8,1344
Simon & O'Rourke Car Accident & Personal Injury Lawyers,,(281) 667-4081,,https://www.solawpc.com/?utm_campaign=gmb&utm_medium=organic&utm_source=google,"440 Louisiana St Ste 1115, Houston, TX 77002, USA",Houston TX,4.9,93
The Stephens Law Firm Accident Lawyers,,(832) 219-8209,,https://www.joestephenslaw.com/houston-personal-injury-lawyer/?utm_source=google&utm_medium=organic&utm_campaign=houstongbp,"9039 Katy Fwy Suite 332, Houston, TX 77024, USA",Houston TX,5,88
Mukerji Law Firm,,(713) 222-1222,,https://mukerjilaw.com/en?utm_source=google&utm_medium=organic&utm_campaign=gbp_listing,"2405 Smith St, Houston, TX 77006, USA",Houston TX,4.7,461
Trust Guss Injury Lawyers,,(281) 949-7047,,https://attorneyguss.com/houston-downtown/?utm_source=google&utm_medium=local&utm_campaign=gbp_houston_travis_st,"808 Travis St #1507, Houston, TX 77002, USA",Houston TX,4.9,298
Patrick Daniel Law,,(713) 999-6666,,https://www.patrickdaniellaw.com/?utm_source=GMB&utm_medium=organic&utm_campaign=Houston,"4801 Woodway Dr Ste 440-W, Houston, TX 77056, USA",Houston TX,4.6,85
Roberts Markland LLP,,(713) 257-9753,,https://robertsmarkland.com/?utm_source=r2m&utm_medium=gbp&utm_campaign=houston,"2555 N MacGregor Way, Houston, TX 77004, USA",Houston TX,4.7,424
Sorrels Law,,(713) 496-1100,,https://www.sorrelslaw.com/,"230 Westcott St #100, Houston, TX 77007, USA",Houston TX,4.7,147
The Cobos Law Firm,,(713) 234-5860,,https://www.cobos.law/,"711 W Alabama St, Houston, TX 77006, USA",Houston TX,4.9,87
Dunk Law Firm,,(713) 223-1435,,https://slamdunklawyer.com/,"717 Franklin St, Houston, TX 77002, USA",Houston TX,4.9,323
Thompson Law,,(214) 919-5860,,https://1800lionlaw.com/dallas-personal-injury-lawyers/,"3300 Oak Lawn Ave Unit 300, Dallas, TX 75219, USA",Dallas TX,4.9,1918
DFW Injury Lawyers,,(214) 296-9602,,https://www.dfwinjurylawyers.com/?utm_source=google&utm_medium=organic&utm_campaign=GBP_W_Mockingbird_Ln,"1341 W Mockingbird Ln #580w, Dallas, TX 75247, USA",Dallas TX,5,920
Herrman & Herrman P.L.L.C. - Car Accident Lawyers,,(469) 699-8775,,https://www.herrmanandherrman.com/texas-personal-injury-firm/dallas/,"12225 Greenville Ave Ste 760, Dallas, TX 75243, USA",Dallas TX,5,545
Shamieh Law - Accident & Injury Lawyers,,(469) 342-4437,,https://shamiehlaw.com/dallas/?utm_source=google&utm_medium=organic&utm_campaign=gbp-dallas,"2612 Thomas Ave, Dallas, TX 75204, USA",Dallas TX,5,591
Jay Murray Car Accident and Truck Accident Lawyers,,(214) 382-0479,,https://jaymurraylaw.com/?utm_source=GBP+dallas,"2512 State St, Dallas, TX 75201, USA",Dallas TX,4.9,290
Anderson Injury Lawyers,,(214) 210-1923,,https://maafirm.com/?utm_source=google&utm_medium=organic&utm_campaign=gmb-dallas,"408 W Eighth St #202, Dallas, TX 75208, USA",Dallas TX,4.9,463
Mullen & Mullen Law Firm,,(214) 747-5240,,https://www.mullenandmullen.com/,"1825 Market Center Blvd #200, Dallas, TX 75207, USA",Dallas TX,4.9,493
Allbee Law Firm,,(972) 455-8908,,https://www.callbigmike.com/?utm_campaign=gmb,"5787 S Hampton Rd #445, Dallas, TX 75232, USA",Dallas TX,4.9,239
J. Alexander Law Firm,,(469) 807-7480,,https://severeinjurylawyers.com/,"12801 N Central Expy Ste 1100, Dallas, TX 75243, USA",Dallas TX,4.9,459
Amaro Law Firm - Dallas,,(214) 480-4843,,https://amarolawfirm.com/dallas-personal-injury-lawyers/?utm_source=GBP&utm_medium=Organic&utm_campaign=Dallas,"2351 W Northwest Hwy Ste 2306, Dallas, TX 75220, USA",Dallas TX,4.9,181
Jim Adler & Associates,,(866) 761-6199,,https://www.jimadler.com/?utm_source=GMB&utm_medium=organic&utm_campaign=GMB_tracking,"2711 N Haskell Ave. Ste 2500, Dallas, TX 75204, USA",Dallas TX,4.6,4171
Montgomery Law,,(214) 720-6090,,https://www.montgomeryfirm.com/,"7901 John W. Carpenter Fwy, Dallas, TX 75247, USA",Dallas TX,4.7,921
Benton Accident & Injury Lawyers Dallas,,(214) 367-6833,,https://www.thebentonlawfirm.com/?utm_source=google&utm_medium=organic&utm_campaign=gmb-Dallas,"1825 Market Center Blvd #350, Dallas, TX 75207, USA",Dallas TX,4.9,308
The Wilhite Law Firm - Personal Injury Attorneys,,(469) 702-8723,,https://www.wilhitelawfirm.com/dallas-injury/?utm_source=GBP&utm_medium=GBP&utm_campaign=GBP_Dallas&utm_id=GBP_Dallas,"3500 Oak Lawn Ave #510, Dallas, TX 75219, USA",Dallas TX,4.9,365
"Robert C. Slim Law Firm, PLLC",,(214) 321-8225,,https://www.rcslawfirm.com/,"2603 Oak Lawn Ave Ste 200, Dallas, TX 75219, USA",Dallas TX,5,102
Ben Abbott & Associates,,(972) 270-2222,,https://benabbott.com/,"1934 Pendleton Dr, Garland, TX 75041, USA",Dallas TX,4.8,4581
Witherite Law Group,,(800) 681-1668,,https://www.witheritelaw.com/,"10440 N Central Expy #400, Dallas, TX 75231, USA",Dallas TX,4.6,1756
"The Law Office of Brian Brunson, PLLC",,(214) 730-8961,,http://www.bblawfirmonline.com/,"3625 N Hall St Suite 525, Dallas, TX 75219, USA",Dallas TX,5,110
"The Law Giant, Personal Injury & Accident Lawyers",,(214) 393-8724,,https://www.texaslegalgroup.com/dallas-personal-injury-lawyer/?utm_source=google&utm_medium=maps&utm_campaign=dallas&st-t=dallas,"12801 N Central Expy #445, Dallas, TX 75243, USA",Dallas TX,4.9,326
Angel Reyes & Associates,,(877) 914-8729,,https://www.reyeslaw.com/dallas/car-accidents/?utm_source=google&utm_medium=organic&utm_campaign=local_listing_dallas_gbp,"8222 Douglas Ave #400, Dallas, TX 75225, USA",Dallas TX,4.2,1866
"LAWBOSS - Uvalle Law Firm, PLLC",,(214) 430-3336,,http://www.lawboss.com/?utm_campaign=gmb,"5001 Spring Valley Rd Ste 240W, Dallas, TX 75244, USA",Dallas TX,4.7,2583
Aulsbrook Car & Truck Wreck Injury Lawyers Dallas,,(972) 962-9878,,https://thetexaslawdog.com/dallas/personal-injury-lawyer/?utm_source=google&utm_medium=organic&utm_campaign=gbp-listing-dallas,"4448 Jefferson Blvd Suite 308B, Dallas, TX 75211, USA",Dallas TX,5,202
Morgan & Morgan,,(469) 300-5001,,https://www.forthepeople.com/office-locations/texas/dallas/?utm_source=GMB&utm_medium=local&utm_campaign=DallasTXGMB,"4514 Cole Ave # 600, Dallas, TX 75205, USA",Dallas TX,4.8,719
DFW Injury Lawyers,,(972) 634-7933,,https://www.dfwinjurylawyers.com/legal-services/oak-cliff-personal-injury-lawyer/?utm_source=google&utm_medium=organic&utm_campaign=GBP_oak_cliff,"1005 W Jefferson Blvd #304, Dallas, TX 75208, USA",Dallas TX,5,80
Arnold & Itkin LLP,,(469) 208-5535,,https://www.arnolditkin.com/dallas-personal-injury/?utm_source=GMBlisting&utm_medium=organic,"3615 N Hall St, Dallas, TX 75219, USA",Dallas TX,4.8,142
The Ledger Law Firm Accident Attorneys - Dallas,,(972) 888-8888,,https://ledgerlaw.com/california/personal-injury-attorney-newport-beach/,"3203 McKinney Ave, Dallas, TX 75204, USA",Dallas TX,4.9,119
Grossman Law Offices,,(855) 354-1544,,https://www.injuryrelief.com/?utm_source=gbp&utm_medium=organic,"3890 W Northwest Hwy #100, Dallas, TX 75220, USA",Dallas TX,4.6,182
Nolan Ryan Law,,(214) 706-4031,,http://www.nolanryanlaw.com/,"2550 Pacific Ave #700, Dallas, TX 75226, USA",Dallas TX,5,160
"Crain Brogdon, LLP",,(214) 522-9404,,https://www.crainbrogdon.com/,"4925 Greenville Ave #1450, Dallas, TX 75206, USA",Dallas TX,4.9,59
Tate Injury Law,,(972) 391-8852,,https://www.tatelawoffices.com/?utm_source=GBP&utm_medium=Dallas,"13355 Noel Rd #1167, Dallas, TX 75240, USA",Dallas TX,4.9,181
Daspit Law Firm,,(214) 393-4855,,https://www.daspitlaw.com/?utm_source=GMB&utm_medium=organic&utm_campaign=dallas,"600 N Pearl St s2205, Dallas, TX 75201, USA",Dallas TX,4.8,267
"Kraft & Associates, Attorneys at Law, P.C.",,(214) 722-4365,,https://www.kraftlaw.com/?utm_source=local&utm_medium=organic&utm_campaign=gmb,"2777 N Stemmons Fwy Suite #1300, Dallas, TX 75207, USA",Dallas TX,4.9,470
The Barber Law Firm,,(214) 382-9600,,https://www.thebarberlawfirm.com/locations/dallas/,"2821 McKinney Ave #11, Dallas, TX 75204, USA",Dallas TX,4.8,97
Carrollton Injury Law,,(972) 360-9898,,https://personalpersonalinjury.com/,"4221 Medical Pkwy #300, Carrollton, TX 75010, USA",Dallas TX,4.9,344
"Law Firm of Aaron A. Herbert, P.C.",,(214) 200-4878,,https://injuryattorneyoftexas.com/,"8330 Lyndon B Johnson Fwy #700, Dallas, TX 75243, USA",Dallas TX,4.7,257
"Genthe Law Firm, P.C.",,(214) 957-0898,,https://genthelaw.com/,"12770 Coit Rd Ste 820, Dallas, TX 75251, USA",Dallas TX,4.9,138
Bailey & Galyen Attorneys at Law,,(972) 449-1241,,https://www.thetexasattorney.com/dallas/?utm_source=google&utm_medium=organic&utm_campaign=GBP_Dallas,"2777 N Stemmons Fwy Ste 1150, Dallas, TX 75207, USA",Dallas TX,4.7,924
Zinda Law Group,,(214) 833-0246,,https://www.zdfirm.com/personal-injury-lawyer/texas/dallas/?utm_source=google&utm_medium=organic&utm_campaign=gbp-listing-dallas,"2626 Cole Ave Ste 367, Dallas, TX 75204, USA",Dallas TX,5,140
Monge & Associates Injury and Accident Attorneys,,(214) 888-8057,,https://www.becauseyouwanttowin.com/dallas-personal-injury-lawyer/,"1910 Pacific Ave Ste 17270, Dallas, TX 75201, USA",Dallas TX,5,42
"Hernandez Law Group, P.C.",,(469) 895-3942,,https://www.juanlaw.com/injury-lawyers/dallas/?utm_source=google&utm_medium=organic&utm_campaign=gbp,"16850 Dallas Pkwy, Dallas, TX 75248, USA",Dallas TX,4.6,446
AK Law Firm Accident & Injury Lawyers,,(469) 256-7425,,https://akfirm.com/,"6301 Gaston Ave #610, Dallas, TX 75214, USA",Dallas TX,5,211
"Luis A. Perez, PC | Abogados de Accidentes",,(214) 932-1755,,https://www.luisperezlaw.com/?utm_source=gbp&utm_campaign=Dallas,"3500 Maple Ave Ste 550, Dallas, TX 75219, USA",Dallas TX,4.9,198
"Law Office of Andre Anziani, PLLC",,(214) 444-8808,,http://www.andrethelawyer.com/,"1300 S Polk St Ste 295, Dallas, TX 75224, USA",Dallas TX,4.9,93
"The Law Offices of David W. Sheves, PLLC",,(972) 863-3940,,https://www.sheveslaw.com/,"2626 Cole Ave suit 300, Dallas, TX 75204, USA",Dallas TX,4.9,324
Freese & Goss Law Firm,,(214) 761-6610,,https://freeseandgoss.com/dallas-personal-injury-lawyer/,"3500 Maple Ave Ste 1100, Dallas, TX 75219, USA",Dallas TX,4.8,52
Thomas J. Henry Injury Attorneys,,(214) 646-3953,,https://thomasjhenrylaw.com/,"6031 Connection Dr #900, Irving, TX 75039, USA",Dallas TX,4.7,2051
Trust Guss Injury Lawyers,,(214) 903-0992,,https://attorneyguss.com/dallas/?utm_source=google&utm_medium=local&utm_campaign=gbp_dallas,"1910 Pacific Ave Ste 6000, Dallas, TX 75201, USA",Dallas TX,4.9,124
Robert Alvarez Law,,(469) 466-2555,,http://866tejanos.com/,"910 S Pearl Expy, Dallas, TX 75201, USA",Dallas TX,5,133
Francis Injury Car & Truck Accident Lawyers,,(817) 329-9001,,https://francisinjury.com/dallas-personal-injury-lawyer/,"4131 N Central Expy Unit #965, Dallas, TX 75204, USA",Dallas TX,4.9,31
"Williams & Cannon, PLLC",,(214) 295-2900,,https://thedallasinjuryattorneys.com/?utm_source=google&utm_medium=local&utm_campaign=1&utm_content=primary,"12222 Merit Dr Ste 1203, Dallas, TX 75251, USA",Dallas TX,4.7,42
"The Heald Law Firm, PLLC",,(469) 598-1900,,https://healdlawfirm.com/,"14140 Midway Rd #200, Dallas, TX 75244, USA",Dallas TX,4.9,194
MR.LAW Accident and Injury Attorneys,,(469) 689-0200,,https://www.mr.law/,"13101 Preston Rd Ste 501, Dallas, TX 75240, USA",Dallas TX,4.9,262
Guerrero Law Injury Lawyers,,(214) 748-6565,,https://www.guerrerolaw.com/?utm_source=GMB&utm_medium=Website,"902 W Commerce St, Dallas, TX 75208, USA",Dallas TX,4.9,377
Rasansky | McKenzie Law,,(214) 833-7005,,https://www.jrlawfirm.com/,"2525 McKinnon St #550, Dallas, TX 75201, USA",Dallas TX,4.7,60
Herz Law,,(214) 745-4567,,https://herzlaw.com/,"4835 Lyndon B Johnson Fwy #470, Dallas, TX 75244, USA",Dallas TX,4.9,203
"Lyons & Simmons, LLP",,(844) 297-8898,,https://www.lyons-simmons.com/,"2101 Cedar Springs Rd Ste 1900, Dallas, TX 75201, USA",Dallas TX,4.9,84
Deon Goldschmidt Attorneys,,(214) 845-7237,,https://mytexasinjuryattorney.com/dallas-fort-worth-personal-injury-lawyer/,"4835 Lyndon B Johnson Fwy Ste 500, Dallas, TX 75244, USA",Dallas TX,4.5,66
Herrman & Herrman P.L.L.C.,,(817) 968-1122,,https://www.herrmanandherrman.com/texas-personal-injury-firm/ft-worth/,"1500 N Main St #110, Fort Worth, TX 76164, USA",Dallas TX,4.9,827
Turley Law Firm Accident Lawyers,,(214) 691-4025,,https://www.wturley.com/,"6440 N Central Expy #1000, Dallas, TX 75206, USA",Dallas TX,4.4,104
"The Marye Law Firm, P.C.",,(214) 987-8240,,https://maryelaw.com/,"2619 Hibernia St, Dallas, TX 75204, USA",Dallas TX,4.7,77
M&Y Personal Injury Lawyers,,(323) 701-0382,,https://mylawcompany.com/,"6300 Wilshire Blvd Ste 807, Los Angeles, CA 90048, USA",Los Angeles CA,4.9,1001
Wilshire Law Firm,,(213) 329-7576,,https://wilshirelawfirm.com/los-angeles/?utm_source=google&utm_medium=organic&utm_campaign=gbp_los_angeles,"660 S. Figueroa Street Sky Lobby, Los Angeles, CA 90017, USA",Los Angeles CA,4.9,2528
Law Offices of John C. Ye,,(866) 506-7646,,https://johnyelaw.com/,"3030 W 6th St, Los Angeles, CA 90020, USA",Los Angeles CA,4.9,2350
J&Y Law Injury and Accident Attorneys,,(310) 307-3686,,https://jnylaw.com/?utm_source=google&utm_medium=organic&utm_campaign=gbp-listing-los-angeles,"1880 Century Pk E Ste 717, Los Angeles, CA 90067, USA",Los Angeles CA,4.8,556
Eisenberg Law Group PC,,(213) 616-5353,,https://eisenberglawgrouppc.com/,"811 Wilshire Blvd #1720, Los Angeles, CA 90017, USA",Los Angeles CA,4.9,900
"Accident Attorney - Pourshalimy, PC - Los Angeles",,(800) 442-0996,,http://www.pourshalimy.com/,"1429 Westwood Blvd, Los Angeles, CA 90024, USA",Los Angeles CA,5,555
Arash Law,,(213) 277-5878,,https://arashlaw.com/,"2960 Wilshire Blvd, Los Angeles, CA 90010, USA",Los Angeles CA,4.8,1104
Insider Accident Lawyers,,(844) 844-9119,,https://www.insideraccidentlawyers.com/,"3435 Wilshire Blvd #1620, Los Angeles, CA 90010, USA",Los Angeles CA,4.9,411
M&Y Personal Injury Lawyers,,(323) 553-5851,,https://mylawcompany.com/,"350 S Figueroa St Ste 276, Los Angeles, CA 90071, USA",Los Angeles CA,5,464
The Dominguez Firm - Personal Injury Lawyers,,(855) 216-8880,,https://dominguezfirm.com/locations/los-angeles/?utm_source=google&utm_medium=organic&utm_campaign=gmb_losangeles,"3250 Wilshire Blvd #2200, Los Angeles, CA 90010, USA",Los Angeles CA,4.8,1975
The Accident Guys,,(310) 455-8003,,https://calltheaccidentguys.com/los-angeles?utm_source=google&utm_medium=organic&utm_campaign=gmb-listing&utm_content=los-angeles,"6330 S San Vicente Blvd #400, Los Angeles, CA 90048, USA",Los Angeles CA,4.9,234
MVP Accident Attorneys,,(213) 799-4924,,https://themvp.com/?utm_source=gbp&utm_campaign=Los+Angeles,"145 S Spring St #850, Los Angeles, CA 90012, USA",Los Angeles CA,5,292
Cohen & Marzban - Los Angeles Personal Injury & Car Accidents Attorneys,,(800) 999-4878,,https://losangelespersonalinjury.attorney/?utm_source=google&utm_medium=organic&utm_campaign=gbp_olympic_blvd_la_ca_90015,"714 W Olympic Blvd Ste 631, Los Angeles, CA 90015, USA",Los Angeles CA,5,50
"Law Offices of Jennie Levin, P.C.",,(323) 951-1188,,https://www.levinlegalhelp.com/,"640 S San Vicente Blvd Ste 390, Los Angeles, CA 90048, USA",Los Angeles CA,5,623
Hillstone Law Accident & Injury Attorneys,,(855) 691-1691,,https://hillstonelaw.com/get-started/?camptrid=1,"10880 Wilshire Blvd #2070, Los Angeles, CA 90024, USA",Los Angeles CA,4.9,610
Custodio & Dubey LLP - CD Law,,(213) 528-5795,,https://cd-lawyers.com/?utm_source=GBP&utm_medium=GBP&utm_campaign=GBP_Los_Angeles&utm_id=GBP_Los_Angeles,"445 S Figueroa St Ste 2520, Los Angeles, CA 90071, USA",Los Angeles CA,5,1003
"Law Offices of Brian Breiter, LLP",,(323) 954-9955,,http://brianbreiter.com/,"4929 Wilshire Blvd #410, Los Angeles, CA 90010, USA",Los Angeles CA,5,231
Cohen & Marzban - Los Angeles Personal Injury & Motorcycle Accident Law Firm,,(800) 999-4878,,https://losangelespersonalinjury.attorney/?utm_source=google&utm_medium=organic&utm_campaign=gbp_wilshire_blvd_la_ca_90025,"12121 Wilshire Blvd Ste 103, Los Angeles, CA 90025, USA",Los Angeles CA,5,238
Providence Trial Lawyers,,(213) 380-5858,,https://ptl.legal/,"777 S Figueroa St #3050, Los Angeles, CA 90017, USA",Los Angeles CA,5,170
Law Brothers,,(800) 222-2222,,https://lawbrothers.com/locations/los-angeles-car-accident-lawyers/,"8370 Wilshire Blvd Unit 205, Beverly Hills, CA 90211, USA",Los Angeles CA,4.9,489
California Personal Injury Attorneys,,(800) 800-8910,,https://cpinjuryattorneys.com/,"16255 Ventura Blvd #1008, Encino, CA 91436, USA",Los Angeles CA,5,241
Sepulveda Sanchez Accident Lawyers,,(213) 431-0621,,https://sepulvedalawgroup.com/los-angeles-injury-lawyers/?utm_source=google&utm_medium=local&utm_campaign=Office-LA&utm_content=website-link,"3530 Wilshire Blvd Suite 1515, Los Angeles, CA 90010, USA",Los Angeles CA,4.9,195
"DK Law - Injury, Accident, and More",,(310) 295-1087,,https://dklaw.com/locations/ca/los-angeles/,"205 S Broadway Ste 402, Los Angeles, CA 90012, USA",Los Angeles CA,4.8,291
Morgan & Morgan,,(323) 825-3424,,https://www.forthepeople.com/office-locations/california/los-angeles/?utm_source=GMB&utm_medium=local&utm_campaign=LosAngelesCAGMB,"633 W 5th St #2200, Los Angeles, CA 90071, USA",Los Angeles CA,4.7,7839
West Coast Trial Lawyers,,(213) 293-3350,,https://westcoasttriallawyers.com/?utm_campaign=gmb&utm_medium=gmb&utm_source=gmb+la+south+grand,"1147 S Hope St, Los Angeles, CA 90015, USA",Los Angeles CA,4.9,512
El Dabe Ritter Trial Lawyers,,(888) 539-1422,,https://www.erlawyers.com/los-angeles-personal-injury-lawyer/?utm_source=gmb&utm_medium=organic&utm_content=listing&utm_campaign=los-angeles,"1150 S Olive St #1300, Los Angeles, CA 90015, USA",Los Angeles CA,4.9,178
Los Abogados de Accidentes | SoCal Injury Lawyers,,(800) 550-0502,,https://abogadosaccidentes.us/,"714 W Olympic Blvd #940, Los Angeles, CA 90015, USA",Los Angeles CA,4.9,279
KJT Law Group,,(818) 651-9029,,https://www.kjtlawgroup.com/glendale/?utm_source=google&utm_medium=organic&utm_campaign=gbp-listing-glendale,"230 N Maryland Ave #306, Glendale, CA 91206, USA",Los Angeles CA,4.9,271
"Harris Personal Injury Lawyers, Inc.",,(213) 418-2003,,https://harrispersonalinjury.com/los-angeles/?utm_source=google-business&utm_medium=profile&utm_campaign=los-angeles,"800 E 12th St Ste 401, Los Angeles, CA 90021, USA",Los Angeles CA,4.9,124
Jacoby & Meyers Accident & Injury Lawyers - Los Angeles,,(213) 296-0792,,https://www.jacobyandmeyers.com/?utm_source=google&utm_medium=organic&utm_campaign=gbp,"2000 Ave of the Stars 1150 s, Los Angeles, CA 90067, USA",Los Angeles CA,4.7,2316
Blair & Ramirez LLP,,(213) 376-2802,,https://www.blairramirezlaw.com/?utm_source=Google&utm_medium=Google+Business+Profile,"555 W 5th St Ste 3750, Los Angeles, CA 90013, USA",Los Angeles CA,4.9,86
Omega Law Group Accident & Injury Attorneys,,(213) 816-3691,,https://www.omegalaw.com/?utm_source=google&utm_medium=organic&utm_campaign=gbp-listing-los-angeles,"704 S Spring St #1105, Los Angeles, CA 90014, USA",Los Angeles CA,5,256
Moseley Collins Law,,(213) 600-7000,,https://www.moseleycollins.com/los-angeles-office.html,"656 S Los Angeles St #410, Los Angeles, CA 90014, USA",Los Angeles CA,5,1137
i Accident Lawyer,,(213) 689-7777,,https://iaccidentlawyer.com/los-angeles-car-accident-lawyer/,"155 W Washington Blvd Ste Mezz #102, Los Angeles, CA 90015, USA",Los Angeles CA,5,462
Lem Garcia Law,,(626) 777-2211,,https://www.lemgarcialaw.com/?utm_source=gbp&utm_campaign=West+Covina,"1720 W Cameron Ave #210, West Covina, CA 91790, USA",Los Angeles CA,4.9,328
"Steven M Sweat, Personal Injury Lawyers, APC",,(310) 592-0445,,https://www.victimslawyer.com/,"11500 W Olympic Blvd #488, Los Angeles, CA 90064, USA",Los Angeles CA,4.8,66
Los Justicieros – Abogados de Accidentes,,(310) 742-1928,,https://losjusticieros.com/es/?utm_source=google&utm_medium=organic&utm_campaign=gbp_profile_main,"10880 Wilshire Blvd Ste 2100, Los Angeles, CA 90024, USA",Los Angeles CA,4.9,254
"C&B Law Group, LLP",,(844) 220-2230,,https://www.cblawgroup.com/,"927 Everett St, Los Angeles, CA 90026, USA",Los Angeles CA,4.7,161
The Law Offices of Jacob Emrani,,(213) 474-7463,,https://www.calljacob.com/?utm_source=google&utm_medium=organic&utm_campaign=gmb,"714 W Olympic Blvd Unit 300, Los Angeles, CA 90015, USA",Los Angeles CA,4.1,1184
The L.A. Law Firm- Accident Attorneys,,(866) 383-1462,,https://www.thelalawfirm.com/,"3055 Wilshire Blvd #1120, Los Angeles, CA 90010, USA",Los Angeles CA,4.9,112
Los Angeles Personal Injury Attorney,,(213) 772-4815,,https://losangelespersonalinjuryattorney.xyz/contact-us-los-angeles-personal-injury-attorney-ca/,"707 Wilshire Blvd, Los Angeles, CA 90017, USA",Los Angeles CA,5,36
Karns & Karns Personal Injury and Accident Attorneys,,(310) 943-3090,,https://www.karnsandkarns.com/locations/los-angeles/,"1313 W 8th St 2nd Floor, Los Angeles, CA 90017, USA",Los Angeles CA,4.7,404
"McNicholas & McNicholas, LLP",,(310) 919-0772,,https://www.mcnicholaslaw.com/?utm_source=google&utm_medium=gbp&utm_campaign=los_angeles,"10866 Wilshire Blvd #1400, Los Angeles, CA 90024, USA",Los Angeles CA,4.8,302
"The Injury Law Group, PC",,(877) 317-3117,,http://accidentdefense.com/,"1901 Ave of the Stars #200, Los Angeles, CA 90067, USA",Los Angeles CA,5,428
Uber & Lyft Accident Lawyer LLC,,(213) 384-7778,,http://www.uber-lyft-accident-lawyer-los-angeles.com/,"610 S Broadway Ste #427, Los Angeles, CA 90014, USA",Los Angeles CA,5,155
The Law Collective,,(213) 441-4000,,https://www.lawcollective.com/,"945 E 12th St Ste a, Los Angeles, CA 90021, USA",Los Angeles CA,4.9,66
Block Law,,(818) 403-3560,,https://www.blockllp.com/?utm_source=GBP&utm_medium=GBP&utm_campaign=GBP_Burbank&utm_id=GBP_Burbank,"2101 W Burbank Blvd, Burbank, CA 91506, USA",Los Angeles CA,4.9,308
Venerable Injury Law,,(213) 383-2332,,https://venerableinjurylaw.com/los-angeles/personal-injury-lawyer/?utm_source=google&utm_medium=organic&utm_campaign=gbp-listing-los-angeles,"3700 Wilshire Blvd #1000, Los Angeles, CA 90010, USA",Los Angeles CA,4.8,126
Megeredchian Law,,(818) 600-7565,,https://megeredchianlaw.com/locations/burbank/?utm_campaign=Google_burbank_gmb,"350 N Glenoaks Blvd 3rd floor, Burbank, CA 91501, USA",Los Angeles CA,4.7,183
KJ Injury and Accident Lawyers P.C.,,(888) 775-5529,,http://www.kjinjurylaw.com/,"2930 Westwood Blvd, Los Angeles, CA 90064, USA",Los Angeles CA,4.6,384
Los Angeles City Law,,(888) 880-8888,,https://lacitylaw.com/,"7961 W 3rd St, Los Angeles, CA 90048, USA",Los Angeles CA,4.8,103
Cohen Injury Law Group - Los Angeles Car Accident & Personal Injury Lawyer,,(805) 502-1150,,https://coheninjurylawgroup.com/,"633 W 5th St Unit 2876A, Los Angeles, CA 90071, USA",Los Angeles CA,5,46
Los Angeles Truck Accident Lawyers,,(213) 510-3261,,https://www.trucklawyers.com/?utm_source=google&utm_medium=organic&utm_campaign=google_maps&utm_content=website,"360 E 2nd St Ste 820, Los Angeles, CA 90012, USA",Los Angeles CA,5,21
Alpine Law Group | Pasadena Personal Injury Lawyer,,(626) 602-2088,,https://alpinelawgroup.com/pasadena-personal-injury-lawyer/?utm_source=GBP&utm_medium=organic&utm_campaign=Google+Business+Profile&utm_id=Google+Business+Profile,"234 E Colorado Blvd Suite 700, Pasadena, CA 91101, USA",Los Angeles CA,4.9,139
KAASS LAW,,(310) 943-1171,,https://kaass.law/,"701 N Brand Blvd Ste 100, Glendale, CA 91203, USA",Los Angeles CA,4.9,219
"Glotzer & Leib, LLP",,(747) 297-8945,,https://www.socalpersonalinjurylawyer.com/?utm_source=GBP&utm_medium=organic&utm_campaign=Los_Angeles,"714 W Olympic Blvd, Los Angeles, CA 90015, USA",Los Angeles CA,4.8,46
The Reeves Law Group,,(213) 271-9318,,https://www.robertreeveslaw.com/los-angeles/personal-injury-attorneys/?utm_source=gmb&utm_medium=organic&utm_content=listing&utm_campaign=gmb-la-listing,"1055 W 7th St #3333, Los Angeles, CA 90017, USA",Los Angeles CA,4.8,43
TORKLAW,,(310) 846-8396,,https://www.torklaw.com/los-angeles/,"611 Wilshire Blvd #900, Los Angeles, CA 90017, USA",Los Angeles CA,4.9,54
Best Law,,(424) 260-4649,,https://www.best-law.net/?utm_source=google&utm_medium=organic&utm_campaign=GBP_Los_Angeles,"611 Wilshire Blvd 9th floor, Los Angeles, CA 90017, USA",Los Angeles CA,5,44
Larry H. Parker Accident Attorneys,,(213) 986-9816,,https://www.larryhparker.com/service-locations/los-angeles-personal-injury-attorney/,"355 S Grand Ave Ste 2450 - PMB# 800, Los Angeles, CA 90071, USA",Los Angeles CA,4.6,325
The Law Office of Richard M. Kenny,,(844) 955-4338,,https://www.rmkinjurylaw.com/,"363 7th Ave 16th Floor, New York, NY 10001, USA",New York NY,5,357
"Greenstein & Pittari, LLP",,(212) 685-8500,,https://www.nyclawfirm.com/nyc-personal-injury-lawyer/?utm_source=google+&utm_medium=organic&utm_campaign=gbp+&utm_term=New+York+Personal+Injury+Lawyer,"1825 Park Ave, New York, NY 10035, USA",New York NY,4.8,781
"New York City Personal Injury Attorney at Law, Brandon J. Broderick",,(866) 589-2013,,https://www.brandonjbroderick.com/new-york/personal-injury-lawyer-new-york-city?utm_campaign=gmb,"40 W 37th St #400b, New York, NY 10018, USA",New York NY,5,172
Hill & Moin LLP - Accident Attorneys,,(212) 668-6000,,https://hillmoin.com/,"111 Broadway #810, New York, NY 10006, USA",New York NY,4.9,172
NYC Injury Attorneys P.C.,,(646) 452-3663,,https://nyc-injury-attorneys.com/,"140 Broadway 46th Floor, PMB 300, New York, NY 10005, USA",New York NY,4.9,88
"The Perecman Firm, P.L.L.C.",,(646) 536-2089,,https://www.perecman.com/personal-injury-lawyer/?utm_source=google+business+profile&utm_medium=website+link&utm_campaign=manhattan,"250 W 57th St #401, New York, NY 10107, USA",New York NY,4.9,726
Cohan Law Firm - New York City Injury & Accident Lawyer,,(212) 601-2693,,https://www.cohanlegal.com/,"401 Park Avenue South 10th Floor, New York, NY 10016, USA",New York NY,5,580
Cellino Law Injury Attorneys,,(718) 550-1692,,https://www.cellinolaw.com/manhattan/?utm_source=Organic&utm_medium=GBP&utm_campaign=Manhattan,"420 Lexington Ave #2001, New York, NY 10170, USA",New York NY,4.8,148
"Meirowitz & Wasserberg, LLP",,(646) 860-0895,,https://www.samndan.com/nyc-injury/?utm_source=google&utm_medium=organic&utm_campaign=gbp-nyc,"1040 6th Ave 10th Fl, New York, NY 10018, USA",New York NY,4.9,203
Law Offices of Jay S. Knispel Personal Injury Lawyers - New York City,,(516) 715-5944,,https://jknylaw.com//?utm_source=google&utm_medium=organic&utm_campaign=gbp_nyc,"450 7th Ave Suite 1605, New York, NY 10123, USA",New York NY,5,93
The Platta Law Firm,,(212) 514-5100,,https://plattalaw.com/,"42 Broadway #1927, New York, NY 10004, USA",New York NY,5,202
Shulman & Hill - Manhattan Personal Injury Lawyer,,(917) 905-2053,,https://shulman-hill.com/?utm_source=google&utm_medium=organic&utm_campaign=gbp-listing-new-york,"1 State St 15th Floor, New York, NY 10004, USA",New York NY,4.9,474
"The Law Offices of Michael S. Lamonsoff, PLLC",,(212) 962-1020,,https://www.msllegal.com/?utm_source=GMBlisting&utm_medium=organic&utm_campaign=gmb-nyc,"32 Old Slip, New York, NY 10005, USA",New York NY,4.7,578
"Raphaelson & Levine Law Firm, P.C.",,(646) 960-3476,,https://www.raphaelsonlaw.com/?utm_source=google&utm_medium=organic&utm_campaign=gmb_midtown_manhattan,"14 Pennsylvania Plaza Ste 1718, New York, NY 10122, USA",New York NY,4.8,714
"Hach & Rose, LLP",,(646) 663-3012,,https://www.unionlawfirm.com/?utm_source=google&utm_medium=organic&utm_campaign=GBP_New_York,"112 Madison Ave 10th floor, New York, NY 10016, USA",New York NY,4.8,272
Law Office Of Cohen & Jaffe LLP,,(516) 882-3538,,https://www.cohenjaffe.com/?utm_source=google&utm_medium=organic&utm_campaign=gmb-listing,"2001 Marcus Ave W295, New Hyde Park, NY 11042, USA",New York NY,4.9,480
Rosenbaum Meier Personal Injury Lawyers,,(212) 514-5007,,https://www.rosenbaumnylaw.com/?utm_source=gmb&utm_medium=organic,"100 Wall St 15th Floor, New York, NY 10005, USA",New York NY,4.8,235
The Barnes Firm Injury Attorneys,,(929) 581-8019,,https://www.thebarnesfirm.com/manhattan-personal-injury-lawyers/?utm_source=google&utm_medium=gmb&utm_campaign=NYC,"420 Lexington Ave #2140, New York, NY 10170, USA",New York NY,4.9,304
Shulman & Hill - Brooklyn Personal Injury Lawyer,,(917) 793-0637,,https://shulman-hill.com/brooklyn/personal-injury-lawyer/?utm_source=google&utm_medium=organic&utm_campaign=gbp-listing-brooklyn,"26 Court St #2216, Brooklyn, NY 11242, USA",New York NY,4.8,635
"Hansen & Rosasco, LLP",,(212) 210-1762,,https://www.911victimlawyer.com/?utm_source=gmb&utm_medium=organic&utm_campaign=gmb-listing,"250 Broadway Ste 600, New York, NY 10007, USA",New York NY,4.9,412
Gregory Spektor & Associates P.C.,,(800) 318-8888,,https://www.spektorlaw.com/,"1 Cross Is Plz Ste 203C, Rosedale, NY 11422, USA",New York NY,4.9,893
"【黎保利】律师事务所 Caesar, Napoli & Spivak",,(888) 650-3888,,https://www.libaolilaw.com/?utm_source=google&utm_medium=organic&utm_campaign=gbp,"233 Broadway #2348, New York, NY 10279, USA",New York NY,4.9,275
"Queens Personal Injury Attorney at Law, Brandon J. Broderick",,(877) 640-5611,,https://www.brandonjbroderick.com/new-york/personal-injury-lawyer-queens?utm_campaign=gmb,"110-20 Jamaica Ave #2h, Jamaica, NY 11418, USA",New York NY,4.9,311
MooreJustice New York City Accident & Injury Lawyers,,(917) 993-5116,,https://www.injurylawatty.com/?utm_source=google&utm_medium=organic-local&utm_campaign=New_York_City,"171 Madison Ave Ste 305, New York, NY 10016, USA",New York NY,5,276
The New York Injury Law Firm PLLC,,(212) 540-4878,,https://www.thenewyorkinjurylawfirm.com/,"48 Wall St #1100, New York, NY 10005, USA",New York NY,4.9,73
"De Caro & Kaplen, LLP",,(212) 732-2262,,http://www.brainlaw.com/,"228 E 45th St Ste 1100, New York, NY 10017, USA",New York NY,4.9,186
"Hecht, Kleeger & Damashek, P.C.",,(212) 256-9934,,https://lawyer1.com/?utm_source=google&utm_medium=maps&utm_campaign=newyork&st-t=newyork,"19 W 44th St #1500, New York, NY 10036, USA",New York NY,4.8,129
"The Ward Law Group, PLLC",,(646) 956-2797,,https://www.855dolor55.com/new-york/?utm_source=google&utm_medium=organic&utm_campaign=nyGMB,"535 5th Ave Suite 2600, New York, NY 10017, USA",New York NY,4.9,379
Mark E. Seitelman Law Offices - Accident & Injury Attorneys,,(332) 244-1106,,https://seitelman.com/?utm_source=googlemybusiness&utm_medium=organic&utm_campaign=gbpbroadway,"111 Broadway, New York, NY 10006, USA",New York NY,4.8,252
"Michael J. Redenburg, Esq. P.C.",,(212) 240-9465,,https://www.mjrlaw-ny.com/new-york-city-personal-injury-lawyer/,"32 Broadway Suite 412, New York, NY 10004, USA",New York NY,4.9,100
"The Case Handler - Adam Handler, Esq.",,(212) 608-3734,,https://www.thecasehandler.com/,"250 Broadway 6th Floor, New York, NY 10007, USA",New York NY,5,211
Block O'Toole & Murphy,,(212) 736-5300,,https://www.blockotoole.com/?npcmp=dir:local:1992942:10119,"1 Pennsylvania Plaza Suite 4850, New York, NY 10119, USA",New York NY,4.9,197
"Gersowitz Libo & Korek, P.C.",,(646) 736-4869,,https://www.lawyertime.com/?utm_source=google&utm_medium=organic&utm_campaign=gmb-listing&utm_content=Broadway-NY,"111 Broadway Ste 1204, New York, NY 10006, USA",New York NY,5,105
Davidoff Law Personal Injury Lawyers - Manhattan New York Office,,(929) 499-2533,,https://www.lawfirmdavidoff.com/new-york-city-personal-injury-lawyer/?utm_source=GBP&utm_medium=organic&utm_campaign=New_York,"60 E 42nd St Suite 1720, New York, NY 10165, USA",New York NY,5,147
Kucher Law Group | Brooklyn Personal Injury Attorney | Slip and Fall Lawyer,,(929) 563-6780,,https://www.rrklawgroup.com/,"463 Pulaski St #1c, Brooklyn, NY 11221, USA",New York NY,5,81
Mark E. Seitelman Law Offices - Accident & Injury Attorneys,,(332) 208-9959,,https://seitelman.com/?utm_source=googlemybusiness&utm_medium=organic&utm_campaign=gbpgrand-st,"570 Grand St Office A, New York, NY 10002, USA",New York NY,5,94
"Gair, Gair, Conason, Rubinowitz, Bloom, Hershenhorn, Steigman & Mackauf",,(212) 943-1090,,https://www.gairgair.com/?utm_source=google&utm_medium=organic&utm_campaign=gmbnyc,"80 Pine St 34th floor, New York, NY 10005, USA",New York NY,4.6,107
"Gorayeb & Associates, P.C. - Los Abogados del Pueblo",,(332) 263-3185,,https://www.gorayeb.com/,"100 William St 19th Floor, New York, NY 10038, USA",New York NY,4.8,343
Carrion Accident & Injury Attorneys,,(646) 846-4419,,https://carrionesq.com/?utm_source=GMB&utm_medium=Organic,"211 E 43rd St Ste 7-11, New York, NY 10017, USA",New York NY,5,51
"The New York Injury & Malpractice Law Firm, P.C.",,(845) 622-4438,,https://protectingpatientrights.com/?utm_source=GBP&utm_medium=GBP&utm_campaign=GBP_Kingston&utm_id=GBP_Kingston,"278 Wall St, Kingston, NY 12401, USA",New York NY,5,997
"Blitz Law Group, LLP",,(212) 871-1300,,https://blitzlawgroup.com/,"260 Madison Ave 8th floor, New York, NY 10016, USA",New York NY,5,103
"David Resnick & Associates, P.C. - New York City Accident & Injury Lawyers",,(347) 474-0230,,https://www.injuryclaimnyclaw.com/?utm_source=local&utm_medium=organic&utm_campaign=gmb-NYC,"450 7th Ave #409, New York, NY 10123, USA",New York NY,4.7,79
Friedland Law,,(800) 210-4878,,https://yourfightourbattle.com/,"50 Broad St #1502, New York, NY 10004, USA",New York NY,4.7,111
AEE Law - New York Personal Injury Attorneys,,(212) 221-5999,,https://aeelaw.com/,"49 W 37th St Fl 7, New York, NY 10018, USA",New York NY,4.8,94
NY INJURY LAWYERS PLLC,,(646) 360-0765,,https://www.nyinjurypllc.com/,"99-00 Metropolitan Ave, Forest Hills, NY 11375, USA",New York NY,5,303
Rosenberg & Rodriguez Personal Injury Lawyers - Manhattan,,(866) 367-8257,,http://www.rosenbergfirm.com/?utm_campaign=GMB,"40 Fulton St 17th Floor, New York, NY 10038, USA",New York NY,4.9,93
Dansker & Aspromonte Associates LLP,,(212) 732-2929,,https://www.dandalaw.com/?utm_source=GMB&utm_medium=organic&utm_campaign=newyork,"30 Vesey St 16th Floor, New York, NY 10007, USA",New York NY,4.9,57
"Sakkas, Cahn & Weiss, LLP — Manhattan, NY, Personal Injury Lawyers",,(212) 571-7171,,https://sakkascahn.com/?utm_source=google&utm_medium=organic&utm_campaign=gbp_york_ny_10017,"110 E 42nd St Ste 1508, New York, NY 10017, USA",New York NY,5,94
"Brandon J. Broderick, Personal Injury Attorney at Law",,(877) 448-7350,,https://www.brandonjbroderick.com/Locations/River-Edge-New-Jersey?utm_campaign=gmb,"65 Rte 4, River Edge, NJ 07661, USA",New York NY,4.7,903
Monarch Law Group - New York Personal Injury Lawyers,,(212) 742-0001,,https://www.monarchlawgroup.com/,"30 Wall St 8th floor, New York, NY 10005, USA",New York NY,5,11
"Law Offices of Lisa Michael & Associates, PC",,(212) 776-1800,,http://www.nyinjurylawyer911.com/,"225 Broadway #1215, New York, NY 10007, USA",New York NY,4.9,63
Cerchione Hurowitz Law Group LLP,,(646) 666-3030,,https://cerchionehurowitz.law/?keywordutm_source=google&utm_medium=gbp,"150 Broadway 23rd Floor, New York, NY 10038, USA",New York NY,5,40
"Brandon J. Broderick, Personal Injury Attorney at Law",,(877) 335-5203,,https://www.brandonjbroderick.com/new-york/personal-injury-lawyer-new-york-city?utm_campaign=gmb2,"11 Broadway suite 615, BOWLING GREEN, NY 10004, USA",New York NY,5,11
Barasch & McGarry,,(212) 385-8000,,https://www.post911attorneys.com/?utm_source=google&utm_medium=organic&utm_campaign=New+York+NY,"11 Park Pl 18th Floor, New York, NY 10007, USA",New York NY,4.7,175
"Leav & Steinberg, LLP",,(212) 766-5222,,https://www.nyaccidentlawyer.com/office-locations/manhattan-office/?utm_source=gbp&utm_medium=organic&utm_campaign=website&utm_term=manhattan,"75 Broad St #1601, New York, NY 10004, USA",New York NY,4.7,132
"Ginarte Gonzalez & Winograd, LLP",,(212) 601-9700,,https://www.ginarte.com/,"233 Broadway 24th floor, New York, NY 10279, USA",New York NY,4.7,487
"The Irwin Law Firm, PLLC",,(212) 203-4529,,https://www.injurylawyernyc.com/?utm_source=google&utm_medium=organic&utm_campaign=gbp-listing,"305 Broadway Ste 717, New York, NY 10007, USA",New York NY,5,77
The Law Offices of Eric Richman,,(212) 688-3965,,https://richman-law.com/,"641 Lexington Ave 14th Floor, New York, NY 10022, USA",New York NY,5,190
"Finkelstein, Meirowitz & Eidlisz",,(212) 385-9190,,http://www.fmelaw.com/,"11 Park Pl 15th floor, New York, NY 10007, USA",New York NY,4.5,120
Parker Waichman LLP - Personal Injury Accident Attorneys,,(646) 663-5315,,https://www.yourlawyer.com/new-york-city-personal-injury/?utm_source=gmb&utm_medium=organic&utm_campaign=new+york,"59 Maiden Ln 6th floor, New York, NY 10038, USA",New York NY,4.7,248
Malman Law,,(312) 629-0099,,https://www.malmanlaw.com/,"205 W Randolph St #1700, Chicago, IL 60606, USA",Chicago IL,4.8,4873
"Abels & Annes, P.C.",,(312) 626-0262,,https://www.daveabels.com/?utm_campaign=gmb&utm_medium=organic&utm_source=google,"100 N LaSalle St Ste 1710, Chicago, IL 60602, USA",Chicago IL,5,236
Attorneys of Chicago Personal Injury Lawyers,,(872) 253-6829,,https://attorneysofchicago.com/?utm_source=google&utm_medium=organic&utm_campaign=gmb-chicago,"134 N LaSalle St #2160, Chicago, IL 60602, USA",Chicago IL,4.9,120
"Horwitz, Horwitz & Associates, Ltd.",,(312) 680-0519,,https://www.horwitzlaw.com/,"25 E Washington St Ste 900, Chicago, IL 60602, USA",Chicago IL,4.9,1110
Zayed Law Offices,,(312) 815-7074,,https://zayedlawoffices.com/chicago-personal-injury-lawyers/?utm_medium=local&utm_source=gmb&utm_campaign=chicago,"10 S LaSalle St Ste 1230, Chicago, IL 60603, USA",Chicago IL,4.8,538
Powell and Pisman,,(866) 936-4718,,https://paulandsteve.com/?utm_source=google&utm_medium=organic&utm_campaign=gmb-chicago,"5351 W Belmont Ave, Chicago, IL 60641, USA",Chicago IL,4.9,428
Levin & Perconti,,(312) 847-2615,,https://www.levinperconti.com/medical-malpractice/?utm_source=google&utm_medium=organic&utm_campaign=gbp-chicago,"325 N La Salle Dr Ste 300, Chicago, IL 60654, USA",Chicago IL,4.7,609
"The Kryder Law Group, LLC Accident and Injury Lawyers",,(872) 204-1904,,https://www.kryderlaw.com/?utm_source=google_gbp&utm_medium=organic&utm_campaign=GBPDowntownChicago,"134 N LaSalle St Ste 1515, Chicago, IL 60602, USA",Chicago IL,4.9,548
Ankin Law,,(312) 500-7866,,https://ankinlaw.com/?utm_source=google&utm_medium=GBP&utm_city=chicago,"10 N Dearborn St #500, Chicago, IL 60602, USA",Chicago IL,4.8,1352
Shea Law Group,,(877) 365-0040,,https://www.shealawgroup.com/,"2400 N Western Ave 2nd Floor, Chicago, IL 60647, USA",Chicago IL,4.9,295
844SeeMike Personal Injury Lawyers,,(312) 766-8507,,https://844seemike.com/?utm_source=google&utm_medium=chicago-gbp,"4809 N Ravenswood Ave #419, Chicago, IL 60640, USA",Chicago IL,4.9,1271
"Salvi, Schostok & Pritchard P.C.",,(312) 626-7727,,https://www.salvilaw.com/?utm_source=google&utm_medium=organic&utm_campaign=gmb_chicago,"161 N Clark St #4700, Chicago, IL 60601, USA",Chicago IL,4.8,216
Connolly Injury Law - Chicago Workers Comp Lawyer,,(312) 756-0340,,https://www.connollyinjurylaw.com/?utm_campaign=gmb,"1720 W Division St, Chicago, IL 60622, USA",Chicago IL,5,233
Midwest Injury Lawyers,,(312) 224-9246,,https://midwestinjurylawyers.com/?utm_source=google&utm_medium=organic&utm_campaign=gbp-chicago,"155 N Wacker Dr Ste 4250, Chicago, IL 60606, USA",Chicago IL,5,130
Gainsberg Injury and Accident Lawyers,,(312) 626-7751,,https://www.gainsberglaw.com/?utm_source=gmb&utm_medium=organic&utm_campaign=GMB-Gainsberg-Chicago,"77 W Washington St Ste 1215, Chicago, IL 60602, USA",Chicago IL,4.9,508
Costa Ivone Injury Lawyers - Chicago,,(708) 400-0000,,https://www.costaivone.com/,"230 W Monroe St #1020, Chicago, IL 60606, USA",Chicago IL,4.7,1198
Lerner and Rowe Injury Attorneys,,(708) 222-2222,,https://lernerandrowe.com/illinois/chicago/,"114 E Cermak Rd, Chicago, IL 60616, USA",Chicago IL,4.9,1161
Rosenfeld Injury Lawyers LLC,,(847) 835-8895,,https://www.rosenfeldinjurylaw.com/,"225 W Wacker Dr #1660, Chicago, IL 60606, USA",Chicago IL,4.8,421
Strom Yen Injury Attorneys of Illinois,,(312) 609-0400,,https://stromyen.com/,"225 W Washington St #1000, Chicago, IL 60606, USA",Chicago IL,4.9,234
Disparti Law Group,,(312) 506-5511,,https://www.dispartilaw.com/,"121 W Wacker Dr Ste 2300, Chicago, IL 60601, USA",Chicago IL,4.7,3358
Morgan & Morgan,,(312) 706-0550,,https://www.forthepeople.com/office-locations/illinois/chicago/?utm_source=GMB&utm_medium=local&utm_campaign=ChicagoILGMB,"332 S Michigan Ave #900, Chicago, IL 60603, USA",Chicago IL,4.8,2124
"Willens & Baez Personal Injury Lawyers, P.C.",,(312) 957-4166,,https://www.willenslaw.com/,"30 N LaSalle St #3450, Chicago, IL 60602, USA",Chicago IL,5,169
Shuman Legal Personal Injury Lawyers,,(773) 347-7542,,https://shumanlegal.com/?utm_source=GBP+Chicago,"414 N Orleans St Ste 600, Chicago, IL 60654, USA",Chicago IL,4.8,383
"Flanagan Injury Law Group, LLC",,(773) 789-5870,,https://www.windycityinjury.com/?npcmp=dir:local:5036309:60615,"1525 E 53rd St Ste 602, Chicago, IL 60615, USA",Chicago IL,4.9,162
"Staver Accident Injury Lawyers, P.C.",,(312) 219-2175,,https://www.chicagolawyer.com/?utm_source=google&utm_medium=maps&utm_campaign=chicago&st-t=chicago,"120 W Madison St Ste 400, Chicago, IL 60602, USA",Chicago IL,4.9,319
"Stephen R. Martay, Attorney At Law",,(312) 312-4878,,http://www.stephenmartayworkcomp.com/,"134 N LaSalle St Fl 9, Chicago, IL 60602, USA",Chicago IL,4.9,426
Leonard Law Group,,(312) 487-2513,,https://www.leonardlawgroup.net/,"325 S Paulina St Ste 100, Chicago, IL 60612, USA",Chicago IL,4.9,514
TorHoerman Law: Injury & Car Accident Lawyers Chicago,,(312) 313-2273,,https://www.torhoermanlaw.com/best-personal-injury-lawyer-chicago/,"227 W Monroe St Ste 2650, Chicago, IL 60606, USA",Chicago IL,5,94
Trapp & Geller,,(312) 368-1444,,https://www.trapplaw.com/?utm_source=GMB&utm_medium=organic&utm_campaign=chicago,"111 W Washington St #1500, Chicago, IL 60606, USA",Chicago IL,5,210
Phillips Law Offices,,(312) 346-4262,,https://phillipslawoffices.com/,"161 N Clark St #4925, Chicago, IL 60601, USA",Chicago IL,4.8,109
Karns & Karns Personal Injury and Accident Attorneys,,(312) 449-3019,,https://www.karnsandkarns.com/locations/chicago-illinois-personal-injury-lawyers/,"10 N Wacker Dr #200, Chicago, IL 60606, USA",Chicago IL,5,30
McCreadyLaw Injury Attorneys,,(773) 207-5229,,https://mccreadylaw.com/?utm_source=GBP&utm_medium=GBP&utm_campaign=GBP_Chicago&utm_id=GBP_Chicago,"10008 S Western Ave, Chicago, IL 60643, USA",Chicago IL,4.7,836
Schwaner Injury Law,,(312) 635-4000,,https://schwanerinjury.com/,"111 N Wabash Ave Ste 801, Chicago, IL 60602, USA",Chicago IL,5,69
Levinson and Stefani Injury Lawyers,,(866) 883-2024,,https://levinsonstefani.com/?utm_campaign=GMB&utm_medium=organic&utm_source=google&utm_content=main,"10 S LaSalle St Ste 1330, Chicago, IL 60603, USA",Chicago IL,5,205
Riz Injury Law,,(312) 546-5109,,https://www.rizinjurylaw.com/,"35 E Wacker Dr #650, Chicago, IL 60601, USA",Chicago IL,5,142
Chicago Injury Lawyers,,(312) 261-5656,,https://www.chicagoinjurylawyer.com/?utm_source=GMB&utm_medium=Google&utm_campaign=SEO,"101 N Wacker Dr Ste 100B, Chicago, IL 60606, USA",Chicago IL,4.8,73
Walner Law,,(312) 500-8198,,https://www.walnerlaw.com/?utm_source=google&utm_medium=organic&utm_campaign=gbp_chicago,"33 N LaSalle St, Chicago, IL 60602, USA",Chicago IL,4.4,461
Katz Friedman,,(312) 724-5846,,https://www.kfeej.com/?npcmp=dir:local:2336127:60654,"321 N Clark St Ste 1750, Chicago, IL 60654, USA",Chicago IL,4.7,220
Kennedy Watkins Injury Attorneys,,(872) 204-2973,,http://www.kwlaw.com/?utm_source=google&utm_medium=organic&utm_campaign=gbp_chicago,"350 N Orleans St Ste 9000N, Chicago, IL 60654, USA",Chicago IL,4.9,96
McCormick Law Firm,,(312) 971-7876,,https://www.theinjuryattorney.law/office_locations/chicago-illinois-personal-injury-attorney/,"620 N La Salle Dr #103, Chicago, IL 60654, USA",Chicago IL,4.9,124
Chicago Personal Injury & Car Accident Lawyers - Shammas Law,,(312) 471-1417,,https://shammas-law.com/,"161 N Clark St #3050, Chicago, IL 60601, USA",Chicago IL,5,187
Eames Law Group,,(312) 319-8350,,https://www.eamesinjurylaw.com/?npcmp=dir:local:4675113:60605,"542 S Dearborn St #650, Chicago, IL 60605, USA",Chicago IL,4.9,92
The Horwitz Law Group,,(312) 641-9200,,https://chicago-personal-injury-lawyers.us/,"20 N Clark St, Chicago, IL 60602, USA",Chicago IL,4.8,116
Fabbrini Law Group,,(312) 494-3131,,https://www.windycitylawfirm.com/?utm_campaign=gmb&utm_medium=organic&utm_source=GMBlisting,"181 W Madison St 47th Floor, Chicago, IL 60602, USA",Chicago IL,4.8,204
Pintas & Mullins Law Firm,,(800) 257-1888,,https://www.pintas.com/?utm_source=binggoogle&utm_medium=organic&utm_campaign=gmb-listing-chicago,"368 W Huron St Ste 100, Chicago, IL 60654, USA",Chicago IL,4.8,1684
"McHargue & Jones, LLC",,(312) 739-0000,,https://mcharguelaw.com/,"105 W Madison St Ste 1600, Chicago, IL 60602, USA",Chicago IL,4.6,384
TORKLAW,,(312) 584-4224,,https://www.torklaw.com/chicago/,"150 N Wacker Dr #1450, Chicago, IL 60606, USA",Chicago IL,4.8,78
McDevitt & Cobb - Chicago Car Accident & Personal Injury Attorneys,,(312) 667-3141,,https://mcdevittlaw.com/?utm_source=gbp&utm_campaign=Chicago,"221 N LaSalle St Suite 1600, Chicago, IL 60601, USA",Chicago IL,4.9,100
"Romanucci & Blandin, LLC",,(312) 458-1000,,https://www.rblaw.net/,"321 N Clark St Suite 900, Chicago, IL 60654, USA",Chicago IL,4.7,185
"Keating Law Offices, P.C.",,(312) 239-6787,,https://keatinglegal.com/,"20 S Clark St #2301, Chicago, IL 60603, USA",Chicago IL,5,57
"Shapiro, Cohen & Basinger, Trial Lawyers",,(312) 263-3443,,https://www.scb-lawyers.com/,"180 N LaSalle St Suite 3050, Chicago, IL 60601, USA",Chicago IL,4.9,65
Law Offices of Joseph Younes,,(312) 802-1122,,https://www.thechicagoaccidentattorney.net/,"166 W Washington St Ste 416, Chicago, IL 60602, USA",Chicago IL,4.9,109
Blumenshine Law Group,,(312) 766-1000,,https://www.blumenshinelawgroup.com/,"117 N Jefferson St Ste 203, Chicago, IL 60661, USA",Chicago IL,4.9,41
Trauma Lawyers,,(312) 781-0082,,http://traumalawyers.com/,"221 N LaSalle St # 1763, Chicago, IL 60601, USA",Chicago IL,5,81
"Taxman, Pollock, & Bekkerman, LLC Trial Attorneys - Chicago",,(312) 586-1700,,https://tpmblegal.com/?utm_source=google&utm_medium=gbp&utm_campaign=local,"225 W Wacker Dr Ste. 1650, Chicago, IL 60606, USA",Chicago IL,4.8,309
"Power Rogers, LLP",,(312) 236-9381,,https://www.powerrogers.com/?npcmp=dir:local:2505539:60602,"70 W Madison St #5500, Chicago, IL 60602, USA",Chicago IL,4.9,77
McCreadyLaw Injury Attorneys,,(312) 553-4446,,https://mccreadylaw.com/?utm_source=GBP&utm_medium=GBP&utm_campaign=GBP_Chicago&utm_id=GBP_Chicago,"200 W Madison St Ste 2400, Chicago, IL 60606, USA",Chicago IL,4.9,301
"LaMonica & Sprague, LLC",,(312) 971-0367,,https://www.lawyersls.com/?npcmp=dir:local:4613864:60606,"150 S Wacker Dr Ste 2130, Chicago, IL 60606, USA",Chicago IL,5,44
Postman Law I Chicago Personal Injury Attorneys,,(312) 275-3803,,https://www.postmanlaw.com/locations/chicago/?utm_source=google&utm_medium=organic&utm_campaign=gbp-listing-chicago,"150 N Riverside Plaza, Chicago, IL 60606, USA",Chicago IL,4.7,186
Kramer Injury Law LLC,,(312) 775-1012,,https://www.kramerinjurylaw.com/,"181 W Madison St Ste 4700, Chicago, IL 60602, USA",Chicago IL,5,53
Kelly Law Team Phoenix,,(602) 283-4122,,https://www.jkphoenixpersonalinjuryattorney.com/?utm_source=google&utm_medium=organic&utm_campaign=gmb-phoenix,"1 E Washington St #1520, Phoenix, AZ 85004, USA",Phoenix AZ,5,351
Solorzano Law Firm,,(602) 507-7778,,https://solorzanolawfirm.com/,"1052 E Indian School Rd, Phoenix, AZ 85014, USA",Phoenix AZ,5,836
Lloyd Baker Injury Attorneys,,(480) 526-4924,,https://lloydbakerinjuryattorneys.com/phoenix-az/?utm_source=google&utm_medium=organic&utm_campaign=gbp,"4428 N 12th St, Phoenix, AZ 85014, USA",Phoenix AZ,4.9,844
Shapiro Law Team,,(480) 680-0783,,https://shapirolawaz.com/?utm_campaign=gmb&utm_medium=local&utm_source=gmb,"4203 E Indian School Rd #300, Phoenix, AZ 85018, USA",Phoenix AZ,5,855
Sargon Law Group,,(623) 225-5635,,https://www.sargonlawgroup.com/?utm_source=google&utm_medium=organic&utm_campaign=gmblisting,"4105 N 20th St Ste 260, Phoenix, AZ 85016, USA",Phoenix AZ,4.9,406
Phillips Law Group - Injury Lawyers,,(602) 288-1591,,https://phillipslaw.com/?utm_source=GBP&utm_medium=GBP&utm_campaign=GBP_Phoenix&utm_id=GBP_Phoenix,"3101 N Central Ave #1500, Phoenix, AZ 85012, USA",Phoenix AZ,4.8,2519
Torgenson Law,,(602) 962-3258,,https://www.torgensonlaw.com/?utm_campaign=gmb,"333 W Roosevelt St, Phoenix, AZ 85003, USA",Phoenix AZ,5,638
"National Injury Attorneys, LLC",,(602) 693-1910,,https://nationalinjuryattorneys.com/phoenix-personal-injury-lawyer/?utm_source=organic&utm_medium=gbp,"3030 N Central Ave Ste 1109, Phoenix, AZ 85012, USA",Phoenix AZ,5,637
Harris Injury Law,,(480) 397-7319,,https://www.callharris.com/?utm_campaign=gmb,"1136 E Campbell Ave, Phoenix, AZ 85014, USA",Phoenix AZ,5,118
Moore Injury Law,,(602) 795-6605,,https://mooreinjurylaw.com/,"5070 N 40th St Unit 240, Phoenix, AZ 85018, USA",Phoenix AZ,5,92
Wyatt Injury Law Personal Injury Lawyers,,(623) 352-5614,,https://www.wyattinjurylaw.com/?utm_campaign=gmb,"5333 N 7th St Ste A-210, Phoenix, AZ 85014, USA",Phoenix AZ,5,102
Big Auto Accident Attorneys,,(480) 409-3949,,https://bigauto.com/?utm_campaign=gmb,"3550 N Central Ave Ste 550, Phoenix, AZ 85012, USA",Phoenix AZ,4.9,659
Hirsch & Lyon,,(602) 535-1900,,https://hirschandlyonaccidentlaw.com/?source=GoogelBusinessProfile&utm_source=GMBlisting&utm_medium=organic,"1212 E Osborn Rd #200, Phoenix, AZ 85014, USA",Phoenix AZ,4.9,335
Lamber Goodnow Injury Lawyers,,(602) 274-9662,,https://lambergoodnow.com/,"2394 E Camelback Rd Ste 600, Phoenix, AZ 85016, USA",Phoenix AZ,4.9,770
Hutzler Law Personal Injury & Car Accident Lawyer Phoenix,,(602) 842-9940,,https://hutzlerlaw.com/?utm_campaign=gmb&utm_source=googlemaps,"4323 N 12th St Ste 101, Phoenix, AZ 85014, USA",Phoenix AZ,4.9,158
Esquire Law,,(623) 263-2626,,https://esquirelaw.com/?y_source=1_MjY3MjIzODktNzE1LWxvY2F0aW9uLndlYnNpdGU%3D,"4747 N 22nd St Suite 300, Phoenix, AZ 85016, USA",Phoenix AZ,4.8,520
Rafi Law Group,,(623) 207-1555,,https://www.rafilawgroup.com/?utm_source=GMB&utm_medium=organic&utm_campaign=phoenix,"2235 N 35th Ave #100, Phoenix, AZ 85009, USA",Phoenix AZ,4.6,3465
Runion Personal Injury Lawyers - Phoenix Office,,(602) 584-9362,,https://www.runioninjurylaw.com/?utm_campaign=gmb&utm_medium=organic&utm_source=google,"3200 N Central Ave #1100, Phoenix, AZ 85012, USA",Phoenix AZ,4.9,206
Car Accident Lawyer Pros Phoenix,,(602) 486-7486,,https://car-accident-lawyer-phoenix-pros.com/,"5060 N 19th Ave Ste #300-8, Phoenix, AZ 85015, USA",Phoenix AZ,4.9,267
Big Chad Law Injury & Accident Lawyers,,(602) 560-5820,,https://www.bigchadlaw.com/,"1610 W McDowell Rd, Phoenix, AZ 85007, USA",Phoenix AZ,4.9,620
"Ramos Law Personal Injury & Accident Lawyers - Phoenix, Arizona",,(480) 877-9700,,https://www.ramoslaw.com/phoenix-arizona/?utm_source=GBP&utm_medium=organic&utm_campaign=phoenix_arizona,"4201 N 24th St #240, Phoenix, AZ 85016, USA",Phoenix AZ,4.9,72
"McCormick Law, Car Wreck Attorneys PLLC",,(602) 806-7099,,https://limits.law/,"20 E Thomas Rd #2200, Phoenix, AZ 85012, USA",Phoenix AZ,4.8,477
Lerner and Rowe Injury Attorneys,,(602) 977-1900,,https://lernerandrowe.com/arizona/phoenix/,"2701 E Camelback Rd Ste 140, Phoenix, AZ 85016, USA",Phoenix AZ,4.7,986
Desert Star Law Group,,(602) 755-9760,,https://www.desertstarlaw.com/?utm_source=google&utm_medium=organic&utm_campaign=gbp,"3240 E Union Hills Dr Ste 145, Phoenix, AZ 85050, USA",Phoenix AZ,4.9,122
"Kamper & Estrada, PLLC",,(602) 875-0006,,https://www.lawphx.com/,"3030 N 3rd St Suite 770, Phoenix, AZ 85012, USA",Phoenix AZ,5,201
Rack Law Group,,(602) 661-6300,,https://www.racklawgroup.com/,"2375 E Camelback Rd #350, Phoenix, AZ 85016, USA",Phoenix AZ,4.9,487
Phoenix Accident and Injury Law Firm,,(480) 634-7480,,https://phxinjurylaw.com/locations/chandler-car-accident-lawyers/,"600 W Ray Rd B1, Chandler, AZ 85225, USA",Phoenix AZ,4.8,138
Gallagher & Kennedy Injury Lawyers,,(602) 530-8400,,https://www.gallagherkennedyinjury.com/,"2575 E Camelback Rd #1100, Phoenix, AZ 85016, USA",Phoenix AZ,4.9,144
Michael Cordova,,(602) 265-6700,,https://www.mcordova.com/,"1700 N 7th St, Phoenix, AZ 85006, USA",Phoenix AZ,4.8,929
"Zachar Law Firm, P.C.",,(602) 494-4800,,https://www.zacharassociates.com/?utm_source=GMB&utm_medium=organic&utm_campaign=Phoenix,"714 E Rose Ln, Phoenix, AZ 85014, USA",Phoenix AZ,4.8,496
Valley Injury Law,,(480) 841-8009,,http://www.azvalleyinjurylaw.com/,"4600 E Washington St # 300, Phoenix, AZ 85034, USA",Phoenix AZ,5,119
"Snyder & Wenner, P.C.",,(602) 224-0006,,https://snyderwenner.com/?utm_source=phoenix-az-gmb&utm_medium=organic&utm_campaign=gmb-listing,"2942 N 24th St Unit 114, Phoenix, AZ 85016, USA",Phoenix AZ,4.8,106
CLS Law,,(855) 257-9467,,https://www.clswins.com/,"2600 N Central Ave #730, Phoenix, AZ 85004, USA",Phoenix AZ,4.8,122
The Lowrider Lawyers - Truck Crash & Injury Attorneys,,(602) 905-0792,,https://lowriderlawyers.com/,"801 E Washington St, Phoenix, AZ 85034, USA",Phoenix AZ,5,140
"Ruben Law Group, AZ Injury Attorney",,(623) 777-3405,,https://rubenlawgroup.com/,"231 W Thomas Rd Ste 2, Phoenix, AZ 85013, USA",Phoenix AZ,4.9,111
Morgan & Morgan,,(602) 735-0250,,https://www.forthepeople.com/office-locations/arizona/phoenix/?utm_source=GMB&utm_medium=local&utm_campaign=PhoenixAZGMB,"2355 E Camelback Rd Ste 335, Phoenix, AZ 85016, USA",Phoenix AZ,4.7,2954
Karns & Karns Personal Injury and Accident Attorneys,,(602) 854-2177,,https://www.karnsandkarns.com/locations/phoenix-arizona-personal-injury-lawyers/,"2 N Central Ave Suite 1800, Phoenix, AZ 85004, USA",Phoenix AZ,5,32
Thompson Law,,(480) 660-0884,,https://1800lionlaw.com/az/phoenix/?utm_source=google&utm_medium=organic&utm_campaign=gbp_phoenix&utm_content=maps,"4745 N 7th St Ste 230, Phoenix, AZ 85014, USA",Phoenix AZ,4.8,53
Lebovitz Law Group,,(602) 975-5550,,https://www.lebovitzlawgroup.com/,"55 E Lexington Ave, Phoenix, AZ 85012, USA",Phoenix AZ,5,183
"AJ Law, PLC Glendale",,(602) 344-9006,,https://accidentjustice.com/glendale-personal-injury-lawyer/?utm_source=google&utm_medium=organic&utm_campaign=gmb-Glendale,"5800 W Glenn Dr Suite 130, Glendale, AZ 85301, USA",Phoenix AZ,5,320
The Husband & Wife Law Team,,(480) 405-0927,,https://husbandandwifelawteam.com/office-locations/arizona/east-valley-phoenix?utm_source=yext&utm_medium=Google_My_Business&utm_campaign=rayrd,"3840 E Ray Rd, Phoenix, AZ 85044, USA",Phoenix AZ,4.7,571
The Law Offices Of Alcock & Associates P.C.,,(602) 989-5000,,https://www.alcocklaw.com/,"2 N Central Ave 2600 26th floor, Phoenix, AZ 85004, USA",Phoenix AZ,4.9,3536
Elmm Law Group,,(480) 780-3657,,https://getgordi.com/?utm_campaign=gmb&utm_id=gbp_phoenix&utm_medium=gbp&utm_source=gbp,"3401 N 32nd St, Phoenix, AZ 85018, USA",Phoenix AZ,5,124
Sweet James Accident Attorneys,,(602) 858-7768,,https://sweetjames.com/phoenix-az/personal-injury-lawyer/?utm_source=google&utm_medium=organic&utm_campaign=gbp-listing-phoenix,"7310 N 16th St #250, Phoenix, AZ 85020, USA",Phoenix AZ,4.5,447
Alex Law,,(602) 483-6114,,https://www.alexlawfirm.com/?utm_source=GMB&utm_medium=organic&utm_campaign=Phoenix,"1717 E Bell Rd #1, Phoenix, AZ 85022, USA",Phoenix AZ,4.8,254
Hutson Law Firm,,(623) 628-7400,,https://lawhutson.com/,"21630 N 19th Ave Ste B4-B, Phoenix, AZ 85027, USA",Phoenix AZ,4.9,70
Zanes Law Injury Lawyers,,(602) 960-3571,,https://zaneslaw.com/phoenix-injury/?utm_source=google&utm_medium=organic&utm_campaign=phoenix,"3333 E Camelback Rd Unit 250, Phoenix, AZ 85018, USA",Phoenix AZ,4.8,738
"Abels & Annes, P.C.",,(602) 819-5191,,https://www.daveabels.com/?utm_source=google&utm_medium=organic&utm_campaign=gbp_Phoenix,"714 E Rose Ln #200, Phoenix, AZ 85014, USA",Phoenix AZ,5,20
"Feller & Wendt, LLC",,(480) 531-5503,,https://www.fellerwendt.com/phoenix-personal-injury-lawyer/?utm_source=google&utm_medium=organic&utm_campaign=gbp-phoenix,"1 N 1st St Ste 7550, Phoenix, AZ 85004, USA",Phoenix AZ,4.8,122
Goldberg & Osborne - Phoenix Injury Lawyers,,(602) 808-6200,,https://1800theeagle.com/locations/east-phoenix/?utm_source=googsmbs&utm_medium=organic&utm_campaign=organic,"2600 N 44th St Ste A200, Phoenix, AZ 85008, USA",Phoenix AZ,4.6,386
"Arizona Injury Law Group, PLLC",,(602) 346-9009,,https://www.azworkcomplaw.com/?utm_source=gmb&utm_medium=organic&utm_content=listing&utm_campaign=local,"1136 E Campbell Ave, Phoenix, AZ 85014, USA",Phoenix AZ,4.6,46
ELG Accident Attorneys,,(623) 877-3600,,https://www.elgphx.com/,"2950 N 91st Ave Ste C-103, Phoenix, AZ 85037, USA",Phoenix AZ,4.9,323
AZ Hometown Law Firm,,(602) 254-8481,,,"1001 N Central Ave #660, Phoenix, AZ 85004, USA",Phoenix AZ,4.8,261
Phoenix Injury Attorneys,,(602) 844-2600,,https://personalinjury-az.com/,"3003 N Central Ave #2600, Phoenix, AZ 85012, USA",Phoenix AZ,5,19
"Harris, Powers & Cunningham, PLLC",,(602) 910-6779,,https://www.hpclawyers.com/?npcmp=dir:local:1762730:85004,"361 E Coronado Rd Suit 101, Phoenix, AZ 85004, USA",Phoenix AZ,4.7,23
The Law Offices Of Alcock & Associates P.C.,,(602) 989-5000,,https://www.alcocklaw.com/,"2345 E Thomas Rd #100b, Phoenix, AZ 85016, USA",Phoenix AZ,4.8,179
O'Steen MacLeod Combs PLC,,(602) 252-8888,,https://www.omclawyers.com/,"300 W Clarendon Ave #400, Phoenix, AZ 85013, USA",Phoenix AZ,4.9,102
Phoenix Car Accident Lawyer Matt Hartley,,(602) 649-1696,,https://hartleylawusa.com/?utm_source=google&utm_medium=organic&utm_campaign=Phoenix,"200 E Van Buren St Fl 3, Phoenix, AZ 85004, USA",Phoenix AZ,5,209
Triumph Law Group,,(602) 833-0154,,https://www.triumphlawgroup.com/phoenix-personal-injury-lawyer/?utm_source=gmb&utm_medium=organic&utm_campaign=phoenix,"1221 E Osborn Rd Unit 201, Phoenix, AZ 85014, USA",Phoenix AZ,4.9,97
"Gary Phillips Accident Law Professionals, PLLC",,(602) 848-3336,,http://www.garyphillipsaccidentlaw.com/,"1212 E Osborn Rd, Phoenix, AZ 85014, USA",Phoenix AZ,5,50
"Philadelphia Personal Injury Attorney at Law, Brandon J. Broderick",,(866) 535-0432,,https://www.brandonjbroderick.com/pennsylvania/personal-injury-lawyer-philadelphia?utm_campaign=gmb,"110 S 20th St, Philadelphia, PA 19103, USA",Philadelphia PA,4.9,460
The Levin Firm,,(215) 484-4166,,https://www.levininjuryfirm.com/?utm_source=gbp&utm_medium=organic&utm_campaign=gbp-listing&utm_content=philadelphia,"1500 John F Kennedy Blvd #620, Philadelphia, PA 19102, USA",Philadelphia PA,5,230
"Philly Personal Injury Lawyer Jeffrey H. Penneys Esq., P.C.",,(215) 701-4693,,https://philly-personal-injury-lawyer.com/?utm_source=GMB&utm_medium=organic,"230 S Broad St #904, Philadelphia, PA 19102, USA",Philadelphia PA,5,246
Rand Spear: The Accident Lawyer,,(215) 985-2424,,https://www.randspear.com/,"Ten Penn Center, 1801 Market St #700, Philadelphia, PA 19103, USA",Philadelphia PA,4.7,736
Philly Injury Attorneys,,(215) 398-6073,,https://kaplunmarx.com/?utm_campaign=PhillyGBP,"115 S 8th St Ste 5, Philadelphia, PA 19106, USA",Philadelphia PA,5,351
Zavodnick & Lasky - Personal Injury Lawyers Philadelphia,,(215) 650-8470,,https://www.zavodnicklaw.com/,"123 S Broad St #1220, Philadelphia, PA 19109, USA",Philadelphia PA,4.9,185
PhillyLaw,,(215) 515-2050,,https://phillylaw.com/philadelphia-personal-injury-lawyers/?utm_source=google&utm_medium=organic&utm_campaign=gbp,"2021 Locust St, Philadelphia, PA 19103, USA",Philadelphia PA,5,35
Jacobs & Comerota,,(267) 450-2360,,https://www.jcinjurylaw.com/,"30 S 17th St Suite 810, Philadelphia, PA 19103, USA",Philadelphia PA,5,468
"Kwartler Manus, LLC",,(267) 457-5570,,https://www.kminjurylawyers.com/?utm_source=GMB&utm_medium=organic&utm_campaign=philadelphia,"1429 Walnut St 14th Floor, Philadelphia, PA 19102, USA",Philadelphia PA,4.8,502
Philadelphia Injury Lawyers P.C.,,(215) 298-9143,,https://philly-injury-law.com/,"1635 Market St 1600 Suite A, Philadelphia, PA 19103, USA",Philadelphia PA,5,59
Soloff & Zervanos,,(215) 608-4067,,https://soloffandzervanos.com/?utm_source=GBP&utm_medium=GBP&utm_campaign=GBP_Philadelphia&utm_id=GBP_Philadelphia,"1525 Locust St 8th Floor, Philadelphia, PA 19102, USA",Philadelphia PA,4.9,226
Reiff Law Firm - Philadelphia Personal Injury & Car Accident Attorneys,,(215) 246-9000,,https://www.reifflawfirm.com/?utm_source=GMB&utm_medium=Organic,"1500 John F Kennedy Blvd #501, Philadelphia, PA 19102, USA",Philadelphia PA,5,49
"Quinn Law Group, LLC",,(215) 259-5231,,https://www.quinnlawyers.com/?utm_source=google&utm_campaign=GBP,"226 Walnut St, Philadelphia, PA 19106, USA",Philadelphia PA,4.9,313
"The Pearce Law Firm, Personal Injury and Car Accident Lawyers Philadelphia",,(215) 544-3290,,https://thepearcelawfirm.com/philadelphia-pennsylvania-car-accident-lawyer-auto-accident-attorney-near-you/?utm_source=google&utm_medium=organic&utm_campaign=gmbphilly,"1701 Walnut St 6th Floor, Philadelphia, PA 19103, USA",Philadelphia PA,4.8,113
Law Offices of Eric A Shore,,(215) 627-9999,,https://www.1800cantwork.com/,"1500 John F Kennedy Blvd #1240, Philadelphia, PA 19102, USA",Philadelphia PA,4.8,835
Philly Injury Lawyer,,(215) 735-4800,,https://www.phillyinjurylawyer.com/?utm_source=google&utm_medium=organic&utm_campaign=gmb,"1500 John F Kennedy Blvd #550, Philadelphia, PA 19102, USA",Philadelphia PA,4.4,246
Wapner Newman,,(215) 569-0900,,https://www.wapnernewman.com/?utm_source=local&utm_medium=organic&utm_campaign=GMB,"1628 John F Kennedy Blvd #800, Philadelphia, PA 19103, USA",Philadelphia PA,4.7,211
Morgan & Morgan,,(215) 446-0003,,https://www.forthepeople.com/office-locations/pennsylvania/philadelphia/?utm_source=GMB&utm_medium=local&utm_campaign=PhiladelphiaPAGMB,"2005 Market St Ste. 350, Philadelphia, PA 19103, USA",Philadelphia PA,4.6,7192
Cousin Benny Injury Lawyers,,(215) 608-2573,,https://cousinbenny.com/?utm_source=GMB&utm_medium=organic&utm_campaign=GMB,"1617 John F Kennedy Blvd Ste 355D, Philadelphia, PA 19103, USA",Philadelphia PA,4.9,145
"Nerenberg Law Associates, P.C.",,(215) 569-9100,,https://www.phillypilaw.com/,"1515 Market St #1650, Philadelphia, PA 19102, USA",Philadelphia PA,4.9,248
Rosen Justice,,(267) 536-4814,,https://rosenjustice.com/?utm_campaign=gmb&utm_medium=organic&utm_source=gmb,"100 S Broad St Ste 905, Philadelphia, PA 19110, USA",Philadelphia PA,4.9,38
"Gibbons Legal, Personal Injury and Accident Lawyers",,(215) 774-2584,,https://gibbonslegal.com/?utm_source=google&utm_medium=organic&utm_campaign=gmb_listing_philadelphia,"One Commerce Square, 2005 Market St #1920, Philadelphia, PA 19103, USA",Philadelphia PA,5,331
Philly Injury Lawyer - Philadelphia Car Accident Attorneys,,(215) 253-5700,,https://www.phillyinjurylawyer.com/?utm_campaign=gmbox&utm_medium=organic&utm_source=google,"5425 Oxford Ave #201, Philadelphia, PA 19124, USA",Philadelphia PA,4.8,86
The Rothenberg Law Firm,,(215) 330-6551,,https://injurylawyer.com/philadelphia-personal-injury-attorney/?utm_source=gmblisting&utm_medium=organic&utm_campaign=philadelphia,"1420 Walnut St, Philadelphia, PA 19102, USA",Philadelphia PA,4.5,145
Krasno Krasno & Onwudinjo,,(267) 318-4235,,https://www.krasnolaw.com/locations/philadelphia-workers-compensation-lawyers?utm_source=gbp&utm_medium=philadelphia,"1429 Walnut St 16th floor, Philadelphia, PA 19102, USA",Philadelphia PA,4.8,742
MyPhillyLawyer,,(215) 227-2727,,https://www.myphillylawyer.com/,"1500 John F Kennedy Blvd #1410, Philadelphia, PA 19102, USA",Philadelphia PA,4.7,306
Law Offices of Judy Greenwood PC - Medical Malpractice and Personal Injury Lawyers,,(215) 557-7500,,https://greenwoodlawoffice.com/?utm_source=gbp_listing&utm_medium=ecg,"1800 John F Kennedy Blvd #1500A, Philadelphia, PA 19103, USA",Philadelphia PA,4.9,88
"Mattiacci Law, LLC",,(267) 682-7157,,https://jminjurylawyer.com/?utm_source=google&utm_medium=organic&utm_campaign=gmb,"1500 John F Kennedy Blvd Suite 620C, Philadelphia, PA 19102, USA",Philadelphia PA,5,53
Rosenbaum Injury Law - Philadelphia Personal Injury Accident Lawyers,,(215) 569-0200,,https://www.rosenbauminjuryfirm.com/?utm_source=gbplisting&utm_medium=organic,"1818 Market St #3200, Philadelphia, PA 19103, USA",Philadelphia PA,4.8,233
Philly Injury Lawyers,,(610) 915-2341,,https://kaplunmarx.com/?utm_campaign=balacynwrd,"333 E City Ave Ste 300, Bala Cynwyd, PA 19004, USA",Philadelphia PA,4.9,237
"Steven L. Chung, Esquire, LLC",,(215) 688-5777,,https://www.215gothurt.com/,"1515 Market St #910, Philadelphia, PA 19102, USA",Philadelphia PA,4.9,65
Wieand Law Firm LLC,,(215) 666-7777,,https://www.wieandlaw.com/,"1800 John F Kennedy Blvd #1400, Philadelphia, PA 19103, USA",Philadelphia PA,4.9,56
"Solomon, Sherman, Gabay, Briskin & Sherman",,(215) 665-1100,,https://www.solomonsherman.com/?utm_source=GMBlisting&utm_medium=organic&utm_location=philadelphia,"1628 John F Kennedy Blvd #2200, Philadelphia, PA 19103, USA",Philadelphia PA,4.9,260
Philly Injury Lawyer - Philadelphia Car Accident Attorneys,,(215) 545-9200,,https://www.phillyinjurylawyer.com/?utm_campaign=gmb&utm_medium=organic&utm_source=google,"6921 Frankford Ave Ste E, Philadelphia, PA 19135, USA",Philadelphia PA,5,22
Philly Slip And Fall Guys,,(215) 268-6898,,https://phillyslipandfallguys.com/?utm_source=GBP,"1617 John F Kennedy Blvd #355, Philadelphia, PA 19103, USA",Philadelphia PA,4.7,98
Stampone O'Brien Dilsheimer Holloway,,(267) 214-9695,,https://stamponelaw.com/,"500 Cottman Ave, Cheltenham, PA 19012, USA",Philadelphia PA,5,527
Pearson Koutcher Law,,(215) 627-0700,,https://www.pearsonkoutcherlaw.com/?utm_source=rsdvm&utm_medium=gmb&utm_campaign=brandawareness&utm_content=,"1650 Arch St #2501, Philadelphia, PA 19103, USA",Philadelphia PA,4.9,311
Law Office of Edelstein Martin & Nelson,,(800) 887-4529,,https://law-pa.com/,"123 S Broad St #1820, Philadelphia, PA 19109, USA",Philadelphia PA,4.9,46
"Freundlich & Littman, LLC",,(215) 545-8500,,http://www.philadelphiaattorneylawyer.com/?utm_source=google&utm_medium=organic&utm_campaign=gbp,"1425 Walnut St #200, Philadelphia, PA 19102, USA",Philadelphia PA,4.9,130
Greg Prosmushkin,,(215) 673-7733,,https://gproslaw.com/?utm_source=google&utm_medium=organic&utm_campaign=gbp-philadelphia,"9637 Bustleton Ave, Philadelphia, PA 19115, USA",Philadelphia PA,4.5,348
Wilk Law Personal Injury & Car Accident Lawyers,,(855) 938-1757,,https://wilklawfirm.com/philadelphia-pa-car-accident-lawyer/?utm_source=gbp&utm_medium=philly&utm_campaign=localseo,"1650 Market St Ste 3600, Philadelphia, PA 19103, USA",Philadelphia PA,4.9,69
Saltz Mongeluzzi Bendesky P.C.,,(267) 489-1193,,https://www.smbb.com/?utm_source=GBP,"1650 Market Street One Liberty Place, 52nd Floor, Philadelphia, PA 19103, USA",Philadelphia PA,4.7,279
"Anthony C. Gagliano, III, Esquire, P.C.",,(267) 861-7100,,https://www.acginjurylaw.com/?utm_source=GMBlisting&utm_medium=organic,"Duane Morris Plaza, 30 S 17th St Suite 810, Philadelphia, PA 19103, USA",Philadelphia PA,5,238
Zafran Law Group,,(215) 587-0038,,https://jaredzafranlaw.com/,"1704 Locust St, Philadelphia, PA 19103, USA",Philadelphia PA,4.7,306
"Lassiter & Associates, P.C.",,(267) 682-8918,,https://lassiterfirm.com/,"1515 Market St #1200, Philadelphia, PA 19102, USA",Philadelphia PA,4.9,84
Injury Law Partners,,(215) 402-5900,,https://injurylawpartners.com/,"1628 John F Kennedy Blvd Ste No. 1302, Philadelphia, PA 19103, USA",Philadelphia PA,5,25
Pond Lehocky,,(800) 568-7500,,https://www.pondlehocky.com/,"2005 Market St 18th Floor, Philadelphia, PA 19103, USA",Philadelphia PA,4.8,3082
Fine Staud and Levy LLC,,(215) 665-0100,,http://www.fineandstaud.com/,"1333 Race St, Philadelphia, PA 19107, USA",Philadelphia PA,4.8,157
Liss & Marion - Personal Injury Attorneys,,(215) 665-1500,,http://www.lisslaw.com/,"1845 Walnut St #1500, Philadelphia, PA 19103, USA",Philadelphia PA,5,306
Clearfield & Associates,,(215) 563-6333,,https://www.clearfieldinjurylawyer.com/,"1617 John F Kennedy Blvd #355, Philadelphia, PA 19103, USA",Philadelphia PA,4.2,400
"Kline & Specter, PC",,(215) 772-1000,,https://www.klinespecter.com/,"1525 Locust St, Philadelphia, PA 19102, USA",Philadelphia PA,4.4,448
Attorney BIG AL - Jason Fine,,(267) 214-9322,,https://jfinelaw.com/philadelphia-pa-law-office/,"1628 John F Kennedy Blvd Ste 2120, Philadelphia, PA 19103, USA",Philadelphia PA,4.3,159
"The Killino Firm, P.C. | Wrongful Death Lawyers",,(215) 839-3130,,https://www.killinofirm.com/,"2005 Market St #3130, Philadelphia, PA 19103, USA",Philadelphia PA,4.9,52
Gay Chacker & Ginsburg,,(215) 720-1117,,https://gayandchacker.com/?utm_source=google&utm_medium=organic&utm_campaign=gmb&utm_content=20200519,"1731 Spring Garden St, Philadelphia, PA 19130, USA",Philadelphia PA,4.8,106
The Town Law LLC,,(215) 307-5504,,https://www.thetownlaw.com/?utm_source=google-local&utm_medium=organic&utm_campaign=2953,"1650 Market St Ste 3669, Philadelphia, PA 19103, USA",Philadelphia PA,5,447
"Console & Associates , P.C.",,(215) 225-2040,,https://www.myinjuryattorney.com/pennsylvania-personal-injury-lawyer/?utm_source=gmb&utm_medium=referral,"100 S Broad St 1523 Suite B, Philadelphia, PA 19110, USA",Philadelphia PA,5,29
"Gross & Kenny, LLP",,(215) 512-1500,,https://www.philaworkerscomp.com/,"1500 John F Kennedy Blvd Ste 1450, Philadelphia, PA 19102, USA",Philadelphia PA,5,19
Philadelphia Auto Accident Injury Attorney,,(786) 471-7844,,https://carcrashinjuryfirm.com/philadelphia-auto-accident-injury-attorney/?utm_campaign=gmb_local,"1417 Point Breeze Ave, Philadelphia, PA 19146, USA",Philadelphia PA,5,16
Lundy Law Personal Injury Lawyers,,(267) 732-1574,,https://www.lundylaw.com/?utm_source=extnet&utm_medium=yext,"1818 Market St Ste 2400, Philadelphia, PA 19103, USA",Philadelphia PA,4.1,333
Meirowitz & Wasserberg Mesothelioma & Accident Injury Lawyers,,(215) 867-6510,,https://www.samndan.com/philadelphia-injury/?utm_source=google&utm_medium=organic&utm_campaign=philadelphia-gbp,"1800 John F Kennedy Blvd Ste 1401, Philadelphia, PA 19103, USA",Philadelphia PA,5,30
Richard Harris Personal Injury Law Firm,,(702) 550-7537,,https://richardharrislaw.com/,"801 S 4th St, Las Vegas, NV 89101, USA",Las Vegas NV,4.7,3500
"Adam S. Kutner, Injury Attorneys",,(702) 382-0000,,https://www.askadamskutner.com/contact/rancho-drive-las-vegas/?utm_campaign=local-listings&utm_term=rancho,"1137 S Rancho Dr #150a, Las Vegas, NV 89102, USA",Las Vegas NV,4.7,2697
Dimopoulos Injury Law,,(702) 718-7317,,https://www.stevedimopoulos.com/?utm_campaign=gmb,"6671 S Las Vegas Blvd Ste 275, Las Vegas, NV 89119, USA",Las Vegas NV,4.9,3393
Pacific West Injury Law,,(702) 978-8781,,https://pacificwestinjury.com/?utm_source=google&utm_medium=organic&utm_campaign=gmb-listing-las-vegas,"8180 Rafael Rivera Wy #200, Las Vegas, NV 89113, USA",Las Vegas NV,5,897
Morris Injury Law,,(702) 850-5555,,https://www.morrisinjurylaw.com/?utm_source=googlemybusiness&utm_medium=organic&utm_campaign=google_my_business,"3230 S Buffalo Dr #108, Las Vegas, NV 89117, USA",Las Vegas NV,5,535
Naqvi Accident Injury Law,,(702) 800-3755,,https://naqvilaw.com/?utm_source=GMB&utm_medium=local_listing&utm_campaign=online_marketing,"9500 W Flamingo Rd Ste 104, Las Vegas, NV 89147, USA",Las Vegas NV,4.9,1384
Lloyd Baker Injury Attorneys,,(702) 550-0445,,https://lloydbakerinjuryattorneys.com/?utm_source=google&utm_medium=organic&utm_campaign=gbpproduct,"500 S 8th St, Las Vegas, NV 89101, USA",Las Vegas NV,4.9,656
Benson & Bingham Car Accident & Personal Injury Lawyers - Las Vegas,,(702) 382-9797,,https://www.bensonbingham.com/?utm_source=google&utm_medium=organic&utm_campaign=gbp,"626 S 10th St, Las Vegas, NV 89101, USA",Las Vegas NV,4.9,967
Van Law Firm Injury and Accident Attorneys,,(725) 900-2644,,https://vanlawfirm.com/personal-injury-lawyer/nevada/las-vegas/?utm_campaign=gmb&utm_medium=organic&utm_source=google,"1290 S Jones Blvd, Las Vegas, NV 89146, USA",Las Vegas NV,4.9,671
D.R. Patti & Associates,,(702) 500-7070,,https://vegaspifirm.com/?utm_campaign=gmb,"720 S 7th St 3rd Floor, Las Vegas, NV 89101, USA",Las Vegas NV,5,398
Valiente Mott Injury Attorneys,,(702) 623-2373,,https://valientemott.com/?utm_source=GBP&utm_medium=GBP&utm_campaign=GBP_Las_Vegas&utm_id=GBP_Las_Vegas,"700 S 7th St, Las Vegas, NV 89101, USA",Las Vegas NV,4.9,625
Vegas Valley Injury Law,,(702) 803-9991,,https://vegasvalleylaw.com/?utm_source=GMB&utm_medium=local,"710 S 7th St Ste C, Las Vegas, NV 89101, USA",Las Vegas NV,4.9,277
Gina Corena & Associates Car Accident Lawyers,,(702) 680-1111,,https://www.corenalaw.com/,"300 S 4th St Ste 1400, Las Vegas, NV 89101, USA",Las Vegas NV,5,865
Tingey Injury Law Firm,,(702) 675-8456,,https://www.tingeylawfirm.com/?utm_source=GBP_listing&utm_medium=Digital_Domination,"817 S Main St, Las Vegas, NV 89101, USA",Las Vegas NV,5,486
Goldberg Injury Law,,(702) 529-2661,,https://goldberginjurylaw.com/,"6010 S Rainbow Blvd Ste A1, Las Vegas, NV 89118, USA",Las Vegas NV,5,362
Shook & Stone Personal Injury and Disability Lawyers,,(702) 620-5384,,https://www.shookandstone.com/?utm_source=google&utm_medium=organic&utm_campaign=gbp-listing-downtown-las-vegas,"710 S 4th St, Las Vegas, NV 89101, USA",Las Vegas NV,4.6,939
"Paul Powell Law Firm – Personal Injury Attorney in Las Vegas, NV",,(702) 728-5500,,https://paulpowell.com/?utm_source=gmb&utm_medium=organic&utm_campaign=envisiongmb,"8918 Spanish Ridge Ave Ste 100, Las Vegas, NV 89148, USA",Las Vegas NV,4.6,1116
Las Vegas Personal Injury Attorney Law Firm,,(702) 996-1224,,https://www.lvpiattorney.com/,"117 Gass Ave Suite #101, Las Vegas, NV 89101, USA",Las Vegas NV,4.9,120
Cameron Law,,(702) 710-8575,,https://cameronlawlv.com/?utm_source=google&utm_medium=organic&utm_campaign=gbp_las_vegas_nv,"8930 W Sunset Rd Ste 290, Las Vegas, NV 89148, USA",Las Vegas NV,5,401
Eric Roy Law Firm,,(702) 423-3333,,https://www.ericroylawfirm.com/,"703 S 8th St, Las Vegas, NV 89101, USA",Las Vegas NV,4.9,434
Maier Gutierrez Injury & Car Accident Lawyers Las Vegas,,(702) 935-2656,,https://mgalaw.com/?utm_source=seo&utm_medium=google&utm_campaign=las-vegas,"8816 Spanish Ridge Ave, Las Vegas, NV 89148, USA",Las Vegas NV,5,577
High Stakes Injury Law,,(702) 707-5934,,https://www.highstakesinjurylaw.com/?utm_source=gbp&utm_medium=organic,"320 S Jones Blvd, Las Vegas, NV 89107, USA",Las Vegas NV,4.7,910
Claggett & Sykes Trial Lawyers,,(702) 903-1353,,https://www.claggettlaw.com/?utm_source=google&utm_medium=organic&utm_campaign=gmb-vegas,"4101 Meadows Ln #100, Las Vegas, NV 89107, USA",Las Vegas NV,4.9,332
The Schnitzer Law Firm,,(702) 960-4050,,https://theschnitzerlawfirm.com/,"710 S 9th St Ste 2, Las Vegas, NV 89101, USA",Las Vegas NV,4.9,83
Brian Boyer Injury & Car Accident Lawyer Las Vegas,,(702) 514-1414,,https://boyerlawyer.com/?utm_source=google&utm_medium=organic&utm_campaign=gbp-listing-las-vegas,"500 N Rainbow Blvd Ste 120, Las Vegas, NV 89107, USA",Las Vegas NV,4.9,128
Sidell Injury Law,,(702) 384-3847,,http://robertsidell.com/,"3415 W Charleston Blvd, Las Vegas, NV 89102, USA",Las Vegas NV,5,640
Ace Lakhani Law Firm,,(702) 814-4000,,http://www.acelakhani.com/?utm_campaign=gmb,"100 N City Pkwy Ste 1700, Las Vegas, NV 89106, USA",Las Vegas NV,5,491
Car Accident Lawyer Pros,,(877) 722-9777,,http://www.accidentlawyers-nevada.com/,"631 S 10th St, Las Vegas, NV 89101, USA",Las Vegas NV,5,371
Moss Berg Injury Lawyers,,(702) 222-4555,,https://mossberginjurylaw.com/,"5420 W Sahara Ave Ste #101, Las Vegas, NV 89146, USA",Las Vegas NV,5,398
Jack Bernstein Injury Lawyers,,(702) 633-3333,,https://www.bernsteinslaw.com/?utm_source=google&utm_medium=organic&utm_campaign=GBP,"3097 E Warm Springs Rd Ste 200 Bldg 4, Las Vegas, NV 89120, USA",Las Vegas NV,5,342
Ladah Injury & Car Accident Lawyers Las Vegas,,(702) 605-2686,,https://www.ladahlaw.com/?utm_source=gbp&utm_medium=maps&utm_campaign=las_vegas,"517 S 3rd St, Las Vegas, NV 89101, USA",Las Vegas NV,4.8,518
Howard Injury Law,,(702) 331-5722,,https://www.howardinjurylaw.com/?utm_campaign=gmb,"6330 Spring Mountain Rd Ste D, Las Vegas, NV 89146, USA",Las Vegas NV,4.9,120
Battle Born Injury Lawyers - Las Vegas Office,,(702) 297-7164,,https://www.battleborninjurylawyers.com/las-vegas/?utm_source=google&utm_medium=organic&utm_campaign=gmb,"10789 W Twain Ave #100, Las Vegas, NV 89135, USA",Las Vegas NV,4.8,280
De Castroverde Law Group,,(702) 915-6592,,https://www.dlgteam.com/contact-us/las-vegas-personal-injury-law-office/?utm_campaign=gmb&utm_medium=organic&utm_source=gmb,"1149 S Maryland Pkwy, Las Vegas, NV 89104, USA",Las Vegas NV,4.7,814
"Clark Law Group, PLLC",,(702) 330-3272,,http://www.injuryattorneyvegas.com/,"2320 Potosi St, Las Vegas, NV 89146, USA",Las Vegas NV,4.9,339
Drummond Law Firm Personal Injury & Car Accident Lawyer Las Vegas,,(702) 381-5837,,https://www.drummondfirm.com/?utm_campaign=gmb&utm_medium=organic&utm_source=gbp,"3325 W Sahara Ave, Las Vegas, NV 89102, USA",Las Vegas NV,5,91
Eric Blank Injury Attorneys,,(702) 904-9617,,https://www.ericblanklaw.com/?utm_campaign=gmb,"7860 W Sahara Ave Ste. 110, Las Vegas, NV 89117, USA",Las Vegas NV,4.8,459
Anthem Injury Lawyers,,(702) 553-1148,,https://antheminjurylaw.com/?utm_campaign=gmb&utm_medium=organic&utm_source=google,"3145 St Rose Pkwy #220, Henderson, NV 89052, USA",Las Vegas NV,5,452
Edward M. Bernstein & Associates Accident and Injury Lawyers,,(702) 830-5233,,https://www.edbernstein.com/,"400 S 4th St 3rd Floor, Las Vegas, NV 89101, USA",Las Vegas NV,4.9,56
Cogburn Davidson,,(702) 903-7644,,https://cdinjury.com/las-vegas-injury/?utm_source=google&utm_medium=organic&utm_campaign=gmb-lasvegas,"2300 W Sahara Ave Ste 800-816, Las Vegas, NV 89102, USA",Las Vegas NV,4.9,311
Henness & Haight Injury Law,,(702) 862-8200,,https://www.hennessandhaight.com/?utm_source=google&utm_medium=organic&utm_campaign=gbp-las-vegas,"8972 Spanish Ridge Ave, Las Vegas, NV 89148, USA",Las Vegas NV,4.9,524
Lerner and Rowe Injury Attorneys,,(702) 877-1500,,https://lernerandrowe.com/nevada/las-vegas/,"4795 S Durango Dr, Las Vegas, NV 89147, USA",Las Vegas NV,4.6,807
Ace Law Group | Las Vegas Personal Injury & Car Accident Lawyers,,(702) 357-9729,,https://www.acelawgroup.com/?utm_source=GBP,"6480 W Spring Mountain Rd Suite 1, Las Vegas, NV 89146, USA",Las Vegas NV,4.7,295
THE702FIRM Injury Attorneys,,(702) 410-7574,,https://the702firm.com/?utm_source=local&utm_medium=organic&utm_campaign=gmb,"8335 W Flamingo Rd, Las Vegas, NV 89147, USA",Las Vegas NV,4.7,374
"Benson & Bingham Accident Injury Lawyers, LLC - Henderson",,(702) 463-2900,,https://www.bensonbingham.com/henderson-personal-injury-lawyer/?utm_source=google&utm_medium=organic&utm_campaign=gbp,"9230 S Eastern Ave #155, Las Vegas, NV 89123, USA",Las Vegas NV,4.9,236
Morgan & Morgan,,(725) 726-9800,,https://www.forthepeople.com/office-locations/nevada/las-vegas/?utm_source=GMB&utm_medium=local&utm_campaign=LasVegasNVGMB,"6725 Via Austi Pkwy #275, Las Vegas, NV 89119, USA",Las Vegas NV,4.7,1326
The Janda Law Firm Accident & Injury Lawyer - Las Vegas,,(702) 758-8888,,https://lasvegasaccidentlawyer.law/?utm_source=google&utm_medium=organic&utm_campaign=gmblisting,"2020 Wellness Wy #200, Las Vegas, NV 89106, USA",Las Vegas NV,5,81
The Bourassa Law Group,,(702) 625-6667,,https://www.blgwins.com/,"2350 W Charleston Blvd, Las Vegas, NV 89102, USA",Las Vegas NV,4.6,180
Craig P. Kenny & Associates,,(702) 466-1345,,http://www.cpklaw.com/,"501 S 8th St, Las Vegas, NV 89101, USA",Las Vegas NV,4.8,453
H&P Accident & Injury Lawyers,,(702) 996-3651,,https://courtroomproven.com/?utm_source=google&utm_medium=organic&utm_campaign=gbp-listing-las-vegas,"710 S 9th St, Las Vegas, NV 89101, USA",Las Vegas NV,4.8,159
The Accident Guys,,(702) 842-0288,,https://calltheaccidentguys.com/las-vegas?utm_source=google&utm_medium=organic&utm_campaign=gmb-listing&utm_content=lasvegas,"3960 Howard Hughes Pkwy #280, Las Vegas, NV 89169, USA",Las Vegas NV,5,73
Heidari Law Group,,(702) 722-1500,,https://www.heidarilawgroup.com/locations/las-vegas-attorneys/,"611 S 6th St, Las Vegas, NV 89101, USA",Las Vegas NV,4.7,168
Battle Born Injury Lawyers,,(702) 703-6102,,https://www.battleborninjurylawyers.com/las-vegas/?utm_source=google&utm_medium=organic&utm_campaign=gmb-downtown,"400 S 4th St Ste 290, Las Vegas, NV 89101, USA",Las Vegas NV,5,101
Benson Allred,,(702) 820-0000,,http://bensonallred.com/,"333 N Rancho Dr Ste 420, Las Vegas, NV 89106, USA",Las Vegas NV,5,91
Jenny Legal,,(702) 537-0007,,http://www.jennylegalnv.com/,"4484 S Pecos Rd, Las Vegas, NV 89121, USA",Las Vegas NV,4.9,92
Get The Win Injury Lawyers,,(702) 867-8900,,https://getthewin.com/,"319 S 3rd St Ste 200, Las Vegas, NV 89101, USA",Las Vegas NV,5,64
Vegas Auto Injury Lawyers,,(702) 989-8888,,https://www.vegasautoinjurylawyers.com/,"10161 W Park Run Dr Ste 222, Las Vegas, NV 89145, USA",Las Vegas NV,5,35
Burk Injury Lawyers,,(702) 766-9221,,https://fightforthelittleguy.com/?utm_source=google&utm_medium=GBP,"2350 W Charleston Blvd #202, Las Vegas, NV 89102, USA",Las Vegas NV,5,150
"Carvalho & Associates, Attorneys at Law",,(702) 276-0000,,https://www.carvalhoattorney.com/,"700 S 3rd St, Las Vegas, NV 89101, USA",Las Vegas NV,5,47
Litigators for Justice Car Accident Personal Injury Attorneys,,(702) 357-9602,,https://litigatorsforjustice.com/paradise-nv-personal-injury-car-accident-attorney/,"4225 E Sahara Ave Ste 8c, Las Vegas, NV 89104, USA",Las Vegas NV,5,44
Price Petho & Associates,,(704) 741-7123,,https://priceattorneys.com/,"1430 Elizabeth Ave, Charlotte, NC 28204, USA",Charlotte NC,4.9,635
Rosensteel Fleishman Car Accident & Injury Lawyers,,(704) 714-1450,,https://www.rflaw.net/?utm_source=google&utm_medium=organic&utm_campaign=gmb-charlotte,"132 N McDowell St, Charlotte, NC 28204, USA",Charlotte NC,5,1159
"DeMayo Law Offices, LLP",,(704) 508-9266,,https://demayolaw.com/charlotte/personal-injury-lawyer/?utm_source=google&utm_medium=organic&utm_campaign=gbp-listing-charlotte,"1211 E Morehead St, Charlotte, NC 28204, USA",Charlotte NC,4.8,1688
Law Offices of James Scott Farrin,,(704) 599-1078,,https://www.farrin.com/#utm_source=GMB&utm_medium=organic&utm_campaign=GMB-Charlotte,"301 S McDowell St Unit 900, Charlotte, NC 28204, USA",Charlotte NC,4.9,2782
Schehr Law PLLC,,(704) 900-0336,,https://www.schehrlaw.com/,"101 N McDowell St #200, Charlotte, NC 28204, USA",Charlotte NC,4.9,320
Taylor | Serbin Injury Lawyers,,(704) 676-1093,,https://thelitigator.com/charlotte-nc/?utm_source=google&utm_medium=organic&utm_campaign=gmb-site&utm_content=charlotte&y_source=1_MTE3NTUxMTMtNzE1LWxvY2F0aW9uLndlYnNpdGU=,"301 S McDowell St Ste 1016, Charlotte, NC 28204, USA",Charlotte NC,5,366
Auger & Auger Accident and Injury Lawyers,,(704) 741-1886,,https://www.augerlaw.com/charlotte-nc/personal-injury-lawyer/?utm_source=google&utm_medium=organic&utm_campaign=gbp-listing-charlotte,"717 S Torrence St #101, Charlotte, NC 28204, USA",Charlotte NC,5,509
Edwards Injury Law,,(980) 478-8152,,https://edwardsinjury.com/?utm_campaign=gmb,"226 Baldwin Ave, Charlotte, NC 28204, USA",Charlotte NC,5,86
Stewart Law Offices - Workers Compensation & Car Accident Lawyers,,(704) 521-5000,,https://www.stewartlawoffices.net/charlotte-personal-injury-lawyer/?utm_source=google&utm_medium=organic&utm_campaign=gbp_charlotte,"2427 Tuckaseegee Rd, Charlotte, NC 28208, USA",Charlotte NC,4.9,301
"Mehta & McConnell, PLLC",,(980) 399-5638,,https://mehtamcconnell.com/?utm_source=google&utm_medium=organic&utm_campaign=gmb,"2201 South Blvd #410, Charlotte, NC 28203, USA",Charlotte NC,5,107
Panchenko Law Firm,,(980) 397-3122,,https://bpcounsel.com/?utm_source=google&utm_medium=organic&utm_campaign=gbp,"6428 Bannington Rd Ste A, Charlotte, NC 28226, USA",Charlotte NC,5,467
Shane Smith Law,,(980) 982-2329,,https://www.shanesmithlaw.com/?utm_source=google&utm_medium=organic&utm_campaign=gbp-listing-charlotte,"9144 Arrowpoint Blvd #200, Charlotte, NC 28273, USA",Charlotte NC,4.6,972
Yale Haymond Law,,(704) 800-4357,,https://yalehaymondlaw.com/,"7401 Carmel Executive Park Dr Ste 115, Charlotte, NC 28226, USA",Charlotte NC,5,138
Morgan & Morgan,,(980) 423-6300,,https://www.forthepeople.com/office-locations/north-carolina/charlotte/?utm_source=GMB&utm_medium=local&utm_campaign=CharlotteNCGMB,"525 N Tryon St Suite 1729, Charlotte, NC 28202, USA",Charlotte NC,4.7,2194
Speaks Law Firm,,(704) 766-8649,,https://www.speakslaw.com/,"831 E Morehead St #540, Charlotte, NC 28202, USA",Charlotte NC,4.8,168
Law Offices of William H Harding,,(704) 504-7854,,https://www.williamhharding.com/,"9115 Harris Corners Pkwy #220, Charlotte, NC 28269, USA",Charlotte NC,4.8,723
"Jetton & Meredith, PLLC",,(704) 931-5535,,https://www.jettonmeredithlaw.com/,"817 E Trade St, Charlotte, NC 28202, USA",Charlotte NC,4.9,1047
Go Big Injury Law,,(800) 777-7777,,https://gobiginjurylaw.com/,"428 E 4th St Suite 101 - B, Charlotte, NC 28202, USA",Charlotte NC,5,108
A&S Personal Injury Lawyers,,(855) 370-2828,,https://injury.arnoldsmithlaw.com/?utm_source=google&utm_medium=local,"216 N McDowell St #206, Charlotte, NC 28204, USA",Charlotte NC,5,90
The Layton Law Firm - 24/7 Personal Injury & Car Accident Lawyers,,(980) 400-6482,,https://www.thelaytonlawfirm.com/?utm_source=google&utm_medium=organic&utm_campaign=gmb,"1001 East Blvd First Floor, Charlotte, NC 28203, USA",Charlotte NC,4.9,106
Anastopoulo Law Firm,,(800) 777-7777,,https://www.akimlawfirm.com/,"428 E 4th St #101, Charlotte, NC 28202, USA",Charlotte NC,4.8,397
George Sink Injury Lawyers,,(980) 999-9904,,https://www.sinklaw.com/charlotte/?utm_source=google&utm_medium=charlotte-nc,"1057 E Morehead St Unit 110, Charlotte, NC 28204, USA",Charlotte NC,4.9,154
"The Olsinski Law Firm, PLLC",,(704) 240-5592,,https://www.jcolaw.com/,"1355 Greenwood Cliff Ste 300, Charlotte, NC 28204, USA",Charlotte NC,4.9,243
Campbell & Associates,,(704) 333-0885,,https://campbellandassociateslaw.com/,"717 East Blvd, Charlotte, NC 28203, USA",Charlotte NC,4.4,222
CR Legal Team,,(704) 343-6687,,https://www.crlegalteam.com/charlotte-nc/personal-injury-lawyer/?utm_source=google&utm_medium=organic&utm_campaign=gbp-listing-charlotte,"Everett Building, 11525 N Community House Rd #350, Charlotte, NC 28277, USA",Charlotte NC,4.7,533
Arnold & Smith PLLC,,(704) 370-2828,,https://www.arnoldsmithlaw.com/?utm_source=google&utm_medium=local,"The Historic John Price Carr House, 200 N McDowell St, Charlotte, NC 28204, USA",Charlotte NC,4.9,528
McCormick Law Firm,,(980) 580-2440,,https://www.theinjuryattorney.law/office_locations/charlotte-nc-accident-injury-lawyers/,"101 N McDowell St Ste 200A, Charlotte, NC 28204, USA",Charlotte NC,4.5,351
Chandler Volta Personal Injury Lawyers,,(704) 481-6880,,https://www.cvinjurylaw.com/charlotte-personal-injury-lawyer/?utm_campaign=gmb&utm_medium=organic&utm_source=google,"1244 East Blvd, Charlotte, NC 28203, USA",Charlotte NC,4.9,404
Workers' Compensation Lawyers of Charlotte,,(704) 706-2689,,https://1charlotte.net/charlotte/?utm_source=google&utm_medium=organic&utm_campaign=gbp_charlotte,"407 East Blvd Suite 200B, Charlotte, NC 28203, USA",Charlotte NC,5,20
"The Law Offices of Attorney Timothy J. Pavone, PLLC",,(980) 613-4849,,https://charlottelawoffices.com/,"901 E 4th St Unit B, Charlotte, NC 28204, USA",Charlotte NC,4.9,1216
Mitchener Law Firm,,(704) 719-9080,,https://www.mitchenerlaw.com/?npcmp=dir:local:5223153:28202,"521 E Morehead St Suite 120, Charlotte, NC 28202, USA",Charlotte NC,4.6,138
"The Devin Law Firm, P.A.",,(704) 566-3434,,http://www.devinlaw.com/?utm_source=google&utm_medium=local,"2034 Randolph Rd #300, Charlotte, NC 28207, USA",Charlotte NC,4.9,124
Johnson & Groninger PLLC,,(704) 318-4452,,https://www.jglawnc.com/charlotte/personal-injury-lawyers/?utm_source=google&utm_medium=organic&utm_campaign=gmbCharlotte,"1018 East Blvd Ste 6, Charlotte, NC 28203, USA",Charlotte NC,4.9,38
"The Bollinger Law Firm, P.C.",,(704) 377-7677,,https://www.bollingerlawfirmnc.com/?utm_source=gmb&utm_medium=organic&utm_content=listing&utm_campaign=local,"301 S McDowell St #1000, Charlotte, NC 28204, USA",Charlotte NC,5,91
"Elrod Pope Law Firm, P.C.",,(980) 340-8620,,https://elrodpope.com/contact-us/charlotte-personal-injury-law-office/?utm_source=google&utm_medium=organic&utm_campaign=gmb-charlotte,"1100 S Mint St #109, Charlotte, NC 28203, USA",Charlotte NC,5,72
LawyerPower® - The Law Office of Mark Farbman,,(704) 397-3813,,https://lawyerpower.net/?utm_source=google&utm_medium=gmb&utm_campaign=charlotte,"7422 Carmel Executive Park Dr Ste 202, Charlotte, NC 28226, USA",Charlotte NC,4.8,238
Shankle Law Firm,,(704) 370-1212,,https://www.shanklelaw.com/,"6115 Park S Dr Ste 310, Charlotte, NC 28210, USA",Charlotte NC,5,473
Curcio Law,,(704) 759-6110,,http://curciolaw-nc.com/,"122 N McDowell St, Charlotte, NC 28204, USA",Charlotte NC,5,55
Dr. Ted Injury Law,,(704) 610-7520,,https://drtedinjurylaw.com/charlotte/?utm_source=google&utm_medium=organic&utm_campaign=gbp_charlotte,"1201 N Tryon St, Charlotte, NC 28206, USA",Charlotte NC,4.6,460
"Lanier Law Group, P.A.",,(704) 286-1452,,https://www.lanierlawgroup.com/north-carolina/charlotte/?utm_source=google&utm_medium=organic&utm_campaign=GBP,"5515 Monroe Rd, Charlotte, NC 28212, USA",Charlotte NC,4.6,77
The Sumwalt Group Workers' Compensation and Trial Lawyers,,(704) 565-0621,,http://www.sumwaltgrouplaw.com/,"The Refinery, 1213 W Morehead St Ste 521, Charlotte, NC 28208, USA",Charlotte NC,5,215
"Warren & Kallianos, PLLC",,(704) 377-7777,,https://www.warren-kallianos.com/?utm_source=gmb&utm_medium=organic&utm_campaign=GMB-Charlotte,"301 S McDowell St #610, Charlotte, NC 28204, USA",Charlotte NC,4.7,103
"Law Offices of Estwanik & May, PLLC",,(704) 817-2004,,http://estwaniklaw.com/,"118 S Colonial Ave #300, Charlotte, NC 28207, USA",Charlotte NC,4.9,164
"The Downer Law Firm, P.A.",,(704) 312-9488,,https://www.downerlaw.com/?utm_source=GBP&utm_medium=GBP&utm_campaign=GBP_Charlotte&utm_id=GBP_Charlotte,"1410 W Morehead St #200, Charlotte, NC 28208, USA",Charlotte NC,4,221
Brown Moore & Associates P.L.L.C.,,(704) 335-1500,,https://www.brownmoorelaw.com/,"930 East Blvd, Charlotte, NC 28203, USA",Charlotte NC,4.4,53
Tippens and Zurosky,,(704) 343-0018,,https://www.tandzlaw.com/,"1120 Pearl Park Wy Ste 400, Charlotte, NC 28204, USA",Charlotte NC,4.5,314
Grandy & Martin PA,,(704) 377-2400,,https://www.grandyandmartin.com/?utm_source=google&utm_medium=organic&utm_campaign=GoogleMyBusiness,"115 E Park Ave Unit G, Charlotte, NC 28203, USA",Charlotte NC,4.9,35
Maginnis Howard Charlotte,,(704) 376-1911,,https://www.carolinalaw.com/charlotte-personal-injury/?utm_source=google&utm_medium=organic&utm_campaign=GBP_Charlotte,"6842 Carnegie Blvd Ste 100, Charlotte, NC 28211, USA",Charlotte NC,4.6,42
Charlotte NC Car Accident Lawyers Group,,(980) 239-2275,,https://charlottenccaraccidentlawyers.com/?utm_source=google&utm_medium=organic&utm_campaign=gbp,"7421 Carmel Executive Park Dr Ste 212, Charlotte, NC 28226, USA",Charlotte NC,5,17
Accident Lawyers of Charlotte,,(980) 350-1223,,https://nccaraccidentlawyers.com/?utm_source=google&utm_medium=organic&utm_campaign=gbp_charlotte,"601 East Blvd Suite 100-A, Charlotte, NC 28203, USA",Charlotte NC,5,4
DeBrun & Armstrong Law,,(704) 405-5505,,https://debrunarmstronglaw.com/,"1512 E 4th St, Charlotte, NC 28204, USA",Charlotte NC,4.9,175
Auger & Auger Accident and Injury Lawyers,,(704) 387-5023,,https://www.augerlaw.com/charlotte-nc/personal-injury-lawyer/?utm_source=google&utm_medium=organic&utm_campaign=gbp-listing-charlotte,"10130 Mallard Creek Rd #300, Charlotte, NC 28262, USA",Charlotte NC,5,132
"Bradford Law, PLLC",,(980) 375-4653,,http://www.injuredcarolina.com/?utm_campaign=gmb,"3507 Monroe Rd, Charlotte, NC 28205, USA",Charlotte NC,5,20
Wilder Pantazis Law Group,,(704) 342-2243,,https://www.wilderlawgroup.com/?utm_source=gmb&utm_medium=website,"3501 Monroe Rd, Charlotte, NC 28205, USA",Charlotte NC,4.9,121
Hunter & Everage Personal Injury & Disability Attorneys,,(704) 377-9157,,https://www.hunter-everage.com/?utm_source=google&utm_medium=organic&utm_campaign=gbp_listing_charlotte,"5457 Monroe Rd, Charlotte, NC 28212, USA",Charlotte NC,4.7,204
"SeiferFlatow, PLLC",,(704) 512-0606,,https://seiferflatowlaw.com/,"2319 Crescent Ave, Charlotte, NC 28207, USA",Charlotte NC,4.9,734
"Olive, Sanchez & Associates, PLLC",,(704) 377-9222,,https://www.osa-law.com/,"200 Queens Rd #200, Charlotte, NC 28204, USA",Charlotte NC,5,667
"Law Office of W. Daniel Grist, PLLC",,(888) 778-3670,,https://www.gristlaw.com/?npcmp=dir:local:3434083:28209,"4523 Park Rd A103, Charlotte, NC 28209, USA",Charlotte NC,4.9,52
Joshua E. Palmer Law Firm,,(478) 397-5584,,https://attorneyjoshpalmer.com/,"101 S Tryon St Suite 600, Charlotte, NC 28280, USA",Charlotte NC,5,15
Auger & Auger Accident and Injury Lawyers,,(704) 586-9005,,https://www.augerlaw.com/charlotte-nc/personal-injury-lawyer/?utm_source=google&utm_medium=organic&utm_campaign=gbp-listing-charlotte,"15720 John J Delaney Dr #300, Charlotte, NC 28277, USA",Charlotte NC,5,120
